Application,ProcessID,SwapChainAddress,PresentRuntime,SyncInterval,PresentFlags,AllowsTearing,PresentMode,TimeInMs,MsBetweenSimulationStart,MsBetweenPresents,MsBetweenDisplayChange,MsInPresentAPI,MsRenderPresentLatency,MsUntilDisplayed,CPUStartTimeInMs,MsBetweenAppStart,MsCPUBusy,MsCPUWait,MsGPULatency,MsGPUTime,MsGPUBusy,MsGPUWait,MsAnimationError,AnimationTime,MsFlipDelay,MsAllInputToPhotonLatency,MsClickToPhotonLatency
dwm.exe,2752,0x0,Other,-1,0,0,Hardware: Legacy Flip,11.5588,NA,3.66850000000000,4.15940000000000,0.00000000000000,0.16820000000000,3.4105,7.8903,3.6685,3.6685,0.0000,0.1681,3.6686,0.3560,3.3126,3.2100,7.8903,NA,NA,NA
dwm.exe,2752,0x0,Other,-1,0,0,Hardware: Legacy Flip,15.6908,NA,4.13200000000000,4.16430000000000,0.00000000000000,0.18050000000000,3.4428,11.5588,4.1320,4.1320,0.0000,0.1682,4.1443,0.3671,3.7772,-0.4958,11.5588,NA,NA,NA
dwm.exe,2752,0x0,Other,-1,0,0,Hardware: Legacy Flip,19.8040,NA,4.11320000000000,4.16560000000000,0.00000000000000,0.19810000000000,3.4952,15.6908,4.1132,4.1132,0.0000,0.1805,4.1308,0.3612,3.7696,-0.0336,15.6908,NA,NA,NA
dwm.exe,2752,0x0,Other,-1,0,0,Hardware: Legacy Flip,24.0519,NA,4.24790000000000,4.17700000000000,0.00000000000000,0.20800000000000,3.4243,19.8040,4.2479,4.2479,0.0000,0.1981,4.2578,0.3717,3.8861,-0.0638,19.8040,NA,NA,NA
dwm.exe,2752,0x0,Other,-1,0,0,Hardware: Legacy Flip,28.1275,NA,4.07560000000000,4.17770000000000,0.00000000000000,0.19500000000000,3.5264,24.0519,4.0756,4.0756,0.0000,0.2080,4.0626,0.3593,3.7033,0.0702,24.0519,NA,NA,NA
dwm.exe,2752,0x0,Other,-1,0,0,Hardware: Legacy Flip,32.3385,NA,4.21100000000000,4.16700000000000,0.00000000000000,0.20470000000000,3.4824,28.1275,4.2110,4.2110,0.0000,0.1950,4.2207,0.3746,3.8461,-0.0914,28.1275,NA,NA,NA
dwm.exe,2752,0x0,Other,-1,0,0,Hardware: Legacy Flip,36.7217,NA,4.38320000000000,4.17040000000000,0.00000000000000,0.20180000000000,3.2696,32.3385,4.3832,4.3832,0.0000,0.2047,4.3803,0.3738,4.0065,0.0406,32.3385,NA,NA,NA
dwm.exe,2752,0x0,Other,-1,0,0,Hardware: Legacy Flip,40.6809,NA,3.95920000000000,4.15450000000000,0.00000000000000,0.19610000000000,3.4649,36.7217,3.9592,3.9592,0.0000,0.2018,3.9535,0.3633,3.5902,0.2287,36.7217,NA,NA,NA
dwm.exe,2752,0x0,Other,-1,0,0,Hardware: Legacy Flip,44.7842,NA,4.10330000000000,4.17750000000000,0.00000000000000,0.19900000000000,3.5391,40.6809,4.1033,4.1033,0.0000,0.1961,4.1062,0.3603,3.7459,-0.2183,40.6809,NA,NA,NA
dwm.exe,2752,0x0,Other,-1,0,0,Hardware: Legacy Flip,49.0057,NA,4.22150000000000,4.15260000000000,0.00000000000000,0.18860000000000,3.4702,44.7842,4.2215,4.2215,0.0000,0.1990,4.2111,0.3641,3.8470,-0.0493,44.7842,NA,NA,NA
dwm.exe,2752,0x0,Other,-1,0,0,Hardware: Legacy Flip,53.1728,NA,4.16710000000000,4.16910000000000,0.00000000000000,0.17390000000000,3.4722,49.0057,4.1671,4.1671,0.0000,0.1886,4.1524,0.3587,3.7937,0.0524,49.0057,NA,NA,NA
dwm.exe,2752,0x0,Other,-1,0,0,Hardware: Legacy Flip,57.2809,NA,4.10810000000000,4.16610000000000,0.00000000000000,0.19180000000000,3.5302,53.1728,4.1081,4.1081,0.0000,0.1739,4.1260,0.3516,3.7744,0.0010,53.1728,NA,NA,NA
dwm.exe,2752,0x0,Other,-1,0,0,Hardware: Legacy Flip,61.5445,NA,4.26360000000000,4.17590000000000,0.00000000000000,0.21470000000000,3.4425,57.2809,4.2636,4.2636,0.0000,0.1918,4.2865,0.3813,3.9052,-0.0678,57.2809,NA,NA,NA
dwm.exe,2752,0x0,Other,-1,0,0,Hardware: Legacy Flip,65.7646,NA,4.22010000000000,4.16620000000000,0.00000000000000,0.18600000000000,3.3886,61.5445,4.2201,4.2201,0.0000,0.2147,4.1914,0.3608,3.8306,0.0974,61.5445,NA,NA,NA
dwm.exe,2752,0x0,Other,-1,0,0,Hardware: Legacy Flip,69.8858,NA,4.12120000000000,4.15170000000000,0.00000000000000,0.21640000000000,3.4191,65.7646,4.1212,4.1212,0.0000,0.1860,4.1516,0.3759,3.7757,0.0684,65.7646,NA,NA,NA
dwm.exe,2752,0x0,Other,-1,0,0,Hardware: Legacy Flip,73.9887,NA,4.10290000000000,4.15900000000000,0.00000000000000,0.17730000000000,3.4752,69.8858,4.1029,4.1029,0.0000,0.2164,4.0638,0.3413,3.7225,-0.0378,69.8858,NA,NA,NA
dwm.exe,2752,0x0,Other,-1,0,0,Hardware: Legacy Flip,78.1857,NA,4.19700000000000,4.19340000000000,0.00000000000000,0.18400000000000,3.4716,73.9887,4.1970,4.1970,0.0000,0.1773,4.2037,0.3685,3.8352,-0.0905,73.9887,NA,NA,NA
dwm.exe,2752,0x0,Other,-1,0,0,Hardware: Legacy Flip,82.2907,NA,4.10500000000000,4.14560000000000,0.00000000000000,0.20250000000000,3.5122,78.1857,4.1050,4.1050,0.0000,0.1840,4.1235,0.3500,3.7735,0.0514,78.1857,NA,NA,NA
dwm.exe,2752,0x0,Other,-1,0,0,Hardware: Legacy Flip,86.4552,NA,4.16450000000000,4.17350000000000,0.00000000000000,0.20200000000000,3.5212,82.2907,4.1645,4.1645,0.0000,0.2025,4.1640,0.3616,3.8024,-0.0685,82.2907,NA,NA,NA
dwm.exe,2752,0x0,Other,-1,0,0,Hardware: Legacy Flip,90.8882,NA,4.43300000000000,4.17070000000000,0.00000000000000,0.22810000000000,3.2589,86.4552,4.4330,4.4330,0.0000,0.2020,4.4591,0.3868,4.0723,-0.0062,86.4552,NA,NA,NA
dwm.exe,2752,0x0,Other,-1,0,0,Hardware: Legacy Flip,94.7892,NA,3.90100000000000,4.17560000000000,0.00000000000000,0.21350000000000,3.5335,90.8882,3.9010,3.9010,0.0000,0.2281,3.8864,0.3532,3.5332,0.2574,90.8882,NA,NA,NA
dwm.exe,2752,0x0,Other,-1,0,0,Hardware: Legacy Flip,99.3883,NA,4.59910000000000,4.16340000000000,0.00000000000000,0.15060000000000,3.0978,94.7892,4.5991,4.5991,0.0000,0.2135,4.5362,0.3701,4.1661,-0.2624,94.7892,NA,NA,NA
dwm.exe,2752,0x0,Other,-1,0,0,Hardware: Legacy Flip,103.2985,NA,3.91020000000000,4.15970000000000,0.00000000000000,0.18210000000000,3.3473,99.3883,3.9102,3.9102,0.0000,0.1506,3.9417,0.3617,3.5800,0.4394,99.3883,NA,NA,NA
dwm.exe,2752,0x0,Other,-1,0,0,Hardware: Legacy Flip,107.3513,NA,4.05280000000000,4.16850000000000,0.00000000000000,0.18640000000000,3.4630,103.2985,4.0528,4.0528,0.0000,0.1821,4.0571,0.3460,3.7111,-0.2583,103.2985,NA,NA,NA
dwm.exe,2752,0x0,Other,-1,0,0,Hardware: Legacy Flip,111.6579,NA,4.30660000000000,4.16350000000000,0.00000000000000,0.15590000000000,3.3199,107.3513,4.3066,4.3066,0.0000,0.1864,4.2761,0.3752,3.9009,-0.1107,107.3513,NA,NA,NA
dwm.exe,2752,0x0,Other,-1,0,0,Hardware: Legacy Flip,115.9257,NA,4.26780000000000,4.16890000000000,0.00000000000000,0.22770000000000,3.2210,111.6579,4.2678,4.2678,0.0000,0.1559,4.3396,0.3991,3.9405,0.1377,111.6579,NA,NA,NA
dwm.exe,2752,0x0,Other,-1,0,0,Hardware: Legacy Flip,119.8345,NA,3.90880000000000,4.15980000000000,0.00000000000000,0.19220000000000,3.4720,115.9257,3.9088,3.9088,0.0000,0.2277,3.8733,0.3372,3.5361,0.1080,115.9257,NA,NA,NA
dwm.exe,2752,0x0,Other,-1,0,0,Hardware: Legacy Flip,124.3020,NA,4.46750000000000,4.18130000000000,0.00000000000000,0.18380000000000,3.1858,119.8345,4.4675,4.4675,0.0000,0.1922,4.4591,0.3507,4.1084,-0.2725,119.8345,NA,NA,NA
dwm.exe,2752,0x0,Other,-1,0,0,Hardware: Legacy Flip,128.1611,NA,3.85910000000000,4.16100000000000,0.00000000000000,0.19400000000000,3.4877,124.3020,3.8591,3.8591,0.0000,0.1838,3.8693,0.3615,3.5078,0.3065,124.3020,NA,NA,NA
dwm.exe,2752,0x0,Other,-1,0,0,Hardware: Legacy Flip,132.4449,NA,4.28380000000000,4.15820000000000,0.00000000000000,0.21060000000000,3.3621,128.1611,4.2838,4.2838,0.0000,0.1940,4.3004,0.3673,3.9331,-0.2991,128.1611,NA,NA,NA
dwm.exe,2752,0x0,Other,-1,0,0,Hardware: Legacy Flip,136.4852,NA,4.04030000000000,4.17320000000000,0.00000000000000,0.19670000000000,3.4950,132.4449,4.0403,4.0403,0.0000,0.2106,4.0264,0.3624,3.6640,0.1106,132.4449,NA,NA,NA
dwm.exe,2752,0x0,Other,-1,0,0,Hardware: Legacy Flip,140.7423,NA,4.25710000000000,4.17500000000000,0.00000000000000,0.17220000000000,3.4129,136.4852,4.2571,4.2571,0.0000,0.1967,4.2326,0.3506,3.8820,-0.1347,136.4852,NA,NA,NA
dwm.exe,2752,0x0,Other,-1,0,0,Hardware: Legacy Flip,145.0045,NA,4.26220000000000,4.15940000000000,0.00000000000000,0.20360000000000,3.3101,140.7423,4.2622,4.2622,0.0000,0.1722,4.2936,0.3811,3.9125,0.0977,140.7423,NA,NA,NA
dwm.exe,2752,0x0,Other,-1,0,0,Hardware: Legacy Flip,149.0741,NA,4.06960000000000,4.16340000000000,0.00000000000000,0.17860000000000,3.4039,145.0045,4.0696,4.0696,0.0000,0.2036,4.0446,0.3597,3.6849,0.0988,145.0045,NA,NA,NA
dwm.exe,2752,0x0,Other,-1,0,0,Hardware: Legacy Flip,153.1663,NA,4.09220000000000,4.18220000000000,0.00000000000000,0.19590000000000,3.4939,149.0741,4.0922,4.0922,0.0000,0.1786,4.1095,0.3577,3.7518,-0.1126,149.0741,NA,NA,NA
dwm.exe,2752,0x0,Other,-1,0,0,Hardware: Legacy Flip,157.3125,NA,4.14620000000000,4.14420000000000,0.00000000000000,0.21530000000000,3.4919,153.1663,4.1462,4.1462,0.0000,0.1959,4.1656,0.3869,3.7787,-0.0520,153.1663,NA,NA,NA
dwm.exe,2752,0x0,Other,-1,0,0,Hardware: Legacy Flip,161.5023,NA,4.18980000000000,4.16520000000000,0.00000000000000,0.18320000000000,3.4673,157.3125,4.1898,4.1898,0.0000,0.2153,4.1577,0.3518,3.8059,-0.0190,157.3125,NA,NA,NA
dwm.exe,2752,0x0,Other,-1,0,0,Hardware: Legacy Flip,165.5992,NA,4.09690000000000,4.17620000000000,0.00000000000000,0.21310000000000,3.5466,161.5023,4.0969,4.0969,0.0000,0.1832,4.1268,0.3605,3.7663,0.0136,161.5023,NA,NA,NA
dwm.exe,2752,0x0,Other,-1,0,0,Hardware: Legacy Flip,169.7476,NA,4.14840000000000,4.18100000000000,0.00000000000000,0.21420000000000,3.5792,165.5992,4.1484,4.1484,0.0000,0.2131,4.1495,0.3651,3.7844,-0.0841,165.5992,NA,NA,NA
dwm.exe,2752,0x0,Other,-1,0,0,Hardware: Legacy Flip,174.2081,NA,4.46050000000000,4.16150000000000,0.00000000000000,0.16970000000000,3.2802,169.7476,4.4605,4.4605,0.0000,0.2142,4.4160,0.3784,4.0376,-0.0131,169.7476,NA,NA,NA
dwm.exe,2752,0x0,Other,-1,0,0,Hardware: Legacy Flip,178.2608,NA,4.05270000000000,4.16930000000000,0.00000000000000,0.20980000000000,3.3968,174.2081,4.0527,4.0527,0.0000,0.1697,4.0928,0.3862,3.7066,0.2912,174.2081,NA,NA,NA
dwm.exe,2752,0x0,Other,-1,0,0,Hardware: Legacy Flip,182.3954,NA,4.13460000000000,4.16360000000000,0.00000000000000,0.19430000000000,3.4258,178.2608,4.1346,4.1346,0.0000,0.2098,4.1191,0.3720,3.7471,-0.1109,178.2608,NA,NA,NA
dwm.exe,2752,0x0,Other,-1,0,0,Hardware: Legacy Flip,186.4869,NA,4.09150000000000,4.16220000000000,0.00000000000000,0.18750000000000,3.4965,182.3954,4.0915,4.0915,0.0000,0.1943,4.0847,0.3681,3.7166,-0.0276,182.3954,NA,NA,NA
dwm.exe,2752,0x0,Other,-1,0,0,Hardware: Legacy Flip,190.5907,NA,4.10380000000000,4.16750000000000,0.00000000000000,0.20880000000000,3.5602,186.4869,4.1038,4.1038,0.0000,0.1875,4.1251,0.3678,3.7573,-0.0760,186.4869,NA,NA,NA
dwm.exe,2752,0x0,Other,-1,0,0,Hardware: Legacy Flip,194.8437,NA,4.25300000000000,4.16180000000000,0.00000000000000,0.19720000000000,3.4690,190.5907,4.2530,4.2530,0.0000,0.2088,4.2414,0.3634,3.8780,-0.0580,190.5907,NA,NA,NA
dwm.exe,2752,0x0,Other,-1,0,0,Hardware: Legacy Flip,199.3306,NA,4.48690000000000,4.15650000000000,0.00000000000000,0.18200000000000,3.1386,194.8437,4.4869,4.4869,0.0000,0.1972,4.4717,0.4027,4.0690,0.0965,194.8437,NA,NA,NA
dwm.exe,2752,0x0,Other,-1,0,0,Hardware: Legacy Flip,203.2090,NA,3.87840000000000,4.17890000000000,0.00000000000000,0.19550000000000,3.4391,199.3306,3.8784,3.8784,0.0000,0.1820,3.8919,0.3570,3.5349,0.3080,199.3306,NA,NA,NA
dwm.exe,2752,0x0,Other,-1,0,0,Hardware: Legacy Flip,207.4160,NA,4.20700000000000,4.16980000000000,0.00000000000000,0.17800000000000,3.4019,203.2090,4.2070,4.2070,0.0000,0.1955,4.1895,0.3504,3.8391,-0.2914,203.2090,NA,NA,NA
dwm.exe,2752,0x0,Other,-1,0,0,Hardware: Legacy Flip,211.5176,NA,4.10160000000000,4.15030000000000,0.00000000000000,0.18250000000000,3.4506,207.4160,4.1016,4.1016,0.0000,0.1780,4.1061,0.3691,3.7370,0.0567,207.4160,NA,NA,NA
dwm.exe,2752,0x0,Other,-1,0,0,Hardware: Legacy Flip,215.6484,NA,4.13080000000000,4.19050000000000,0.00000000000000,0.18780000000000,3.5103,211.5176,4.1308,4.1308,0.0000,0.1825,4.1361,0.3525,3.7836,-0.0889,211.5176,NA,NA,NA
dwm.exe,2752,0x0,Other,-1,0,0,Hardware: Legacy Flip,219.8720,NA,4.22360000000000,4.15660000000000,0.00000000000000,0.19100000000000,3.4433,215.6484,4.2236,4.2236,0.0000,0.1878,4.2268,0.3849,3.8419,-0.0258,215.6484,NA,NA,NA
dwm.exe,2752,0x0,Other,-1,0,0,Hardware: Legacy Flip,224.2313,NA,4.35930000000000,4.14980000000000,0.00000000000000,0.17040000000000,3.2338,219.8720,4.3593,4.3593,0.0000,0.1910,4.3387,0.3379,4.0008,0.0738,219.8720,NA,NA,NA
dwm.exe,2752,0x0,Other,-1,0,0,Hardware: Legacy Flip,227.8348,NA,3.60350000000000,4.18270000000000,0.00000000000000,0.15620000000000,3.8130,224.2313,3.6035,3.6035,0.0000,0.1704,3.5893,0.3167,3.2726,0.1766,224.2313,NA,NA,NA
dwm.exe,2752,0x0,Other,-1,0,0,Hardware: Legacy Flip,236.5730,NA,8.73820000000000,8.34170000000000,0.00000000000000,0.09360000000000,3.4165,227.8348,8.7382,8.7382,0.0000,0.1562,8.6756,0.3359,8.3397,-4.7382,227.8348,NA,NA,NA
dwm.exe,2752,0x0,Other,-1,0,0,Hardware: Legacy Flip,297.7788,NA,61.20580000000000,58.32470000000000,0.00000000000000,0.01870000000000,0.5354,236.5730,61.2058,61.2058,0.0000,0.0936,61.1309,0.2491,60.8818,-49.5865,236.5730,NA,NA,NA
dwm.exe,2752,0x0,Other,-1,0,0,Hardware: Legacy Flip,332.2340,NA,34.45520000000000,37.50430000000000,0.00000000000000,0.01320000000000,3.5845,297.7788,34.4552,34.4552,0.0000,0.0187,34.4497,0.1778,34.2719,23.7015,297.7788,NA,NA,NA
dwm.exe,2752,0x0,Other,-1,0,0,Hardware: Legacy Flip,344.6615,NA,12.42750000000000,12.49570000000000,0.00000000000000,0.03340000000000,3.6527,332.2340,12.4275,12.4275,0.0000,0.0132,12.4477,0.1894,12.2583,21.9595,332.2340,NA,NA,NA
dwm.exe,2752,0x0,Other,-1,0,0,Hardware: Legacy Flip,422.3947,NA,77.73320000000000,75.00210000000000,0.00000000000000,0.01760000000000,0.9216,344.6615,77.7332,77.7332,0.0000,0.0334,77.7174,0.2832,77.4342,-62.5746,344.6615,NA,NA,NA
dwm.exe,2752,0x0,Other,-1,0,0,Hardware: Legacy Flip,440.8910,NA,18.49630000000000,20.83480000000000,0.00000000000000,0.01800000000000,3.2601,422.3947,18.4963,18.4963,0.0000,0.0176,18.4967,0.2094,18.2873,56.8984,422.3947,NA,NA,NA
dwm.exe,2752,0x0,Other,-1,0,0,Hardware: Legacy Flip,453.3257,NA,12.43470000000000,12.49210000000000,0.00000000000000,0.02020000000000,3.3175,440.8910,12.4347,12.4347,0.0000,0.0180,12.4369,0.2072,12.2297,6.0042,440.8910,NA,NA,NA
dwm.exe,2752,0x0,Other,-1,0,0,Hardware: Legacy Flip,486.6777,NA,33.35200000000000,33.33030000000000,0.00000000000000,0.11700000000000,3.2958,453.3257,33.3520,33.3520,0.0000,0.0202,33.4488,0.3068,33.1420,-20.8956,453.3257,NA,NA,NA
dwm.exe,2752,0x0,Other,-1,0,0,Hardware: Legacy Flip,518.4440,NA,31.76630000000000,29.16740000000000,0.00000000000000,0.01860000000000,0.6969,486.6777,31.7663,31.7663,0.0000,0.1170,31.6679,0.1758,31.4921,4.1846,486.6777,NA,NA,NA
dwm.exe,2752,0x0,Other,-1,0,0,Hardware: Legacy Flip,519.7095,NA,1.26550000000000,4.17710000000000,0.00000000000000,0.06020000000000,3.6085,518.4440,1.2655,1.2655,0.0000,0.0186,1.3071,0.1702,1.1369,27.5892,518.4440,NA,NA,NA
dwm.exe,2752,0x0,Other,-1,0,0,Hardware: Legacy Flip,530.9704,NA,11.26090000000000,8.33790000000000,0.00000000000000,0.01900000000000,0.6855,519.7095,11.2609,11.2609,0.0000,0.0602,11.2197,0.2479,10.9718,-7.0724,519.7095,NA,NA,NA
dwm.exe,2752,0x0,Other,-1,0,0,Hardware: Legacy Flip,536.4583,NA,5.48790000000000,8.32840000000000,0.00000000000000,0.01720000000000,3.5260,530.9704,5.4879,5.4879,0.0000,0.0190,5.4861,0.2778,5.2083,2.9325,530.9704,NA,NA,NA
dwm.exe,2752,0x0,Other,-1,0,0,Hardware: Legacy Flip,549.1581,NA,12.69980000000000,12.49900000000000,0.00000000000000,0.01540000000000,3.3252,536.4583,12.6998,12.6998,0.0000,0.0172,12.6980,0.2509,12.4471,-7.0111,536.4583,NA,NA,NA
dwm.exe,2752,0x0,Other,-1,0,0,Hardware: Legacy Flip,565.8535,NA,16.69540000000000,16.66890000000000,0.00000000000000,0.01700000000000,3.2987,549.1581,16.6954,16.6954,0.0000,0.0154,16.6970,0.1951,16.5019,-3.9691,549.1581,NA,NA,NA
dwm.exe,2752,0x0,Other,-1,0,0,Hardware: Legacy Flip,640.0551,NA,74.20160000000000,75.00400000000000,0.00000000000000,0.12130000000000,4.1011,565.8535,74.2016,74.2016,0.0000,0.0170,74.3059,0.4466,73.8593,-58.3086,565.8535,NA,NA,NA
dwm.exe,2752,0x0,Other,-1,0,0,Hardware: Legacy Flip,657.5381,NA,17.48300000000000,16.68130000000000,0.00000000000000,0.01780000000000,3.2994,640.0551,17.4830,17.4830,0.0000,0.1213,17.3795,0.1948,17.1847,57.5203,640.0551,NA,NA,NA
dwm.exe,2752,0x0,Other,-1,0,0,Hardware: Legacy Flip,673.9552,NA,16.41710000000000,16.63780000000000,0.00000000000000,0.01220000000000,3.5201,657.5381,16.4171,16.4171,0.0000,0.0178,16.4115,0.1366,16.2749,0.8452,657.5381,NA,NA,NA
dwm.exe,2752,0x0,Other,-1,0,0,Hardware: Legacy Flip,748.9591,NA,75.00390000000000,75.01309999999999,0.00000000000000,0.02960000000000,3.5293,673.9552,75.0039,75.0039,0.0000,0.0122,75.0213,0.2052,74.8161,-58.5960,673.9552,NA,NA,NA
dwm.exe,2752,0x0,Other,-1,0,0,Hardware: Legacy Flip,765.5084,NA,16.54930000000000,16.66740000000000,0.00000000000000,0.04470000000000,3.6474,748.9591,16.5493,16.5493,0.0000,0.0296,16.5644,0.2197,16.3447,58.3365,748.9591,NA,NA,NA
dwm.exe,2752,0x0,Other,-1,0,0,Hardware: Legacy Flip,782.5344,NA,17.02600000000000,16.66060000000000,0.00000000000000,0.01690000000000,3.2820,765.5084,17.0260,17.0260,0.0000,0.0447,16.9982,0.3134,16.6848,-0.1113,765.5084,NA,NA,NA
dwm.exe,2752,0x0,Other,-1,0,0,Hardware: Legacy Flip,815.9349,NA,33.40050000000000,33.33920000000000,0.00000000000000,0.11680000000000,3.2207,782.5344,33.4005,33.4005,0.0000,0.0169,33.5004,0.3134,33.1870,-16.3132,782.5344,NA,NA,NA
dwm.exe,2752,0x0,Other,-1,0,0,Hardware: Legacy Flip,853.6467,NA,37.71180000000000,37.49580000000000,0.00000000000000,0.01890000000000,3.0047,815.9349,37.7118,37.7118,0.0000,0.1168,37.6139,0.1940,37.4199,-4.0953,815.9349,NA,NA,NA
dwm.exe,2752,0x0,Other,-1,0,0,Hardware: Legacy Flip,874.2084,NA,20.56170000000000,20.84250000000000,0.00000000000000,0.01720000000000,3.2855,853.6467,20.5617,20.5617,0.0000,0.0189,20.5600,0.2242,20.3358,16.8693,853.6467,NA,NA,NA
dwm.exe,2752,0x0,Other,-1,0,0,Hardware: Legacy Flip,890.8955,NA,16.68710000000000,16.66290000000000,0.00000000000000,0.01790000000000,3.2613,874.2084,16.6871,16.6871,0.0000,0.0172,16.6878,0.2051,16.4827,3.8988,874.2084,NA,NA,NA
dwm.exe,2752,0x0,Other,-1,0,0,Hardware: Legacy Flip,966.5989,NA,75.70340000000000,75.00900000000000,0.00000000000000,0.06080000000000,2.5669,890.8955,75.7034,75.7034,0.0000,0.0179,75.7463,0.1738,75.5725,-58.3219,890.8955,NA,NA,NA
dwm.exe,2752,0x0,Other,-1,0,0,Hardware: Legacy Flip,982.5567,NA,15.95780000000000,16.67750000000000,0.00000000000000,0.01710000000000,3.2866,966.5989,15.9578,15.9578,0.0000,0.0608,15.9141,0.2520,15.6621,59.0259,966.5989,NA,NA,NA
dwm.exe,2752,0x0,Other,-1,0,0,Hardware: Legacy Flip,998.9571,NA,16.40040000000000,16.65690000000000,0.00000000000000,0.02420000000000,3.5431,982.5567,16.4004,16.4004,0.0000,0.0171,16.4075,0.1442,16.2633,-0.6991,982.5567,NA,NA,NA
dwm.exe,2752,0x0,Other,-1,0,0,Hardware: Legacy Flip,1015.5105,NA,16.55340000000000,16.67490000000000,0.00000000000000,0.04990000000000,3.6646,998.9571,16.5534,16.5534,0.0000,0.0242,16.5791,0.2782,16.3009,-0.2745,998.9571,NA,NA,NA
dwm.exe,2752,0x0,Other,-1,0,0,Hardware: Legacy Flip,1040.6268,NA,25.11630000000000,25.00840000000000,0.00000000000000,0.01580000000000,3.5567,1015.5105,25.1163,25.1163,0.0000,0.0499,25.0822,0.2301,24.8521,-8.4550,1015.5105,NA,NA,NA
dwm.exe,2752,0x0,Other,-1,0,0,Hardware: Legacy Flip,1044.7930,NA,4.16620000000000,4.16090000000000,0.00000000000000,0.03730000000000,3.5514,1040.6268,4.1662,4.1662,0.0000,0.0158,4.1877,0.1671,4.0206,20.9554,1040.6268,NA,NA,NA
dwm.exe,2752,0x0,Other,-1,0,0,Hardware: Legacy Flip,1076.1014,NA,31.30840000000000,29.14880000000000,0.00000000000000,0.01790000000000,1.3918,1044.7930,31.3084,31.3084,0.0000,0.0373,31.2890,0.2513,31.0377,-24.9826,1044.7930,NA,NA,NA
dwm.exe,2752,0x0,Other,-1,0,0,Hardware: Legacy Flip,1095.0165,NA,18.91510000000000,20.83470000000000,0.00000000000000,0.01720000000000,3.3114,1076.1014,18.9151,18.9151,0.0000,0.0179,18.9144,0.2270,18.6874,10.4737,1076.1014,NA,NA,NA
dwm.exe,2752,0x0,Other,-1,0,0,Hardware: Legacy Flip,1107.5540,NA,12.53750000000000,12.51640000000000,0.00000000000000,0.12540000000000,3.2903,1095.0165,12.5375,12.5375,0.0000,0.0172,12.6457,0.3236,12.3221,6.3987,1095.0165,NA,NA,NA
dwm.exe,2752,0x0,Other,-1,0,0,Hardware: Legacy Flip,1184.9835,NA,77.42950000000000,74.98590000000000,0.00000000000000,0.01760000000000,0.8467,1107.5540,77.4295,77.4295,0.0000,0.1254,77.3217,0.2130,77.1087,-62.4484,1107.5540,NA,NA,NA
dwm.exe,2752,0x0,Other,-1,0,0,Hardware: Legacy Flip,1186.4706,NA,1.48710000000000,4.17270000000000,0.00000000000000,0.04260000000000,3.5323,1184.9835,1.4871,1.4871,0.0000,0.0176,1.5121,0.1638,1.3483,73.2568,1184.9835,NA,NA,NA
dwm.exe,2752,0x0,Other,-1,0,0,Hardware: Legacy Flip,1203.3484,NA,16.87780000000000,16.66950000000000,0.00000000000000,0.01830000000000,3.3240,1186.4706,16.8778,16.8778,0.0000,0.0426,16.8535,0.2299,16.6236,-15.1824,1186.4706,NA,NA,NA
dwm.exe,2752,0x0,Other,-1,0,0,Hardware: Legacy Flip,1215.8068,NA,12.45840000000000,12.49030000000000,0.00000000000000,0.01600000000000,3.3559,1203.3484,12.4584,12.4584,0.0000,0.0183,12.4561,0.2027,12.2534,4.3875,1203.3484,NA,NA,NA
dwm.exe,2752,0x0,Other,-1,0,0,Hardware: Legacy Flip,1293.7498,NA,77.94300000000000,75.01070000000000,0.00000000000000,0.01790000000000,0.4236,1215.8068,77.9430,77.9430,0.0000,0.0160,77.9449,0.2183,77.7266,-62.5523,1215.8068,NA,NA,NA
dwm.exe,2752,0x0,Other,-1,0,0,Hardware: Legacy Flip,1299.0564,NA,5.30660000000000,8.32480000000000,0.00000000000000,0.01580000000000,3.4418,1293.7498,5.3066,5.3066,0.0000,0.0179,5.3045,0.1688,5.1357,69.6182,1293.7498,NA,NA,NA
dwm.exe,2752,0x0,Other,-1,0,0,Hardware: Legacy Flip,1311.6353,NA,12.57890000000000,12.48970000000000,0.00000000000000,0.01620000000000,3.3526,1299.0564,12.5789,12.5789,0.0000,0.0158,12.5793,0.2363,12.3430,-7.1831,1299.0564,NA,NA,NA
dwm.exe,2752,0x0,Other,-1,0,0,Hardware: Legacy Flip,1328.5287,NA,16.89340000000000,16.66730000000000,0.00000000000000,0.08310000000000,3.1265,1311.6353,16.8934,16.8934,0.0000,0.0162,16.9603,0.2979,16.6624,-4.0884,1311.6353,NA,NA,NA
dwm.exe,2752,0x0,Other,-1,0,0,Hardware: Legacy Flip,1417.7750,NA,89.24630000000001,87.51800000000000,0.00000000000000,0.01860000000000,1.3982,1328.5287,89.2463,89.2463,0.0000,0.0831,89.1818,0.2145,88.9673,-70.6246,1328.5287,NA,NA,NA
dwm.exe,2752,0x0,Other,-1,0,0,Hardware: Legacy Flip,1419.7347,NA,1.95970000000000,4.15730000000000,0.00000000000000,0.02980000000000,3.5958,1417.7750,1.9597,1.9597,0.0000,0.0186,1.9709,0.1369,1.8340,85.0890,1417.7750,NA,NA,NA
dwm.exe,2752,0x0,Other,-1,0,0,Hardware: Legacy Flip,1436.7110,NA,16.97630000000000,16.66330000000000,0.00000000000000,0.13010000000000,3.2828,1419.7347,16.9763,16.9763,0.0000,0.0298,17.0766,0.3742,16.7024,-14.7036,1419.7347,NA,NA,NA
dwm.exe,2752,0x0,Other,-1,0,0,Hardware: Legacy Flip,1513.8343,NA,77.12330000000000,74.99720000000001,0.00000000000000,0.01760000000000,1.1567,1436.7110,77.1233,77.1233,0.0000,0.1301,77.0108,0.2081,76.8027,-58.0209,1436.7110,NA,NA,NA
dwm.exe,2752,0x0,Other,-1,0,0,Hardware: Legacy Flip,1515.6691,NA,1.83480000000000,4.16910000000000,0.00000000000000,0.02030000000000,3.4910,1513.8343,1.8348,1.8348,0.0000,0.0176,1.8375,0.1285,1.7090,72.9542,1513.8343,NA,NA,NA
dwm.exe,2752,0x0,Other,-1,0,0,Hardware: Legacy Flip,1526.7334,NA,11.06430000000000,8.35270000000000,0.00000000000000,0.03560000000000,0.7794,1515.6691,11.0643,11.0643,0.0000,0.0203,11.0796,0.2394,10.8402,-6.5179,1515.6691,NA,NA,NA
dwm.exe,2752,0x0,Other,-1,0,0,Hardware: Legacy Flip,1528.1046,NA,1.37120000000000,4.15400000000000,0.00000000000000,0.03700000000000,3.5622,1526.7334,1.3712,1.3712,0.0000,0.0356,1.3726,0.1902,1.1824,6.9103,1526.7334,NA,NA,NA
dwm.exe,2752,0x0,Other,-1,0,0,Hardware: Legacy Flip,1532.1104,NA,4.00580000000000,4.16910000000000,0.00000000000000,0.05060000000000,3.7255,1528.1046,4.0058,4.0058,0.0000,0.0370,4.0194,0.2037,3.8157,-2.7979,1528.1046,NA,NA,NA
dwm.exe,2752,0x0,Other,-1,0,0,Hardware: Legacy Flip,1548.7196,NA,16.60920000000000,16.66960000000000,0.00000000000000,0.02910000000000,3.7859,1532.1104,16.6092,16.6092,0.0000,0.0506,16.5877,0.1934,16.3943,-12.6638,1532.1104,NA,NA,NA
FlyingBird.exe,46456,0x1E2504FE000,DXGI,0,0,0,Composed: Copy with GPU GDI,1543.9867,NA,1011.05709999999999,1012.52120000000002,0.07510000000000,0.41220000000000,8.5188,532.9970,1011.0648,1010.9897,0.0751,0.1946,1011.2073,0.4050,1010.8023,NA,532.9970,NA,NA,NA
dwm.exe,2752,0x0,Other,-1,0,0,Hardware: Legacy Flip,1561.7196,NA,13.00000000000000,12.49840000000000,0.00000000000000,0.01730000000000,3.2843,1548.7196,13.0000,13.0000,0.0000,0.0291,12.9882,0.2603,12.7279,4.1108,1548.7196,NA,NA,NA
dwm.exe,2752,0x0,Other,-1,0,0,Hardware: Legacy Flip,1635.8583,NA,74.13870000000000,75.00950000000000,0.00000000000000,0.02010000000000,4.1551,1561.7196,74.1387,74.1387,0.0000,0.0173,74.1415,0.2446,73.8969,-62.0095,1561.7196,NA,NA,NA
dwm.exe,2752,0x0,Other,-1,0,0,Hardware: Legacy Flip,1640.5806,NA,4.72230000000000,4.15630000000000,0.00000000000000,0.01750000000000,3.5891,1635.8583,4.7223,4.7223,0.0000,0.0201,4.7197,0.2199,4.4998,69.9824,1635.8583,NA,NA,NA
dwm.exe,2752,0x0,Other,-1,0,0,Hardware: Legacy Flip,1653.3490,NA,12.76840000000000,12.51250000000000,0.00000000000000,0.01700000000000,3.3332,1640.5806,12.7684,12.7684,0.0000,0.0175,12.7679,0.2074,12.5605,-7.7902,1640.5806,NA,NA,NA
dwm.exe,2752,0x0,Other,-1,0,0,Hardware: Legacy Flip,1744.3753,NA,91.02630000000001,91.69660000000000,0.00000000000000,0.01780000000000,4.0035,1653.3490,91.0263,91.0263,0.0000,0.0170,91.0271,0.2341,90.7930,-78.9282,1653.3490,NA,NA,NA
dwm.exe,2752,0x0,Other,-1,0,0,Hardware: Legacy Flip,1748.8520,NA,4.47670000000000,4.12630000000000,0.00000000000000,0.01560000000000,3.6531,1744.3753,4.4767,4.4767,0.0000,0.0178,4.4745,0.1534,4.3211,86.9000,1744.3753,NA,NA,NA
dwm.exe,2752,0x0,Other,-1,0,0,Hardware: Legacy Flip,1761.6248,NA,12.77280000000000,12.50130000000000,0.00000000000000,0.01990000000000,3.3816,1748.8520,12.7728,12.7728,0.0000,0.0156,12.7771,0.2282,12.5489,-8.0246,1748.8520,NA,NA,NA
dwm.exe,2752,0x0,Other,-1,0,0,Hardware: Legacy Flip,1853.2955,NA,91.67070000000000,91.65720000000000,0.00000000000000,0.12100000000000,3.3681,1761.6248,91.6707,91.6707,0.0000,0.0199,91.7718,0.3432,91.4286,-78.8844,1761.6248,NA,NA,NA
dwm.exe,2752,0x0,Other,-1,0,0,Hardware: Legacy Flip,1857.1878,NA,3.89230000000000,4.18430000000000,0.00000000000000,0.09340000000000,3.6601,1853.2955,3.8923,3.8923,0.0000,0.1210,3.8647,0.2119,3.6528,87.4864,1853.2955,NA,NA,NA
dwm.exe,2752,0x0,Other,-1,0,0,Hardware: Legacy Flip,1869.9758,NA,12.78800000000000,12.48250000000000,0.00000000000000,0.01640000000000,3.3546,1857.1878,12.7880,12.7880,0.0000,0.0934,12.7110,0.1963,12.5147,-8.5902,1857.1878,NA,NA,NA
dwm.exe,2752,0x0,Other,-1,0,0,Hardware: Legacy Flip,1961.6337,NA,91.65790000000000,91.67820000000000,0.00000000000000,0.01770000000000,3.3749,1869.9758,91.6579,91.6579,0.0000,0.0164,91.6592,0.2131,91.4461,-78.8902,1869.9758,NA,NA,NA
dwm.exe,2752,0x0,Other,-1,0,0,Hardware: Legacy Flip,1978.3530,NA,16.71930000000000,16.66680000000000,0.00000000000000,0.01750000000000,3.3224,1961.6337,16.7193,16.7193,0.0000,0.0177,16.7191,0.2215,16.4976,74.9911,1961.6337,NA,NA,NA
dwm.exe,2752,0x0,Other,-1,0,0,Hardware: Legacy Flip,2070.1614,NA,91.80840000000001,91.66910000000000,0.00000000000000,0.01810000000000,3.1831,1978.3530,91.8084,91.8084,0.0000,0.0175,91.8090,0.2233,91.5857,-74.9498,1978.3530,NA,NA,NA
dwm.exe,2752,0x0,Other,-1,0,0,Hardware: Legacy Flip,2086.9749,NA,16.81350000000000,16.67840000000000,0.00000000000000,0.09520000000000,3.0480,2070.1614,16.8135,16.8135,0.0000,0.0181,16.8906,0.3130,16.5776,75.1300,2070.1614,NA,NA,NA
dwm.exe,2752,0x0,Other,-1,0,0,Hardware: Legacy Flip,2179.1233,NA,92.14840000000000,91.67080000000000,0.00000000000000,0.05020000000000,2.5704,2086.9749,92.1484,92.1484,0.0000,0.0952,92.1034,0.2208,91.8826,-74.8573,2086.9749,NA,NA,NA
dwm.exe,2752,0x0,Other,-1,0,0,Hardware: Legacy Flip,2182.4918,NA,3.36850000000000,4.16310000000000,0.00000000000000,0.01200000000000,3.3650,2179.1233,3.3685,3.3685,0.0000,0.0502,3.3303,0.1504,3.1799,87.9853,2179.1233,NA,NA,NA
dwm.exe,2752,0x0,Other,-1,0,0,Hardware: Legacy Flip,2199.3078,NA,16.81600000000000,16.64890000000000,0.00000000000000,0.01770000000000,3.1979,2182.4918,16.8160,16.8160,0.0000,0.0120,16.8217,0.2528,16.5689,-13.2804,2182.4918,NA,NA,NA
dwm.exe,2752,0x0,Other,-1,0,0,Hardware: Legacy Flip,2287.9447,NA,88.63690000000000,87.51819999999999,0.00000000000000,0.02350000000000,2.0792,2199.3078,88.6369,88.6369,0.0000,0.0177,88.6427,0.2312,88.4115,-70.7022,2199.3078,NA,NA,NA
dwm.exe,2752,0x0,Other,-1,0,0,Hardware: Legacy Flip,2290.8452,NA,2.90050000000000,4.15540000000000,0.00000000000000,0.01830000000000,3.3341,2287.9447,2.9005,2.9005,0.0000,0.0235,2.8953,0.2380,2.6573,84.4815,2287.9447,NA,NA,NA
dwm.exe,2752,0x0,Other,-1,0,0,Hardware: Legacy Flip,2307.4342,NA,16.58900000000000,16.68680000000000,0.00000000000000,0.01720000000000,3.4319,2290.8452,16.5890,16.5890,0.0000,0.0183,16.5879,0.1483,16.4396,-13.7863,2290.8452,NA,NA,NA
dwm.exe,2752,0x0,Other,-1,0,0,Hardware: Legacy Flip,2399.2063,NA,91.77209999999999,91.64170000000000,0.00000000000000,0.01400000000000,3.3015,2307.4342,91.7721,91.7721,0.0000,0.0172,91.7689,0.2377,91.5312,-75.0527,2307.4342,NA,NA,NA
dwm.exe,2752,0x0,Other,-1,0,0,Hardware: Legacy Flip,2412.6597,NA,13.45340000000000,12.51010000000000,0.00000000000000,0.11850000000000,2.3582,2399.2063,13.4534,13.4534,0.0000,0.0140,13.5579,0.4192,13.1387,79.2620,2399.2063,NA,NA,NA
dwm.exe,2752,0x0,Other,-1,0,0,Hardware: Legacy Flip,2415.7392,NA,3.07950000000000,4.17410000000000,0.00000000000000,0.02110000000000,3.4528,2412.6597,3.0795,3.0795,0.0000,0.1185,2.9821,0.1274,2.8547,9.2793,2412.6597,NA,NA,NA
dwm.exe,2752,0x0,Other,-1,0,0,Hardware: Legacy Flip,2453.4063,NA,37.66710000000000,37.48480000000000,0.00000000000000,0.01730000000000,3.2705,2415.7392,37.6671,37.6671,0.0000,0.0211,37.6633,0.2550,37.4083,-34.4053,2415.7392,NA,NA,NA
dwm.exe,2752,0x0,Other,-1,0,0,Hardware: Legacy Flip,2507.5930,NA,54.18670000000000,54.18890000000000,0.00000000000000,0.12350000000000,3.2727,2453.4063,54.1867,54.1867,0.0000,0.0173,54.2929,0.3160,53.9769,-16.5218,2453.4063,NA,NA,NA
dwm.exe,2752,0x0,Other,-1,0,0,Hardware: Legacy Flip,2511.4225,NA,3.82950000000000,4.14220000000000,0.00000000000000,0.02230000000000,3.5854,2507.5930,3.8295,3.8295,0.0000,0.1235,3.7283,0.1866,3.5417,50.0445,2507.5930,NA,NA,NA
dwm.exe,2752,0x0,Other,-1,0,0,Hardware: Legacy Flip,2515.4742,NA,4.05170000000000,4.15840000000000,0.00000000000000,0.03390000000000,3.6921,2511.4225,4.0517,4.0517,0.0000,0.0223,4.0633,0.1852,3.8781,-0.3289,2511.4225,NA,NA,NA
dwm.exe,2752,0x0,Other,-1,0,0,Hardware: Legacy Flip,2521.0656,NA,5.59140000000000,4.19580000000000,0.00000000000000,0.06970000000000,2.2965,2515.4742,5.5914,5.5914,0.0000,0.0339,5.6272,0.2475,5.3797,-0.1441,2515.4742,NA,NA,NA
dwm.exe,2752,0x0,Other,-1,0,0,Hardware: Legacy Flip,2524.1857,NA,3.12010000000000,4.15810000000000,0.00000000000000,0.01260000000000,3.3345,2521.0656,3.1201,3.1201,0.0000,0.0697,3.0630,0.2054,2.8576,1.4333,2521.0656,NA,NA,NA
FlyingBird.exe,46456,0x1E2504FE000,DXGI,0,0,0,Composed: Copy with GPU GDI,1621.6055,NA,77.61879999999999,87.50790000000001,0.08410000000000,0.29710000000000,18.4079,1544.0618,77.6278,77.5437,0.0841,0.3398,77.5010,0.3829,77.1181,923.5569,1544.0618,NA,NA,NA
dwm.exe,2752,0x0,Other,-1,0,0,Hardware: Legacy Flip,2528.0837,NA,3.89800000000000,4.15140000000000,0.00000000000000,0.02610000000000,3.5879,2524.1857,3.8980,3.8980,0.0000,0.0126,3.9115,0.1983,3.7132,-1.0313,2524.1857,NA,NA,NA
dwm.exe,2752,0x0,Other,-1,0,0,Hardware: Legacy Flip,2599.2894,NA,71.20569999999999,70.85180000000000,0.00000000000000,0.01720000000000,3.2340,2528.0837,71.2057,71.2057,0.0000,0.0261,71.1968,0.2728,70.9240,-66.9538,2528.0837,NA,NA,NA
dwm.exe,2752,0x0,Other,-1,0,0,Hardware: Legacy Flip,2615.8665,NA,16.57710000000000,16.66020000000000,0.00000000000000,0.01690000000000,3.3171,2599.2894,16.5771,16.5771,0.0000,0.0172,16.5768,0.2004,16.3764,54.5455,2599.2894,NA,NA,NA
dwm.exe,2752,0x0,Other,-1,0,0,Hardware: Legacy Flip,2630.1724,NA,14.30590000000000,12.51240000000000,0.00000000000000,0.01860000000000,1.5236,2615.8665,14.3059,14.3059,0.0000,0.0169,14.3076,0.1868,14.1208,4.0647,2615.8665,NA,NA,NA
dwm.exe,2752,0x0,Other,-1,0,0,Hardware: Legacy Flip,2632.3315,NA,2.15910000000000,4.16580000000000,0.00000000000000,0.03640000000000,3.5303,2630.1724,2.1591,2.1591,0.0000,0.0186,2.1769,0.2610,1.9159,10.1401,2630.1724,NA,NA,NA
dwm.exe,2752,0x0,Other,-1,0,0,Hardware: Legacy Flip,2724.2399,NA,91.90840000000000,91.66719999999999,0.00000000000000,0.01720000000000,3.2891,2632.3315,91.9084,91.9084,0.0000,0.0364,91.8892,0.2725,91.6167,-89.5081,2632.3315,NA,NA,NA
dwm.exe,2752,0x0,Other,-1,0,0,Hardware: Legacy Flip,2738.5650,NA,14.32510000000000,12.50330000000000,0.00000000000000,0.02460000000000,1.4673,2724.2399,14.3251,14.3251,0.0000,0.0172,14.3325,0.1817,14.1508,79.4051,2724.2399,NA,NA,NA
dwm.exe,2752,0x0,Other,-1,0,0,Hardware: Legacy Flip,2740.7088,NA,2.14380000000000,4.15950000000000,0.00000000000000,0.02360000000000,3.4830,2738.5650,2.1438,2.1438,0.0000,0.0246,2.1428,0.1768,1.9660,10.1656,2738.5650,NA,NA,NA
dwm.exe,2752,0x0,Other,-1,0,0,Hardware: Legacy Flip,2832.5664,NA,91.85760000000001,91.65160000000000,0.00000000000000,0.11900000000000,3.2770,2740.7088,91.8576,91.8576,0.0000,0.0236,91.9530,0.3730,91.5800,-89.5078,2740.7088,NA,NA,NA
dwm.exe,2752,0x0,Other,-1,0,0,Hardware: Legacy Flip,2848.6930,NA,16.12660000000000,16.68810000000000,0.00000000000000,0.05590000000000,3.8385,2832.5664,16.1266,16.1266,0.0000,0.1190,16.0635,0.2069,15.8566,75.1695,2832.5664,NA,NA,NA
dwm.exe,2752,0x0,Other,-1,0,0,Hardware: Legacy Flip,2852.9630,NA,4.27000000000000,4.14150000000000,0.00000000000000,0.01500000000000,3.7100,2848.6930,4.2700,4.2700,0.0000,0.0559,4.2291,0.2283,4.0008,11.9851,2848.6930,NA,NA,NA
dwm.exe,2752,0x0,Other,-1,0,0,Hardware: Legacy Flip,2940.8885,NA,87.92550000000000,87.52270000000000,0.00000000000000,0.01690000000000,3.3072,2852.9630,87.9255,87.9255,0.0000,0.0150,87.9274,0.2436,87.6838,-83.2527,2852.9630,NA,NA,NA
dwm.exe,2752,0x0,Other,-1,0,0,Hardware: Legacy Flip,2957.4254,NA,16.53690000000000,16.67100000000000,0.00000000000000,0.01900000000000,3.4413,2940.8885,16.5369,16.5369,0.0000,0.0169,16.5390,0.1872,16.3518,71.2545,2940.8885,NA,NA,NA
dwm.exe,2752,0x0,Other,-1,0,0,Hardware: Legacy Flip,2971.6836,NA,14.25820000000000,12.51370000000000,0.00000000000000,0.02790000000000,1.6968,2957.4254,14.2582,14.2582,0.0000,0.0190,14.2671,0.2282,14.0389,4.0232,2957.4254,NA,NA,NA
dwm.exe,2752,0x0,Other,-1,0,0,Hardware: Legacy Flip,3053.4057,NA,81.72210000000000,83.30410000000001,0.00000000000000,0.11950000000000,3.2788,2971.6836,81.7221,81.7221,0.0000,0.0279,81.8137,0.3570,81.4567,-69.0459,2971.6836,NA,NA,NA
dwm.exe,2752,0x0,Other,-1,0,0,Hardware: Legacy Flip,3065.8633,NA,12.45760000000000,12.49380000000000,0.00000000000000,0.01560000000000,3.3150,3053.4057,12.4576,12.4576,0.0000,0.1195,12.3537,0.1626,12.1911,69.2283,3053.4057,NA,NA,NA
dwm.exe,2752,0x0,Other,-1,0,0,Hardware: Legacy Flip,3080.4770,NA,14.61370000000000,12.52070000000000,0.00000000000000,0.02190000000000,1.2220,3065.8633,14.6137,14.6137,0.0000,0.0156,14.6200,0.2080,14.4120,-0.0631,3065.8633,NA,NA,NA
dwm.exe,2752,0x0,Other,-1,0,0,Hardware: Legacy Flip,3128.3811,NA,47.90410000000000,49.99620000000000,0.00000000000000,0.01650000000000,3.3141,3080.4770,47.9041,47.9041,0.0000,0.0219,47.8987,0.2517,47.6470,-35.3825,3080.4770,NA,NA,NA
dwm.exe,2752,0x0,Other,-1,0,0,Hardware: Legacy Flip,3157.5824,NA,29.20130000000000,29.14910000000000,0.00000000000000,0.01750000000000,3.2619,3128.3811,29.2013,29.2013,0.0000,0.0165,29.2023,0.1890,29.0133,18.7550,3128.3811,NA,NA,NA
dwm.exe,2752,0x0,Other,-1,0,0,Hardware: Legacy Flip,3174.3702,NA,16.78780000000000,16.69260000000000,0.00000000000000,0.01750000000000,3.1667,3157.5824,16.7878,16.7878,0.0000,0.0175,16.7878,0.2067,16.5811,12.5087,3157.5824,NA,NA,NA
dwm.exe,2752,0x0,Other,-1,0,0,Hardware: Legacy Flip,3178.2179,NA,3.84770000000000,4.14930000000000,0.00000000000000,0.01700000000000,3.4683,3174.3702,3.8477,3.8477,0.0000,0.0175,3.8472,0.2187,3.6285,12.6385,3174.3702,NA,NA,NA
dwm.exe,2752,0x0,Other,-1,0,0,Hardware: Legacy Flip,3182.2200,NA,4.00210000000000,4.19480000000000,0.00000000000000,0.02420000000000,3.6610,3178.2179,4.0021,4.0021,0.0000,0.0170,4.0093,0.1960,3.8133,-0.3471,3178.2179,NA,NA,NA
dwm.exe,2752,0x0,Other,-1,0,0,Hardware: Legacy Flip,3186.4802,NA,4.26020000000000,4.15230000000000,0.00000000000000,0.03500000000000,3.5531,3182.2200,4.2602,4.2602,0.0000,0.0242,4.2710,0.2131,4.0579,-0.1502,3182.2200,NA,NA,NA
dwm.exe,2752,0x0,Other,-1,0,0,Hardware: Legacy Flip,3190.7966,NA,4.31640000000000,4.15880000000000,0.00000000000000,0.01530000000000,3.3955,3186.4802,4.3164,4.3164,0.0000,0.0350,4.2967,0.2230,4.0737,0.1014,3186.4802,NA,NA,NA
dwm.exe,2752,0x0,Other,-1,0,0,Hardware: Legacy Flip,3194.8744,NA,4.07780000000000,4.18100000000000,0.00000000000000,0.02080000000000,3.4987,3190.7966,4.0778,4.0778,0.0000,0.0153,4.0833,0.1724,3.9109,0.1354,3190.7966,NA,NA,NA
dwm.exe,2752,0x0,Other,-1,0,0,Hardware: Legacy Flip,3199.2097,NA,4.33530000000000,4.16550000000000,0.00000000000000,0.01320000000000,3.3289,3194.8744,4.3353,4.3353,0.0000,0.0208,4.3277,0.2261,4.1016,-0.0877,3194.8744,NA,NA,NA
dwm.exe,2752,0x0,Other,-1,0,0,Hardware: Legacy Flip,3203.2127,NA,4.00300000000000,4.16230000000000,0.00000000000000,0.04660000000000,3.4882,3199.2097,4.0030,4.0030,0.0000,0.0132,4.0364,0.1828,3.8536,0.1730,3199.2097,NA,NA,NA
dwm.exe,2752,0x0,Other,-1,0,0,Hardware: Legacy Flip,3207.7428,NA,4.53010000000000,4.17900000000000,0.00000000000000,0.01840000000000,3.1371,3203.2127,4.5301,4.5301,0.0000,0.0466,4.5019,0.2344,4.2675,-0.1760,3203.2127,NA,NA,NA
dwm.exe,2752,0x0,Other,-1,0,0,Hardware: Legacy Flip,3216.0032,NA,8.26040000000000,8.30900000000000,0.00000000000000,0.01780000000000,3.1857,3207.7428,8.2604,8.2604,0.0000,0.0184,8.2598,0.3263,7.9335,-3.7789,3207.7428,NA,NA,NA
dwm.exe,2752,0x0,Other,-1,0,0,Hardware: Legacy Flip,3270.1714,NA,54.16820000000000,54.18700000000000,0.00000000000000,0.12260000000000,3.2045,3216.0032,54.1682,54.1682,0.0000,0.0178,54.2730,0.3219,53.9511,-45.9266,3216.0032,NA,NA,NA
dwm.exe,2752,0x0,Other,-1,0,0,Hardware: Legacy Flip,3282.6358,NA,12.46440000000000,12.47630000000000,0.00000000000000,0.01760000000000,3.2164,3270.1714,12.4644,12.4644,0.0000,0.1226,12.3594,0.1954,12.1640,41.6919,3270.1714,NA,NA,NA
dwm.exe,2752,0x0,Other,-1,0,0,Hardware: Legacy Flip,3286.4663,NA,3.83050000000000,4.16710000000000,0.00000000000000,0.02060000000000,3.5530,3282.6358,3.8305,3.8305,0.0000,0.0176,3.8335,0.1663,3.6672,8.2973,3282.6358,NA,NA,NA
dwm.exe,2752,0x0,Other,-1,0,0,Hardware: Legacy Flip,3290.7535,NA,4.28720000000000,4.17580000000000,0.00000000000000,0.01660000000000,3.4416,3286.4663,4.2872,4.2872,0.0000,0.0206,4.2832,0.2174,4.0658,-0.3453,3286.4663,NA,NA,NA
dwm.exe,2752,0x0,Other,-1,0,0,Hardware: Legacy Flip,3295.0299,NA,4.27640000000000,4.16090000000000,0.00000000000000,0.02690000000000,3.3261,3290.7535,4.2764,4.2764,0.0000,0.0166,4.2867,0.1850,4.1017,0.1263,3290.7535,NA,NA,NA
dwm.exe,2752,0x0,Other,-1,0,0,Hardware: Legacy Flip,3332.6603,NA,37.63040000000000,37.50110000000000,0.00000000000000,0.01790000000000,3.1968,3295.0299,37.6304,37.6304,0.0000,0.0269,37.6214,0.2813,37.3401,-33.2247,3295.0299,NA,NA,NA
dwm.exe,2752,0x0,Other,-1,0,0,Hardware: Legacy Flip,3378.4312,NA,45.77090000000000,45.84980000000000,0.00000000000000,0.01760000000000,3.2757,3332.6603,45.7709,45.7709,0.0000,0.0179,45.7706,0.2006,45.5700,-8.2194,3332.6603,NA,NA,NA
dwm.exe,2752,0x0,Other,-1,0,0,Hardware: Legacy Flip,3395.1821,NA,16.75090000000000,16.66960000000000,0.00000000000000,0.01810000000000,3.1944,3378.4312,16.7509,16.7509,0.0000,0.0176,16.7514,0.2611,16.4903,29.1013,3378.4312,NA,NA,NA
dwm.exe,2752,0x0,Other,-1,0,0,Hardware: Legacy Flip,3421.9501,NA,26.76800000000000,24.99830000000000,0.00000000000000,0.01740000000000,1.4247,3395.1821,26.7680,26.7680,0.0000,0.0181,26.7673,0.1871,26.5802,-8.2474,3395.1821,NA,NA,NA
dwm.exe,2752,0x0,Other,-1,0,0,Hardware: Legacy Flip,3486.7545,NA,64.80440000000000,66.65389999999999,0.00000000000000,0.12020000000000,3.2742,3421.9501,64.8044,64.8044,0.0000,0.0174,64.9072,0.3590,64.5482,-39.8859,3421.9501,NA,NA,NA
dwm.exe,2752,0x0,Other,-1,0,0,Hardware: Legacy Flip,3503.5323,NA,16.77780000000000,16.65630000000000,0.00000000000000,0.01800000000000,3.1527,3486.7545,16.7778,16.7778,0.0000,0.1202,16.6756,0.1952,16.4804,48.1481,3486.7545,NA,NA,NA
dwm.exe,2752,0x0,Other,-1,0,0,Hardware: Legacy Flip,3518.5244,NA,14.99210000000000,12.52890000000000,0.00000000000000,0.01690000000000,0.6895,3503.5323,14.9921,14.9921,0.0000,0.0180,14.9910,0.1984,14.7926,4.2489,3503.5323,NA,NA,NA
dwm.exe,2752,0x0,Other,-1,0,0,Hardware: Legacy Flip,3519.7225,NA,1.19810000000000,4.16220000000000,0.00000000000000,0.06190000000000,3.6536,3518.5244,1.1981,1.1981,0.0000,0.0169,1.2431,0.1910,1.0521,10.8299,3518.5244,NA,NA,NA
dwm.exe,2752,0x0,Other,-1,0,0,Hardware: Legacy Flip,3524.0794,NA,4.35690000000000,4.15330000000000,0.00000000000000,0.01800000000000,3.4500,3519.7225,4.3569,4.3569,0.0000,0.0619,4.3130,0.1921,4.1209,-2.9552,3519.7225,NA,NA,NA
FlyingBird.exe,46456,0x1E2504FE000,DXGI,0,0,0,Composed: Copy with GPU GDI,2538.8434,NA,917.23789999999997,962.50999999999999,0.07590000000000,0.40330000000000,63.6800,1621.6896,917.2297,917.1538,0.0759,0.2189,917.3382,0.3719,916.9663,-884.8822,1621.6896,NA,NA,NA
dwm.exe,2752,0x0,Other,-1,0,0,Hardware: Legacy Flip,3534.5015,NA,10.42210000000000,8.33300000000000,0.00000000000000,0.01760000000000,1.3609,3524.0794,10.4221,10.4221,0.0000,0.0180,10.4217,0.2398,10.1819,-3.9761,3524.0794,NA,NA,NA
dwm.exe,2752,0x0,Other,-1,0,0,Hardware: Legacy Flip,3595.1017,NA,60.60020000000000,62.50890000000000,0.00000000000000,0.12080000000000,3.2696,3534.5015,60.6002,60.6002,0.0000,0.0176,60.7034,0.4446,60.2588,-52.0868,3534.5015,NA,NA,NA
FlyingBird.exe,46456,0x1E2504FE000,DXGI,0,0,0,Composed: Copy with GPU GDI,3548.5482,NA,1009.70479999999998,995.84789999999998,0.07510000000000,0.38290000000000,49.8231,2538.9193,1009.7040,1009.6289,0.0751,0.3318,1009.6800,0.3736,1009.3064,-78.6182,2538.9193,NA,NA,NA
dwm.exe,2752,0x0,Other,-1,0,0,Hardware: Legacy Flip,3611.7759,NA,16.67420000000000,16.66260000000000,0.00000000000000,0.01570000000000,3.2580,3595.1017,16.6742,16.6742,0.0000,0.1208,16.5691,0.1631,16.4060,43.9376,3595.1017,NA,NA,NA
dwm.exe,2752,0x0,Other,-1,0,0,Hardware: Legacy Flip,3640.9157,NA,29.13980000000000,29.16890000000000,0.00000000000000,0.01880000000000,3.2871,3611.7759,29.1398,29.1398,0.0000,0.0157,29.1429,0.2011,28.9418,-12.4947,3611.7759,NA,NA,NA
dwm.exe,2752,0x0,Other,-1,0,0,Hardware: Legacy Flip,3645.1195,NA,4.20380000000000,4.16770000000000,0.00000000000000,0.01780000000000,3.2510,3640.9157,4.2038,4.2038,0.0000,0.0188,4.2028,0.2865,3.9163,24.9721,3640.9157,NA,NA,NA
dwm.exe,2752,0x0,Other,-1,0,0,Hardware: Legacy Flip,3657.2593,NA,12.13980000000000,12.50260000000000,0.00000000000000,0.02760000000000,3.6138,3645.1195,12.1398,12.1398,0.0000,0.0178,12.1496,0.1235,12.0261,-8.2988,3645.1195,NA,NA,NA
dwm.exe,2752,0x0,Other,-1,0,0,Hardware: Legacy Flip,3703.0694,NA,45.81010000000000,45.81490000000000,0.00000000000000,0.03350000000000,3.6186,3657.2593,45.8101,45.8101,0.0000,0.0276,45.8160,0.1947,45.6213,-33.6751,3657.2593,NA,NA,NA
dwm.exe,2752,0x0,Other,-1,0,0,Hardware: Legacy Flip,3720.1550,NA,17.08560000000000,16.68580000000000,0.00000000000000,0.11960000000000,3.2188,3703.0694,17.0856,17.0856,0.0000,0.0335,17.1717,0.3777,16.7940,29.1243,3703.0694,NA,NA,NA
dwm.exe,2752,0x0,Other,-1,0,0,Hardware: Legacy Flip,3749.2529,NA,29.09790000000000,29.16300000000000,0.00000000000000,0.02560000000000,3.2839,3720.1550,29.0979,29.0979,0.0000,0.1196,29.0039,0.1799,28.8240,-12.0774,3720.1550,NA,NA,NA
dwm.exe,2752,0x0,Other,-1,0,0,Hardware: Legacy Flip,3811.7353,NA,62.48240000000000,62.50900000000000,0.00000000000000,0.11980000000000,3.3105,3749.2529,62.4824,62.4824,0.0000,0.0256,62.5766,0.4489,62.1277,-33.4111,3749.2529,NA,NA,NA
dwm.exe,2752,0x0,Other,-1,0,0,Hardware: Legacy Flip,3828.6120,NA,16.87670000000000,16.67840000000000,0.00000000000000,0.13440000000000,3.1122,3811.7353,16.8767,16.8767,0.0000,0.1198,16.8913,0.3214,16.5699,45.8040,3811.7353,NA,NA,NA
dwm.exe,2752,0x0,Other,-1,0,0,Hardware: Legacy Flip,3832.6109,NA,3.99890000000000,4.14440000000000,0.00000000000000,0.01560000000000,3.2577,3828.6120,3.9989,3.9989,0.0000,0.1344,3.8801,0.1702,3.7099,12.7323,3828.6120,NA,NA,NA
dwm.exe,2752,0x0,Other,-1,0,0,Hardware: Legacy Flip,3853.7988,NA,21.18790000000000,20.86110000000000,0.00000000000000,0.01980000000000,2.9309,3832.6109,21.1879,21.1879,0.0000,0.0156,21.1921,0.2437,20.9484,-16.8622,3832.6109,NA,NA,NA
dwm.exe,2752,0x0,Other,-1,0,0,Hardware: Legacy Flip,3864.4408,NA,10.64200000000000,8.29640000000000,0.00000000000000,0.01850000000000,0.5853,3853.7988,10.6420,10.6420,0.0000,0.0198,10.6407,0.2376,10.4031,12.8915,3853.7988,NA,NA,NA
dwm.exe,2752,0x0,Other,-1,0,0,Hardware: Legacy Flip,3924.3829,NA,59.94210000000000,62.51330000000000,0.00000000000000,0.12220000000000,3.1565,3864.4408,59.9421,59.9421,0.0000,0.0185,60.0458,0.3373,59.7085,-51.8713,3864.4408,NA,NA,NA
dwm.exe,2752,0x0,Other,-1,0,0,Hardware: Legacy Flip,3940.7020,NA,16.31910000000000,16.65280000000000,0.00000000000000,1.50930000000000,3.4902,3924.3829,16.3191,16.3191,0.0000,0.1222,17.7062,1.6760,16.0302,43.2893,3924.3829,NA,NA,NA
dwm.exe,2752,0x0,Other,-1,0,0,Hardware: Legacy Flip,3945.4094,NA,4.70740000000000,4.16530000000000,0.00000000000000,0.14370000000000,2.9481,3940.7020,4.7074,4.7074,0.0000,1.5093,3.3418,0.3371,3.0047,12.1538,3940.7020,NA,NA,NA
dwm.exe,2752,0x0,Other,-1,0,0,Hardware: Legacy Flip,3949.1980,NA,3.78860000000000,4.18330000000000,0.00000000000000,0.09570000000000,3.3428,3945.4094,3.7886,3.7886,0.0000,0.1437,3.7406,0.3127,3.4279,0.5241,3945.4094,NA,NA,NA
dwm.exe,2752,0x0,Other,-1,0,0,Hardware: Legacy Flip,3953.2644,NA,4.06640000000000,4.15700000000000,0.00000000000000,0.13100000000000,3.4334,3949.1980,4.0664,4.0664,0.0000,0.0957,4.1017,0.3447,3.7570,-0.3684,3949.1980,NA,NA,NA
dwm.exe,2752,0x0,Other,-1,0,0,Hardware: Legacy Flip,3957.2257,NA,3.96130000000000,4.17350000000000,0.00000000000000,0.02170000000000,3.6456,3953.2644,3.9613,3.9613,0.0000,0.1310,3.8520,0.2161,3.6359,-0.1071,3953.2644,NA,NA,NA
dwm.exe,2752,0x0,Other,-1,0,0,Hardware: Legacy Flip,3961.3901,NA,4.16440000000000,4.15080000000000,0.00000000000000,0.02320000000000,3.6320,3957.2257,4.1644,4.1644,0.0000,0.0217,4.1659,0.1926,3.9733,-0.1895,3957.2257,NA,NA,NA
dwm.exe,2752,0x0,Other,-1,0,0,Hardware: Legacy Flip,3970.0570,NA,8.66690000000000,8.34910000000000,0.00000000000000,0.03750000000000,3.3142,3961.3901,8.6669,8.6669,0.0000,0.0232,8.6812,0.2492,8.4320,-4.1847,3961.3901,NA,NA,NA
dwm.exe,2752,0x0,Other,-1,0,0,Hardware: Legacy Flip,3999.1639,NA,29.10690000000000,29.17460000000000,0.00000000000000,0.01790000000000,3.3819,3970.0570,29.1069,29.1069,0.0000,0.0375,29.0873,0.2746,28.8127,-20.5077,3970.0570,NA,NA,NA
dwm.exe,2752,0x0,Other,-1,0,0,Hardware: Legacy Flip,4007.5104,NA,8.34650000000000,8.32550000000000,0.00000000000000,0.02780000000000,3.3609,3999.1639,8.3465,8.3465,0.0000,0.0179,8.3564,0.1406,8.2158,20.7814,3999.1639,NA,NA,NA
dwm.exe,2752,0x0,Other,-1,0,0,Hardware: Legacy Flip,4011.4420,NA,3.93160000000000,4.16660000000000,0.00000000000000,0.09140000000000,3.5959,4007.5104,3.9316,3.9316,0.0000,0.0278,3.9952,0.2371,3.7581,4.1799,4007.5104,NA,NA,NA
dwm.exe,2752,0x0,Other,-1,0,0,Hardware: Legacy Flip,4032.2136,NA,20.77160000000000,20.83470000000000,0.00000000000000,0.03800000000000,3.6590,4011.4420,20.7716,20.7716,0.0000,0.0914,20.7182,0.1597,20.5585,-16.9031,4011.4420,NA,NA,NA
dwm.exe,2752,0x0,Other,-1,0,0,Hardware: Legacy Flip,4045.1560,NA,12.94240000000000,12.49940000000000,0.00000000000000,0.01770000000000,3.2160,4032.2136,12.9424,12.9424,0.0000,0.0380,12.9221,0.2663,12.6558,8.2722,4032.2136,NA,NA,NA
dwm.exe,2752,0x0,Other,-1,0,0,Hardware: Legacy Flip,4066.2667,NA,21.11070000000000,20.84320000000000,0.00000000000000,0.01860000000000,2.9485,4045.1560,21.1107,21.1107,0.0000,0.0177,21.1116,0.2211,20.8905,-7.9008,4045.1560,NA,NA,NA
dwm.exe,2752,0x0,Other,-1,0,0,Hardware: Legacy Flip,4069.6947,NA,3.42800000000000,4.15650000000000,0.00000000000000,0.02130000000000,3.6770,4066.2667,3.4280,3.4280,0.0000,0.0186,3.4307,0.1858,3.2449,16.9542,4066.2667,NA,NA,NA
dwm.exe,2752,0x0,Other,-1,0,0,Hardware: Legacy Flip,4073.7636,NA,4.06890000000000,4.18350000000000,0.00000000000000,0.04670000000000,3.7916,4069.6947,4.0689,4.0689,0.0000,0.0213,4.0943,0.2057,3.8886,-0.7555,4069.6947,NA,NA,NA
dwm.exe,2752,0x0,Other,-1,0,0,Hardware: Legacy Flip,4103.0976,NA,29.33400000000000,29.16540000000000,0.00000000000000,0.05670000000000,3.6230,4073.7636,29.3340,29.3340,0.0000,0.0467,29.3440,0.2053,29.1387,-25.0965,4073.7636,NA,NA,NA
dwm.exe,2752,0x0,Other,-1,0,0,Hardware: Legacy Flip,4132.3203,NA,29.22270000000000,29.16630000000000,0.00000000000000,0.02390000000000,3.5666,4103.0976,29.2227,29.2227,0.0000,0.0567,29.1899,0.1937,28.9962,0.1677,4103.0976,NA,NA,NA
dwm.exe,2752,0x0,Other,-1,0,0,Hardware: Legacy Flip,4136.4600,NA,4.13970000000000,4.15630000000000,0.00000000000000,0.04160000000000,3.5832,4132.3203,4.1397,4.1397,0.0000,0.0239,4.1574,0.1933,3.9641,25.0664,4132.3203,NA,NA,NA
dwm.exe,2752,0x0,Other,-1,0,0,Hardware: Legacy Flip,4140.5901,NA,4.13010000000000,4.17430000000000,0.00000000000000,0.05020000000000,3.6274,4136.4600,4.1301,4.1301,0.0000,0.0416,4.1387,0.2024,3.9363,-0.0346,4136.4600,NA,NA,NA
dwm.exe,2752,0x0,Other,-1,0,0,Hardware: Legacy Flip,4158.0772,NA,17.48710000000000,16.65860000000000,0.00000000000000,0.03900000000000,2.7989,4140.5901,17.4871,17.4871,0.0000,0.0502,17.4759,0.2921,17.1838,-12.5285,4140.5901,NA,NA,NA
dwm.exe,2752,0x0,Other,-1,0,0,Hardware: Legacy Flip,4165.9308,NA,7.85360000000000,8.33690000000000,0.00000000000000,0.01760000000000,3.2822,4158.0772,7.8536,7.8536,0.0000,0.0390,7.8322,0.2558,7.5764,9.1502,4158.0772,NA,NA,NA
dwm.exe,2752,0x0,Other,-1,0,0,Hardware: Legacy Flip,4174.3051,NA,8.37430000000000,8.33710000000000,0.00000000000000,0.01720000000000,3.2450,4165.9308,8.3743,8.3743,0.0000,0.0176,8.3739,0.2162,8.1577,-0.4835,4165.9308,NA,NA,NA
dwm.exe,2752,0x0,Other,-1,0,0,Hardware: Legacy Flip,4178.2705,NA,3.96540000000000,4.16350000000000,0.00000000000000,0.06260000000000,3.4431,4174.3051,3.9654,3.9654,0.0000,0.0172,4.0108,0.1862,3.8246,4.2108,4174.3051,NA,NA,NA
dwm.exe,2752,0x0,Other,-1,0,0,Hardware: Legacy Flip,4183.0320,NA,4.76150000000000,4.15360000000000,0.00000000000000,0.86420000000000,2.8352,4178.2705,4.7615,4.7615,0.0000,0.0626,5.5631,0.9969,4.5662,-0.1882,4178.2705,NA,NA,NA
dwm.exe,2752,0x0,Other,-1,0,0,Hardware: Legacy Flip,4186.6808,NA,3.64880000000000,4.16380000000000,0.00000000000000,0.67300000000000,3.3502,4183.0320,3.6488,3.6488,0.0000,0.8642,3.4576,0.8683,2.5893,0.5977,4183.0320,NA,NA,NA
dwm.exe,2752,0x0,Other,-1,0,0,Hardware: Legacy Flip,4190.9501,NA,4.26930000000000,4.17130000000000,0.00000000000000,0.65290000000000,3.2522,4186.6808,4.2693,4.2693,0.0000,0.6730,4.2492,0.8491,3.4001,-0.5225,4186.6808,NA,NA,NA
dwm.exe,2752,0x0,Other,-1,0,0,Hardware: Legacy Flip,4195.0389,NA,4.08880000000000,4.16790000000000,0.00000000000000,0.68670000000000,3.3313,4190.9501,4.0888,4.0888,0.0000,0.6529,4.1226,0.8515,3.2711,0.1014,4190.9501,NA,NA,NA
dwm.exe,2752,0x0,Other,-1,0,0,Hardware: Legacy Flip,4199.2635,NA,4.22460000000000,4.17910000000000,0.00000000000000,0.68350000000000,3.2858,4195.0389,4.2246,4.2246,0.0000,0.6867,4.2214,0.8663,3.3551,-0.0903,4195.0389,NA,NA,NA
dwm.exe,2752,0x0,Other,-1,0,0,Hardware: Legacy Flip,4203.4628,NA,4.19930000000000,4.16030000000000,0.00000000000000,0.67280000000000,3.2468,4199.2635,4.1993,4.1993,0.0000,0.6835,4.1886,0.8389,3.3497,0.0643,4199.2635,NA,NA,NA
dwm.exe,2752,0x0,Other,-1,0,0,Hardware: Legacy Flip,4207.6191,NA,4.15630000000000,4.16820000000000,0.00000000000000,0.69370000000000,3.2587,4203.4628,4.1563,4.1563,0.0000,0.6728,4.1772,0.8691,3.3081,0.0311,4203.4628,NA,NA,NA
dwm.exe,2752,0x0,Other,-1,0,0,Hardware: Legacy Flip,4212.1444,NA,4.52530000000000,4.17540000000000,0.00000000000000,0.63610000000000,2.9088,4207.6191,4.5253,4.5253,0.0000,0.6937,4.4677,0.8299,3.6378,-0.0191,4207.6191,NA,NA,NA
dwm.exe,2752,0x0,Other,-1,0,0,Hardware: Legacy Flip,4216.0228,NA,3.87840000000000,4.15530000000000,0.00000000000000,0.68960000000000,3.1857,4212.1444,3.8784,3.8784,0.0000,0.6361,3.9319,0.8471,3.0848,0.3700,4212.1444,NA,NA,NA
dwm.exe,2752,0x0,Other,-1,0,0,Hardware: Legacy Flip,4219.9858,NA,3.96300000000000,4.18350000000000,0.00000000000000,0.69170000000000,3.4062,4216.0228,3.9630,3.9630,0.0000,0.6896,3.9651,0.8528,3.1123,-0.3051,4216.0228,NA,NA,NA
dwm.exe,2752,0x0,Other,-1,0,0,Hardware: Legacy Flip,4224.7595,NA,4.77370000000000,4.15330000000000,0.00000000000000,0.63120000000000,2.7858,4219.9858,4.7737,4.7737,0.0000,0.6917,4.7132,0.8593,3.8539,-0.1903,4219.9858,NA,NA,NA
dwm.exe,2752,0x0,Other,-1,0,0,Hardware: Legacy Flip,4228.4465,NA,3.68700000000000,4.18930000000000,0.00000000000000,0.70180000000000,3.2881,4224.7595,3.6870,3.6870,0.0000,0.6312,3.7576,0.8500,2.9076,0.5844,4224.7595,NA,NA,NA
dwm.exe,2752,0x0,Other,-1,0,0,Hardware: Legacy Flip,4233.0920,NA,4.64550000000000,4.15640000000000,0.00000000000000,0.63970000000000,2.7990,4228.4465,4.6455,4.6455,0.0000,0.7018,4.5834,0.8603,3.7231,-0.4694,4228.4465,NA,NA,NA
dwm.exe,2752,0x0,Other,-1,0,0,Hardware: Legacy Flip,4236.8074,NA,3.71540000000000,4.16870000000000,0.00000000000000,0.68470000000000,3.2523,4233.0920,3.7154,3.7154,0.0000,0.6397,3.7604,0.8387,2.9217,0.4768,4233.0920,NA,NA,NA
dwm.exe,2752,0x0,Other,-1,0,0,Hardware: Legacy Flip,4240.8202,NA,4.01280000000000,4.16010000000000,0.00000000000000,0.70310000000000,3.3996,4236.8074,4.0128,4.0128,0.0000,0.6847,4.0312,0.8555,3.1757,-0.4447,4236.8074,NA,NA,NA
dwm.exe,2752,0x0,Other,-1,0,0,Hardware: Legacy Flip,4244.9578,NA,4.13760000000000,4.17160000000000,0.00000000000000,0.71400000000000,3.4336,4240.8202,4.1376,4.1376,0.0000,0.7031,4.1485,0.8780,3.2705,-0.1588,4240.8202,NA,NA,NA
dwm.exe,2752,0x0,Other,-1,0,0,Hardware: Legacy Flip,4249.1491,NA,4.19130000000000,4.14440000000000,0.00000000000000,0.70820000000000,3.3867,4244.9578,4.1913,4.1913,0.0000,0.7140,4.1855,0.8556,3.3299,-0.0068,4244.9578,NA,NA,NA
dwm.exe,2752,0x0,Other,-1,0,0,Hardware: Legacy Flip,4253.2572,NA,4.10810000000000,4.18640000000000,0.00000000000000,0.67760000000000,3.4650,4249.1491,4.1081,4.1081,0.0000,0.7082,4.0775,0.8279,3.2496,0.0049,4249.1491,NA,NA,NA
dwm.exe,2752,0x0,Other,-1,0,0,Hardware: Legacy Flip,4257.4299,NA,4.17270000000000,4.14510000000000,0.00000000000000,0.69800000000000,3.4374,4253.2572,4.1727,4.1727,0.0000,0.6776,4.1931,0.8510,3.3421,-0.0370,4253.2572,NA,NA,NA
dwm.exe,2752,0x0,Other,-1,0,0,Hardware: Legacy Flip,4261.7595,NA,4.32960000000000,4.18190000000000,0.00000000000000,0.68160000000000,3.2897,4257.4299,4.3296,4.3296,0.0000,0.6980,4.3132,0.8789,3.4343,-0.0092,4257.4299,NA,NA,NA
dwm.exe,2752,0x0,Other,-1,0,0,Hardware: Legacy Flip,4265.9208,NA,4.16130000000000,4.17160000000000,0.00000000000000,0.68520000000000,3.3000,4261.7595,4.1613,4.1613,0.0000,0.6816,4.1649,0.8473,3.3176,0.1580,4261.7595,NA,NA,NA
dwm.exe,2752,0x0,Other,-1,0,0,Hardware: Legacy Flip,4270.2050,NA,4.28420000000000,4.16990000000000,0.00000000000000,0.67270000000000,3.1857,4265.9208,4.2842,4.2842,0.0000,0.6852,4.2717,0.8468,3.4249,-0.0086,4265.9208,NA,NA,NA
dwm.exe,2752,0x0,Other,-1,0,0,Hardware: Legacy Flip,4274.6035,NA,4.39850000000000,4.15740000000000,0.00000000000000,0.65570000000000,2.9446,4270.2050,4.3985,4.3985,0.0000,0.6727,4.3815,0.8467,3.5348,0.1268,4270.2050,NA,NA,NA
dwm.exe,2752,0x0,Other,-1,0,0,Hardware: Legacy Flip,4278.8987,NA,4.29520000000000,4.16720000000000,0.00000000000000,0.64000000000000,2.8166,4274.6035,4.2952,4.2952,0.0000,0.6557,4.2795,0.8521,3.4274,0.2313,4274.6035,NA,NA,NA
dwm.exe,2752,0x0,Other,-1,0,0,Hardware: Legacy Flip,4282.7087,NA,3.81000000000000,4.16190000000000,0.00000000000000,0.68600000000000,3.1685,4278.8987,3.8100,3.8100,0.0000,0.6400,3.8560,0.8459,3.0101,0.1333,4278.8987,NA,NA,NA
dwm.exe,2752,0x0,Other,-1,0,0,Hardware: Legacy Flip,4287.1474,NA,4.43870000000000,4.15440000000000,0.00000000000000,0.62500000000000,2.8842,4282.7087,4.4387,4.4387,0.0000,0.6860,4.3777,0.8621,3.5156,-0.3444,4282.7087,NA,NA,NA
dwm.exe,2752,0x0,Other,-1,0,0,Hardware: Legacy Flip,4291.1431,NA,3.99570000000000,4.19070000000000,0.00000000000000,0.65920000000000,3.0792,4287.1474,3.9957,3.9957,0.0000,0.6250,4.0299,0.8600,3.1699,0.2480,4287.1474,NA,NA,NA
dwm.exe,2752,0x0,Other,-1,0,0,Hardware: Legacy Flip,4295.4514,NA,4.30830000000000,4.16780000000000,0.00000000000000,0.68130000000000,2.9387,4291.1431,4.3083,4.3083,0.0000,0.6592,4.3304,0.8781,3.4523,-0.1721,4291.1431,NA,NA,NA
dwm.exe,2752,0x0,Other,-1,0,0,Hardware: Legacy Flip,4299.3437,NA,3.89230000000000,4.15670000000000,0.00000000000000,0.68250000000000,3.2031,4295.4514,3.8923,3.8923,0.0000,0.6813,3.8935,0.8407,3.0528,0.1516,4295.4514,NA,NA,NA
dwm.exe,2752,0x0,Other,-1,0,0,Hardware: Legacy Flip,4303.3308,NA,3.98710000000000,4.16590000000000,0.00000000000000,0.68330000000000,3.3819,4299.3437,3.9871,3.9871,0.0000,0.6825,3.9879,0.8392,3.1487,-0.2736,4299.3437,NA,NA,NA
dwm.exe,2752,0x0,Other,-1,0,0,Hardware: Legacy Flip,4307.5171,NA,4.18630000000000,4.17460000000000,0.00000000000000,0.70580000000000,3.3702,4303.3308,4.1863,4.1863,0.0000,0.6833,4.2088,0.8709,3.3379,-0.1875,4303.3308,NA,NA,NA
dwm.exe,2752,0x0,Other,-1,0,0,Hardware: Legacy Flip,4311.6045,NA,4.08740000000000,4.16380000000000,0.00000000000000,0.69570000000000,3.4466,4307.5171,4.0874,4.0874,0.0000,0.7058,4.0773,0.8491,3.2282,0.0225,4307.5171,NA,NA,NA
dwm.exe,2752,0x0,Other,-1,0,0,Hardware: Legacy Flip,4315.7974,NA,4.19290000000000,4.16830000000000,0.00000000000000,0.70070000000000,3.4220,4311.6045,4.1929,4.1929,0.0000,0.6957,4.1979,0.8668,3.3311,-0.0809,4311.6045,NA,NA,NA
dwm.exe,2752,0x0,Other,-1,0,0,Hardware: Legacy Flip,4319.9389,NA,4.14150000000000,4.17240000000000,0.00000000000000,0.69660000000000,3.4529,4315.7974,4.1415,4.1415,0.0000,0.7007,4.1374,0.8385,3.2989,0.0205,4315.7974,NA,NA,NA
dwm.exe,2752,0x0,Other,-1,0,0,Hardware: Legacy Flip,4324.1058,NA,4.16690000000000,4.15890000000000,0.00000000000000,0.71450000000000,3.4449,4319.9389,4.1669,4.1669,0.0000,0.6966,4.1848,0.8885,3.2963,-0.0174,4319.9389,NA,NA,NA
dwm.exe,2752,0x0,Other,-1,0,0,Hardware: Legacy Flip,4328.2475,NA,4.14170000000000,4.17020000000000,0.00000000000000,0.70570000000000,3.4734,4324.1058,4.1417,4.1417,0.0000,0.7145,4.1329,0.8481,3.2848,-0.0033,4324.1058,NA,NA,NA
dwm.exe,2752,0x0,Other,-1,0,0,Hardware: Legacy Flip,4333.0795,NA,4.83200000000000,4.15890000000000,0.00000000000000,0.61840000000000,2.8003,4328.2475,4.8320,4.8320,0.0000,0.7057,4.7447,0.8652,3.8795,-0.0172,4328.2475,NA,NA,NA
dwm.exe,2752,0x0,Other,-1,0,0,Hardware: Legacy Flip,4336.9852,NA,3.90570000000000,4.17570000000000,0.00000000000000,0.63960000000000,3.0703,4333.0795,3.9057,3.9057,0.0000,0.6184,3.9269,0.8388,3.0881,0.6563,4333.0795,NA,NA,NA
dwm.exe,2752,0x0,Other,-1,0,0,Hardware: Legacy Flip,4341.2163,NA,4.23110000000000,4.16320000000000,0.00000000000000,0.64930000000000,3.0024,4336.9852,4.2311,4.2311,0.0000,0.6396,4.2408,0.8544,3.3864,-0.2575,4336.9852,NA,NA,NA
dwm.exe,2752,0x0,Other,-1,0,0,Hardware: Legacy Flip,4345.3560,NA,4.13970000000000,4.16870000000000,0.00000000000000,0.64270000000000,3.0314,4341.2163,4.1397,4.1397,0.0000,0.6493,4.1331,0.8409,3.2922,0.0624,4341.2163,NA,NA,NA
dwm.exe,2752,0x0,Other,-1,0,0,Hardware: Legacy Flip,4349.5640,NA,4.20800000000000,4.16610000000000,0.00000000000000,0.64000000000000,2.9895,4345.3560,4.2080,4.2080,0.0000,0.6427,4.2053,0.8426,3.3627,-0.0264,4345.3560,NA,NA,NA
dwm.exe,2752,0x0,Other,-1,0,0,Hardware: Legacy Flip,4353.7640,NA,4.20000000000000,4.16460000000000,0.00000000000000,0.65960000000000,2.9541,4349.5640,4.2000,4.2000,0.0000,0.6400,4.2196,0.8531,3.3665,0.0434,4349.5640,NA,NA,NA
dwm.exe,2752,0x0,Other,-1,0,0,Hardware: Legacy Flip,4357.8445,NA,4.08050000000000,4.16710000000000,0.00000000000000,0.64070000000000,3.0407,4353.7640,4.0805,4.0805,0.0000,0.6596,4.0616,0.8370,3.2246,0.0329,4353.7640,NA,NA,NA
dwm.exe,2752,0x0,Other,-1,0,0,Hardware: Legacy Flip,4361.8758,NA,4.03130000000000,4.16090000000000,0.00000000000000,0.69960000000000,3.1703,4357.8445,4.0313,4.0313,0.0000,0.6407,4.0902,0.8642,3.2260,-0.0804,4357.8445,NA,NA,NA
dwm.exe,2752,0x0,Other,-1,0,0,Hardware: Legacy Flip,4366.3840,NA,4.50820000000000,4.14990000000000,0.00000000000000,0.64000000000000,2.8120,4361.8758,4.5082,4.5082,0.0000,0.6996,4.4486,0.8610,3.5876,-0.1186,4361.8758,NA,NA,NA
dwm.exe,2752,0x0,Other,-1,0,0,Hardware: Legacy Flip,4370.2746,NA,3.89060000000000,4.19020000000000,0.00000000000000,0.66030000000000,3.1116,4366.3840,3.8906,3.8906,0.0000,0.6400,3.9109,0.8524,3.0585,0.3180,4366.3840,NA,NA,NA
dwm.exe,2752,0x0,Other,-1,0,0,Hardware: Legacy Flip,4374.4104,NA,4.13580000000000,4.15930000000000,0.00000000000000,0.66490000000000,3.1351,4370.2746,4.1358,4.1358,0.0000,0.6603,4.1404,0.8421,3.2983,-0.2687,4370.2746,NA,NA,NA
dwm.exe,2752,0x0,Other,-1,0,0,Hardware: Legacy Flip,4378.5175,NA,4.10710000000000,4.17120000000000,0.00000000000000,0.65010000000000,3.1992,4374.4104,4.1071,4.1071,0.0000,0.6649,4.0923,0.8405,3.2518,-0.0354,4374.4104,NA,NA,NA
dwm.exe,2752,0x0,Other,-1,0,0,Hardware: Legacy Flip,4382.6358,NA,4.11830000000000,4.17520000000000,0.00000000000000,0.68110000000000,3.2561,4378.5175,4.1183,4.1183,0.0000,0.6501,4.1493,0.8589,3.2904,-0.0681,4378.5175,NA,NA,NA
dwm.exe,2752,0x0,Other,-1,0,0,Hardware: Legacy Flip,4386.9077,NA,4.27190000000000,4.16410000000000,0.00000000000000,0.65720000000000,3.1483,4382.6358,4.2719,4.2719,0.0000,0.6811,4.2480,0.8513,3.3967,-0.0458,4382.6358,NA,NA,NA
dwm.exe,2752,0x0,Other,-1,0,0,Hardware: Legacy Flip,4391.0804,NA,4.17270000000000,4.15460000000000,0.00000000000000,0.65300000000000,3.1302,4386.9077,4.1727,4.1727,0.0000,0.6572,4.1685,0.8353,3.3332,0.1173,4386.9077,NA,NA,NA
dwm.exe,2752,0x0,Other,-1,0,0,Hardware: Legacy Flip,4395.1273,NA,4.04690000000000,4.15500000000000,0.00000000000000,0.67360000000000,3.2383,4391.0804,4.0469,4.0469,0.0000,0.6530,4.0675,0.8496,3.2179,0.0177,4391.0804,NA,NA,NA
dwm.exe,2752,0x0,Other,-1,0,0,Hardware: Legacy Flip,4399.3650,NA,4.23770000000000,4.19050000000000,0.00000000000000,0.67790000000000,3.1911,4395.1273,4.2377,4.2377,0.0000,0.6736,4.2420,0.8636,3.3784,-0.1436,4395.1273,NA,NA,NA
dwm.exe,2752,0x0,Other,-1,0,0,Hardware: Legacy Flip,4403.7231,NA,4.35810000000000,4.14950000000000,0.00000000000000,0.63150000000000,2.9825,4399.3650,4.3581,4.3581,0.0000,0.6779,4.3117,0.8579,3.4538,0.0882,4399.3650,NA,NA,NA
dwm.exe,2752,0x0,Other,-1,0,0,Hardware: Legacy Flip,4407.7359,NA,4.01280000000000,4.17200000000000,0.00000000000000,0.64340000000000,3.1417,4403.7231,4.0128,4.0128,0.0000,0.6315,4.0247,0.8379,3.1868,0.1861,4403.7231,NA,NA,NA
dwm.exe,2752,0x0,Other,-1,0,0,Hardware: Legacy Flip,4412.0610,NA,4.32510000000000,4.15760000000000,0.00000000000000,0.65730000000000,2.9742,4407.7359,4.3251,4.3251,0.0000,0.6434,4.3390,0.8516,3.4874,-0.1448,4407.7359,NA,NA,NA
dwm.exe,2752,0x0,Other,-1,0,0,Hardware: Legacy Flip,4415.9718,NA,3.91080000000000,4.19480000000000,0.00000000000000,0.66510000000000,3.2582,4412.0610,3.9108,3.9108,0.0000,0.6573,3.9186,0.8543,3.0643,0.1303,4412.0610,NA,NA,NA
dwm.exe,2752,0x0,Other,-1,0,0,Hardware: Legacy Flip,4420.3297,NA,4.35790000000000,4.13890000000000,0.00000000000000,0.68640000000000,3.0392,4415.9718,4.3579,4.3579,0.0000,0.6651,4.3792,0.8684,3.5108,-0.2281,4415.9718,NA,NA,NA
dwm.exe,2752,0x0,Other,-1,0,0,Hardware: Legacy Flip,4424.2680,NA,3.93830000000000,4.17620000000000,0.00000000000000,0.66260000000000,3.2771,4420.3297,3.9383,3.9383,0.0000,0.6864,3.9145,0.8347,3.0798,0.1817,4420.3297,NA,NA,NA
dwm.exe,2752,0x0,Other,-1,0,0,Hardware: Legacy Flip,4428.4876,NA,4.21960000000000,4.16360000000000,0.00000000000000,0.63810000000000,3.2211,4424.2680,4.2196,4.2196,0.0000,0.6626,4.1951,0.8509,3.3442,-0.2253,4424.2680,NA,NA,NA
dwm.exe,2752,0x0,Other,-1,0,0,Hardware: Legacy Flip,4432.6102,NA,4.12260000000000,4.16990000000000,0.00000000000000,0.68520000000000,3.2684,4428.4876,4.1226,4.1226,0.0000,0.6381,4.1697,0.8425,3.3272,0.0497,4428.4876,NA,NA,NA
dwm.exe,2752,0x0,Other,-1,0,0,Hardware: Legacy Flip,4437.1790,NA,4.56880000000000,4.16620000000000,0.00000000000000,0.61900000000000,2.8658,4432.6102,4.5688,4.5688,0.0000,0.6852,4.5026,0.8495,3.6531,-0.0436,4432.6102,NA,NA,NA
dwm.exe,2752,0x0,Other,-1,0,0,Hardware: Legacy Flip,4441.1575,NA,3.97850000000000,4.16740000000000,0.00000000000000,0.64010000000000,3.0547,4437.1790,3.9785,3.9785,0.0000,0.6190,3.9996,0.8539,3.1457,0.4014,4437.1790,NA,NA,NA
dwm.exe,2752,0x0,Other,-1,0,0,Hardware: Legacy Flip,4445.2398,NA,4.08230000000000,4.17850000000000,0.00000000000000,0.65360000000000,3.1509,4441.1575,4.0823,4.0823,0.0000,0.6401,4.0958,0.8370,3.2588,-0.2000,4441.1575,NA,NA,NA
dwm.exe,2752,0x0,Other,-1,0,0,Hardware: Legacy Flip,4449.3682,NA,4.12840000000000,4.15840000000000,0.00000000000000,0.65470000000000,3.1809,4445.2398,4.1284,4.1284,0.0000,0.6536,4.1295,0.8660,3.2635,-0.0761,4445.2398,NA,NA,NA
dwm.exe,2752,0x0,Other,-1,0,0,Hardware: Legacy Flip,4453.4201,NA,4.05190000000000,4.15500000000000,0.00000000000000,0.69460000000000,3.2840,4449.3682,4.0519,4.0519,0.0000,0.6547,4.0918,0.8411,3.2507,-0.0266,4449.3682,NA,NA,NA
dwm.exe,2752,0x0,Other,-1,0,0,Hardware: Legacy Flip,4457.8631,NA,4.44300000000000,4.17270000000000,0.00000000000000,0.63780000000000,3.0137,4453.4201,4.4430,4.4430,0.0000,0.6946,4.3862,0.8636,3.5226,-0.1208,4453.4201,NA,NA,NA
dwm.exe,2752,0x0,Other,-1,0,0,Hardware: Legacy Flip,4461.8143,NA,3.95120000000000,4.18790000000000,0.00000000000000,0.67040000000000,3.2504,4457.8631,3.9512,3.9512,0.0000,0.6378,3.9838,0.8680,3.1158,0.2551,4457.8631,NA,NA,NA
dwm.exe,2752,0x0,Other,-1,0,0,Hardware: Legacy Flip,4466.0923,NA,4.27800000000000,4.14140000000000,0.00000000000000,0.66280000000000,3.1138,4461.8143,4.2780,4.2780,0.0000,0.6704,4.2704,0.8376,3.4328,-0.1902,4461.8143,NA,NA,NA
dwm.exe,2752,0x0,Other,-1,0,0,Hardware: Legacy Flip,4470.1224,NA,4.03010000000000,4.16300000000000,0.00000000000000,0.68050000000000,3.2467,4466.0923,4.0301,4.0301,0.0000,0.6628,4.0478,0.8572,3.1906,0.1150,4466.0923,NA,NA,NA
dwm.exe,2752,0x0,Other,-1,0,0,Hardware: Legacy Flip,4474.2288,NA,4.10640000000000,4.16070000000000,0.00000000000000,0.66810000000000,3.3010,4470.1224,4.1064,4.1064,0.0000,0.6805,4.0940,0.8380,3.2560,-0.1306,4470.1224,NA,NA,NA
dwm.exe,2752,0x0,Other,-1,0,0,Hardware: Legacy Flip,4478.8165,NA,4.58770000000000,4.17340000000000,0.00000000000000,0.65360000000000,2.8867,4474.2288,4.5877,4.5877,0.0000,0.6681,4.5732,0.8769,3.6963,-0.0670,4474.2288,NA,NA,NA
dwm.exe,2752,0x0,Other,-1,0,0,Hardware: Legacy Flip,4482.6868,NA,3.87030000000000,4.16930000000000,0.00000000000000,0.64950000000000,3.1857,4478.8165,3.8703,3.8703,0.0000,0.6536,3.8662,0.8302,3.0360,0.4184,4478.8165,NA,NA,NA
dwm.exe,2752,0x0,Other,-1,0,0,Hardware: Legacy Flip,4486.8182,NA,4.13140000000000,4.16430000000000,0.00000000000000,0.64860000000000,3.2186,4482.6868,4.1314,4.1314,0.0000,0.6495,4.1305,0.8477,3.2828,-0.2940,4482.6868,NA,NA,NA
dwm.exe,2752,0x0,Other,-1,0,0,Hardware: Legacy Flip,4491.0466,NA,4.22840000000000,4.17640000000000,0.00000000000000,0.65250000000000,3.1666,4486.8182,4.2284,4.2284,0.0000,0.6486,4.2323,0.8541,3.3782,-0.0450,4486.8182,NA,NA,NA
dwm.exe,2752,0x0,Other,-1,0,0,Hardware: Legacy Flip,4495.1846,NA,4.13800000000000,4.17610000000000,0.00000000000000,0.65020000000000,3.2047,4491.0466,4.1380,4.1380,0.0000,0.6525,4.1357,0.8720,3.2637,0.0523,4491.0466,NA,NA,NA
dwm.exe,2752,0x0,Other,-1,0,0,Hardware: Legacy Flip,4499.4544,NA,4.26980000000000,4.15880000000000,0.00000000000000,0.65690000000000,3.0937,4495.1846,4.2698,4.2698,0.0000,0.6502,4.2765,0.8594,3.4171,-0.0208,4495.1846,NA,NA,NA
dwm.exe,2752,0x0,Other,-1,0,0,Hardware: Legacy Flip,4503.7268,NA,4.27240000000000,4.16720000000000,0.00000000000000,0.63860000000000,2.9885,4499.4544,4.2724,4.2724,0.0000,0.6569,4.2541,0.8594,3.3947,0.1026,4499.4544,NA,NA,NA
dwm.exe,2752,0x0,Other,-1,0,0,Hardware: Legacy Flip,4507.8197,NA,4.09290000000000,4.17390000000000,0.00000000000000,0.66480000000000,3.0695,4503.7268,4.0929,4.0929,0.0000,0.6386,4.1191,0.8668,3.2523,0.0985,4503.7268,NA,NA,NA
dwm.exe,2752,0x0,Other,-1,0,0,Hardware: Legacy Flip,4511.8974,NA,4.07770000000000,4.15570000000000,0.00000000000000,0.65510000000000,3.1475,4507.8197,4.0777,4.0777,0.0000,0.6648,4.0680,0.8372,3.2308,-0.0628,4507.8197,NA,NA,NA
dwm.exe,2752,0x0,Other,-1,0,0,Hardware: Legacy Flip,4516.0948,NA,4.19740000000000,4.15480000000000,0.00000000000000,0.65240000000000,3.1049,4511.8974,4.1974,4.1974,0.0000,0.6551,4.1947,0.8488,3.3459,-0.0771,4511.8974,NA,NA,NA
dwm.exe,2752,0x0,Other,-1,0,0,Hardware: Legacy Flip,4520.1035,NA,4.00870000000000,4.17080000000000,0.00000000000000,0.67050000000000,3.2670,4516.0948,4.0087,4.0087,0.0000,0.6524,4.0268,0.8545,3.1723,0.0266,4516.0948,NA,NA,NA
dwm.exe,2752,0x0,Other,-1,0,0,Hardware: Legacy Flip,4524.2778,NA,4.17430000000000,4.18830000000000,0.00000000000000,0.67430000000000,3.2810,4520.1035,4.1743,4.1743,0.0000,0.6705,4.1781,0.8663,3.3118,-0.1796,4520.1035,NA,NA,NA
dwm.exe,2752,0x0,Other,-1,0,0,Hardware: Legacy Flip,4528.6078,NA,4.33000000000000,4.14430000000000,0.00000000000000,0.71740000000000,3.0953,4524.2778,4.3300,4.3300,0.0000,0.6743,4.3731,0.8928,3.4803,0.0300,4524.2778,NA,NA,NA
dwm.exe,2752,0x0,Other,-1,0,0,Hardware: Legacy Flip,4532.6589,NA,4.05110000000000,4.16810000000000,0.00000000000000,0.67020000000000,3.2123,4528.6078,4.0511,4.0511,0.0000,0.7174,4.0039,0.8402,3.1637,0.1619,4528.6078,NA,NA,NA
FlyingBird.exe,46456,0x1E2504FE000,DXGI,0,0,0,Composed: Copy with GPU GDI,3611.0354,NA,62.48720000000000,45.83150000000000,0.17050000000000,0.37830000000000,33.1674,3548.6233,62.5826,62.4121,0.1705,0.3118,62.4786,0.3249,62.1537,963.8725,3548.6233,NA,NA,NA
dwm.exe,2752,0x0,Other,-1,0,0,Hardware: Legacy Flip,4536.8098,NA,4.15090000000000,4.18880000000000,0.00000000000000,0.66950000000000,3.2502,4532.6589,4.1509,4.1509,0.0000,0.6702,4.1502,0.8593,3.2909,-0.1377,4532.6589,NA,NA,NA
dwm.exe,2752,0x0,Other,-1,0,0,Hardware: Legacy Flip,4541.2460,NA,4.43620000000000,4.16300000000000,0.00000000000000,0.68460000000000,2.9770,4536.8098,4.4362,4.4362,0.0000,0.6695,4.4513,0.8764,3.5749,-0.0121,4536.8098,NA,NA,NA
dwm.exe,2752,0x0,Other,-1,0,0,Hardware: Legacy Flip,4545.6716,NA,4.42560000000000,4.16080000000000,0.00000000000000,0.61180000000000,2.7122,4541.2460,4.4256,4.4256,0.0000,0.6846,4.3528,0.8761,3.4767,0.2754,4541.2460,NA,NA,NA
dwm.exe,2752,0x0,Other,-1,0,0,Hardware: Legacy Flip,4549.7845,NA,4.11290000000000,4.15190000000000,0.00000000000000,0.62680000000000,2.7512,4545.6716,4.1129,4.1129,0.0000,0.6118,4.1279,0.8560,3.2719,0.2737,4545.6716,NA,NA,NA
dwm.exe,2752,0x0,Other,-1,0,0,Hardware: Legacy Flip,4553.7765,NA,3.99200000000000,4.17470000000000,0.00000000000000,0.59260000000000,2.9339,4549.7845,3.9920,3.9920,0.0000,0.6268,3.9578,0.8416,3.1162,-0.0618,4549.7845,NA,NA,NA
dwm.exe,2752,0x0,Other,-1,0,0,Hardware: Legacy Flip,4558.1059,NA,4.32940000000000,4.18150000000000,0.00000000000000,0.63280000000000,2.7860,4553.7765,4.3294,4.3294,0.0000,0.5926,4.3696,0.8659,3.5037,-0.1895,4553.7765,NA,NA,NA
dwm.exe,2752,0x0,Other,-1,0,0,Hardware: Legacy Flip,4562.0351,NA,3.92920000000000,4.15790000000000,0.00000000000000,0.65670000000000,3.0147,4558.1059,3.9292,3.9292,0.0000,0.6328,3.9531,0.8492,3.1039,0.1715,4558.1059,NA,NA,NA
dwm.exe,2752,0x0,Other,-1,0,0,Hardware: Legacy Flip,4566.0652,NA,4.03010000000000,4.17600000000000,0.00000000000000,0.65490000000000,3.1606,4562.0351,4.0301,4.0301,0.0000,0.6567,4.0283,0.8528,3.1755,-0.2468,4562.0351,NA,NA,NA
dwm.exe,2752,0x0,Other,-1,0,0,Hardware: Legacy Flip,4570.4370,NA,4.37180000000000,4.16420000000000,0.00000000000000,0.64620000000000,2.9530,4566.0652,4.3718,4.3718,0.0000,0.6549,4.3631,0.8563,3.5068,-0.1341,4566.0652,NA,NA,NA
dwm.exe,2752,0x0,Other,-1,0,0,Hardware: Legacy Flip,4574.6297,NA,4.19270000000000,4.16860000000000,0.00000000000000,0.64800000000000,2.9289,4570.4370,4.1927,4.1927,0.0000,0.6462,4.1945,0.8634,3.3311,0.2032,4570.4370,NA,NA,NA
dwm.exe,2752,0x0,Other,-1,0,0,Hardware: Legacy Flip,4579.2002,NA,4.57050000000000,4.15950000000000,0.00000000000000,0.65900000000000,2.5179,4574.6297,4.5705,4.5705,0.0000,0.6480,4.5815,0.8723,3.7092,0.0332,4574.6297,NA,NA,NA
dwm.exe,2752,0x0,Other,-1,0,0,Hardware: Legacy Flip,4582.7357,NA,3.53550000000000,4.15170000000000,0.00000000000000,0.66620000000000,3.1341,4579.2002,3.5355,3.5355,0.0000,0.6590,3.5427,0.8318,2.7109,0.4188,4579.2002,NA,NA,NA
dwm.exe,2752,0x0,Other,-1,0,0,Hardware: Legacy Flip,4587.6697,NA,4.93400000000000,4.20270000000000,0.00000000000000,0.54460000000000,2.4028,4582.7357,4.9340,4.9340,0.0000,0.6662,4.8124,0.9062,3.9062,-0.6672,4582.7357,NA,NA,NA
dwm.exe,2752,0x0,Other,-1,0,0,Hardware: Legacy Flip,4591.7414,NA,4.07170000000000,4.14360000000000,0.00000000000000,0.58570000000000,2.4747,4587.6697,4.0717,4.0717,0.0000,0.5446,4.1128,0.8511,3.2617,0.7904,4587.6697,NA,NA,NA
dwm.exe,2752,0x0,Other,-1,0,0,Hardware: Legacy Flip,4595.8887,NA,4.14730000000000,4.15780000000000,0.00000000000000,0.58210000000000,2.4852,4591.7414,4.1473,4.1473,0.0000,0.5857,4.1437,0.8571,3.2866,-0.0861,4591.7414,NA,NA,NA
dwm.exe,2752,0x0,Other,-1,0,0,Hardware: Legacy Flip,4599.9550,NA,4.06630000000000,4.16500000000000,0.00000000000000,0.62170000000000,2.5839,4595.8887,4.0663,4.0663,0.0000,0.5821,4.1059,0.8571,3.2488,-0.0177,4595.8887,NA,NA,NA
dwm.exe,2752,0x0,Other,-1,0,0,Hardware: Legacy Flip,4603.4737,NA,3.51870000000000,4.18490000000000,0.00000000000000,0.69900000000000,3.2501,4599.9550,3.5187,3.5187,0.0000,0.6217,3.5960,0.8454,2.7506,-0.1186,4599.9550,NA,NA,NA
dwm.exe,2752,0x0,Other,-1,0,0,Hardware: Legacy Flip,4607.9406,NA,4.46690000000000,4.16160000000000,0.00000000000000,0.63870000000000,2.9448,4603.4737,4.4669,4.4669,0.0000,0.6990,4.4066,0.8417,3.5649,-0.6429,4603.4737,NA,NA,NA
dwm.exe,2752,0x0,Other,-1,0,0,Hardware: Legacy Flip,4611.6397,NA,3.69910000000000,4.16400000000000,0.00000000000000,0.68390000000000,3.4097,4607.9406,3.6991,3.6991,0.0000,0.6387,3.7443,0.8308,2.9135,0.3029,4607.9406,NA,NA,NA
dwm.exe,2752,0x0,Other,-1,0,0,Hardware: Legacy Flip,4615.7650,NA,4.12530000000000,4.17730000000000,0.00000000000000,0.70710000000000,3.4617,4611.6397,4.1253,4.1253,0.0000,0.6839,4.1485,0.8644,3.2841,-0.4782,4611.6397,NA,NA,NA
dwm.exe,2752,0x0,Other,-1,0,0,Hardware: Legacy Flip,4619.9613,NA,4.19630000000000,4.16380000000000,0.00000000000000,0.70330000000000,3.4292,4615.7650,4.1963,4.1963,0.0000,0.7071,4.1925,0.8630,3.3295,-0.0385,4615.7650,NA,NA,NA
dwm.exe,2752,0x0,Other,-1,0,0,Hardware: Legacy Flip,4624.0837,NA,4.12240000000000,4.16820000000000,0.00000000000000,0.69510000000000,3.4750,4619.9613,4.1224,4.1224,0.0000,0.7033,4.1142,0.8504,3.2638,0.0281,4619.9613,NA,NA,NA
dwm.exe,2752,0x0,Other,-1,0,0,Hardware: Legacy Flip,4628.2649,NA,4.18120000000000,4.16030000000000,0.00000000000000,0.69080000000000,3.4541,4624.0837,4.1812,4.1812,0.0000,0.6951,4.1769,0.8575,3.3194,-0.0379,4624.0837,NA,NA,NA
dwm.exe,2752,0x0,Other,-1,0,0,Hardware: Legacy Flip,4632.4094,NA,4.14450000000000,4.17170000000000,0.00000000000000,0.70010000000000,3.4813,4628.2649,4.1445,4.1445,0.0000,0.6908,4.1538,0.8610,3.2928,0.0095,4628.2649,NA,NA,NA
dwm.exe,2752,0x0,Other,-1,0,0,Hardware: Legacy Flip,4636.6618,NA,4.25240000000000,4.15890000000000,0.00000000000000,0.72080000000000,3.3878,4632.4094,4.2524,4.2524,0.0000,0.7001,4.2731,0.8826,3.3905,-0.0144,4632.4094,NA,NA,NA
dwm.exe,2752,0x0,Other,-1,0,0,Hardware: Legacy Flip,4640.7391,NA,4.07730000000000,4.15610000000000,0.00000000000000,0.70740000000000,3.4666,4636.6618,4.0773,4.0773,0.0000,0.7208,4.0639,0.8661,3.1978,0.0963,4636.6618,NA,NA,NA
dwm.exe,2752,0x0,Other,-1,0,0,Hardware: Legacy Flip,4644.8799,NA,4.14080000000000,4.19120000000000,0.00000000000000,0.70610000000000,3.5170,4640.7391,4.1408,4.1408,0.0000,0.7074,4.1395,0.8707,3.2688,-0.1139,4640.7391,NA,NA,NA
dwm.exe,2752,0x0,Other,-1,0,0,Hardware: Legacy Flip,4649.8601,NA,4.98020000000000,4.16610000000000,0.00000000000000,0.59870000000000,2.7029,4644.8799,4.9802,4.9802,0.0000,0.7061,4.8728,0.8593,4.0135,-0.0253,4644.8799,NA,NA,NA
dwm.exe,2752,0x0,Other,-1,0,0,Hardware: Legacy Flip,4653.7936,NA,3.93350000000000,4.15850000000000,0.00000000000000,0.64900000000000,2.9279,4649.8601,3.9335,3.9335,0.0000,0.5987,3.9838,0.8577,3.1261,0.8217,4649.8601,NA,NA,NA
dwm.exe,2752,0x0,Other,-1,0,0,Hardware: Legacy Flip,4657.6142,NA,3.82060000000000,4.17930000000000,0.00000000000000,0.67380000000000,3.2866,4653.7936,3.8206,3.8206,0.0000,0.6490,3.8454,0.8325,3.0129,-0.2458,4653.7936,NA,NA,NA
dwm.exe,2752,0x0,Other,-1,0,0,Hardware: Legacy Flip,4662.1877,NA,4.57350000000000,4.13470000000000,0.00000000000000,0.68140000000000,2.8478,4657.6142,4.5735,4.5735,0.0000,0.6738,4.5811,0.8734,3.7077,-0.3141,4657.6142,NA,NA,NA
dwm.exe,2752,0x0,Other,-1,0,0,Hardware: Legacy Flip,4666.0598,NA,3.87210000000000,4.19510000000000,0.00000000000000,0.68690000000000,3.1708,4662.1877,3.8721,3.8721,0.0000,0.6814,3.8776,0.8571,3.0205,0.3784,4662.1877,NA,NA,NA
dwm.exe,2752,0x0,Other,-1,0,0,Hardware: Legacy Flip,4670.2285,NA,4.16870000000000,4.16420000000000,0.00000000000000,0.67050000000000,3.1663,4666.0598,4.1687,4.1687,0.0000,0.6869,4.1523,0.8565,3.2958,-0.2921,4666.0598,NA,NA,NA
dwm.exe,2752,0x0,Other,-1,0,0,Hardware: Legacy Flip,4674.3334,NA,4.10490000000000,4.14870000000000,0.00000000000000,0.67830000000000,3.2101,4670.2285,4.1049,4.1049,0.0000,0.6705,4.1127,0.8530,3.2597,0.0200,4670.2285,NA,NA,NA
dwm.exe,2752,0x0,Other,-1,0,0,Hardware: Legacy Flip,4678.4830,NA,4.14960000000000,4.19260000000000,0.00000000000000,0.66010000000000,3.2531,4674.3334,4.1496,4.1496,0.0000,0.6783,4.1314,0.8244,3.3070,-0.0877,4674.3334,NA,NA,NA
dwm.exe,2752,0x0,Other,-1,0,0,Hardware: Legacy Flip,4682.6203,NA,4.13730000000000,4.15800000000000,0.00000000000000,0.68580000000000,3.2738,4678.4830,4.1373,4.1373,0.0000,0.6601,4.1630,0.8601,3.3029,-0.0084,4678.4830,NA,NA,NA
dwm.exe,2752,0x0,Other,-1,0,0,Hardware: Legacy Flip,4686.8505,NA,4.23020000000000,4.16610000000000,0.00000000000000,0.66640000000000,3.2097,4682.6203,4.2302,4.2302,0.0000,0.6858,4.2108,0.8463,3.3645,-0.0288,4682.6203,NA,NA,NA
dwm.exe,2752,0x0,Other,-1,0,0,Hardware: Legacy Flip,4690.9028,NA,4.05230000000000,4.16840000000000,0.00000000000000,0.67390000000000,3.3258,4686.8505,4.0523,4.0523,0.0000,0.6664,4.0598,0.8546,3.2052,0.0618,4686.8505,NA,NA,NA
dwm.exe,2752,0x0,Other,-1,0,0,Hardware: Legacy Flip,4695.5420,NA,4.63920000000000,4.16720000000000,0.00000000000000,0.62980000000000,2.8538,4690.9028,4.6392,4.6392,0.0000,0.6739,4.5951,0.8588,3.7363,-0.1149,4690.9028,NA,NA,NA
dwm.exe,2752,0x0,Other,-1,0,0,Hardware: Legacy Flip,4699.6705,NA,4.12850000000000,4.14230000000000,0.00000000000000,0.62890000000000,2.8676,4695.5420,4.1285,4.1285,0.0000,0.6298,4.1276,0.8666,3.2610,0.4969,4695.5420,NA,NA,NA
dwm.exe,2752,0x0,Other,-1,0,0,Hardware: Legacy Flip,4703.7539,NA,4.08340000000000,4.16690000000000,0.00000000000000,0.62830000000000,2.9511,4699.6705,4.0834,4.0834,0.0000,0.6289,4.0828,0.8421,3.2407,-0.0384,4699.6705,NA,NA,NA
dwm.exe,2752,0x0,Other,-1,0,0,Hardware: Legacy Flip,4707.7663,NA,4.01240000000000,4.16950000000000,0.00000000000000,0.65790000000000,3.1082,4703.7539,4.0124,4.0124,0.0000,0.6283,4.0420,0.8496,3.1924,-0.0861,4703.7539,NA,NA,NA
dwm.exe,2752,0x0,Other,-1,0,0,Hardware: Legacy Flip,4711.8700,NA,4.10370000000000,4.17630000000000,0.00000000000000,0.66320000000000,3.1808,4707.7663,4.1037,4.1037,0.0000,0.6579,4.1090,0.8457,3.2633,-0.1639,4707.7663,NA,NA,NA
dwm.exe,2752,0x0,Other,-1,0,0,Hardware: Legacy Flip,4716.1371,NA,4.26710000000000,4.18040000000000,0.00000000000000,0.66500000000000,3.0941,4711.8700,4.2671,4.2671,0.0000,0.6632,4.2689,0.8497,3.4192,-0.0767,4711.8700,NA,NA,NA
dwm.exe,2752,0x0,Other,-1,0,0,Hardware: Legacy Flip,4720.1985,NA,4.06140000000000,4.16550000000000,0.00000000000000,0.67650000000000,3.1982,4716.1371,4.0614,4.0614,0.0000,0.6650,4.0729,0.8374,3.2355,0.1016,4716.1371,NA,NA,NA
dwm.exe,2752,0x0,Other,-1,0,0,Hardware: Legacy Flip,4724.4194,NA,4.22090000000000,4.16570000000000,0.00000000000000,0.65100000000000,3.1430,4720.1985,4.2209,4.2209,0.0000,0.6765,4.1954,0.8521,3.3433,-0.1043,4720.1985,NA,NA,NA
dwm.exe,2752,0x0,Other,-1,0,0,Hardware: Legacy Flip,4728.6007,NA,4.18130000000000,4.16910000000000,0.00000000000000,0.67680000000000,3.1308,4724.4194,4.1813,4.1813,0.0000,0.6510,4.2071,0.8435,3.3636,0.0518,4724.4194,NA,NA,NA
dwm.exe,2752,0x0,Other,-1,0,0,Hardware: Legacy Flip,4732.5576,NA,3.95690000000000,4.17270000000000,0.00000000000000,0.68040000000000,3.3466,4728.6007,3.9569,3.9569,0.0000,0.6768,3.9605,0.8490,3.1115,0.0086,4728.6007,NA,NA,NA
dwm.exe,2752,0x0,Other,-1,0,0,Hardware: Legacy Flip,4737.1559,NA,4.59830000000000,4.17070000000000,0.00000000000000,0.63400000000000,2.9190,4732.5576,4.5983,4.5983,0.0000,0.6804,4.5519,0.8827,3.6692,-0.2138,4732.5576,NA,NA,NA
dwm.exe,2752,0x0,Other,-1,0,0,Hardware: Legacy Flip,4741.7032,NA,4.54730000000000,4.15590000000000,0.00000000000000,0.60560000000000,2.5276,4737.1559,4.5473,4.5473,0.0000,0.6340,4.5189,0.8577,3.6612,0.4424,4737.1559,NA,NA,NA
dwm.exe,2752,0x0,Other,-1,0,0,Hardware: Legacy Flip,4745.4124,NA,3.70920000000000,4.17960000000000,0.00000000000000,0.67900000000000,2.9980,4741.7032,3.7092,3.7092,0.0000,0.6056,3.7826,0.8732,2.9094,0.3677,4741.7032,NA,NA,NA
dwm.exe,2752,0x0,Other,-1,0,0,Hardware: Legacy Flip,4749.4216,NA,4.00920000000000,4.14050000000000,0.00000000000000,0.67180000000000,3.1293,4745.4124,4.0092,4.0092,0.0000,0.6790,4.0020,0.8515,3.1505,-0.4313,4745.4124,NA,NA,NA
dwm.exe,2752,0x0,Other,-1,0,0,Hardware: Legacy Flip,4753.6140,NA,4.19240000000000,4.16680000000000,0.00000000000000,0.64430000000000,3.1037,4749.4216,4.1924,4.1924,0.0000,0.6718,4.1649,0.8474,3.3175,-0.1576,4749.4216,NA,NA,NA
dwm.exe,2752,0x0,Other,-1,0,0,Hardware: Legacy Flip,4757.7613,NA,4.14730000000000,4.16360000000000,0.00000000000000,0.66510000000000,3.1200,4753.6140,4.1473,4.1473,0.0000,0.6443,4.1681,0.8501,3.3180,0.0288,4753.6140,NA,NA,NA
dwm.exe,2752,0x0,Other,-1,0,0,Hardware: Legacy Flip,4762.1615,NA,4.40020000000000,4.18600000000000,0.00000000000000,0.63750000000000,2.9058,4757.7613,4.4002,4.4002,0.0000,0.6651,4.3726,0.8623,3.5103,-0.0387,4757.7613,NA,NA,NA
dwm.exe,2752,0x0,Other,-1,0,0,Hardware: Legacy Flip,4766.3058,NA,4.14430000000000,4.33580000000000,0.00000000000000,0.64080000000000,3.0973,4762.1615,4.1443,4.1443,0.0000,0.6375,4.1476,0.8496,3.2980,0.0644,4762.1615,NA,NA,NA
dwm.exe,2752,0x0,Other,-1,0,0,Hardware: Legacy Flip,4770.4240,NA,4.11820000000000,3.99320000000000,0.00000000000000,0.66380000000000,2.9723,4766.3058,4.1182,4.1182,0.0000,0.6408,4.1412,0.8545,3.2867,0.1511,4766.3058,NA,NA,NA
dwm.exe,2752,0x0,Other,-1,0,0,Hardware: Legacy Flip,4774.5213,NA,4.09730000000000,4.16570000000000,0.00000000000000,0.63610000000000,3.0407,4770.4240,4.0973,4.0973,0.0000,0.6638,4.0696,0.8372,3.2324,-0.0475,4770.4240,NA,NA,NA
dwm.exe,2752,0x0,Other,-1,0,0,Hardware: Legacy Flip,4778.6663,NA,4.14500000000000,4.16470000000000,0.00000000000000,0.63580000000000,3.0604,4774.5213,4.1450,4.1450,0.0000,0.6361,4.1447,0.8267,3.3180,-0.0674,4774.5213,NA,NA,NA
dwm.exe,2752,0x0,Other,-1,0,0,Hardware: Legacy Flip,4782.9784,NA,4.31210000000000,4.17380000000000,0.00000000000000,0.62890000000000,2.9221,4778.6663,4.3121,4.3121,0.0000,0.6358,4.3052,0.8662,3.4390,-0.0288,4778.6663,NA,NA,NA
dwm.exe,2752,0x0,Other,-1,0,0,Hardware: Legacy Flip,4787.8995,NA,4.92110000000000,4.16810000000000,0.00000000000000,0.60250000000000,2.1691,4782.9784,4.9211,4.9211,0.0000,0.6289,4.8947,0.8591,4.0356,0.1440,4782.9784,NA,NA,NA
dwm.exe,2752,0x0,Other,-1,0,0,Hardware: Legacy Flip,4791.2459,NA,3.34640000000000,4.15070000000000,0.00000000000000,1.47780000000000,2.9734,4787.8995,3.3464,3.3464,0.0000,0.6025,4.2217,1.6758,2.5459,0.7704,4787.8995,NA,NA,NA
dwm.exe,2752,0x0,Other,-1,0,0,Hardware: Legacy Flip,4795.1883,NA,3.94240000000000,4.17630000000000,0.00000000000000,0.68500000000000,3.2073,4791.2459,3.9424,3.9424,0.0000,1.4778,3.1496,0.8495,2.3001,-0.8299,4791.2459,NA,NA,NA
dwm.exe,2752,0x0,Other,-1,0,0,Hardware: Legacy Flip,4799.1478,NA,3.95950000000000,4.15360000000000,0.00000000000000,0.70090000000000,3.4014,4795.1883,3.9595,3.9595,0.0000,0.6850,3.9754,0.8499,3.1255,-0.2112,4795.1883,NA,NA,NA
dwm.exe,2752,0x0,Other,-1,0,0,Hardware: Legacy Flip,4803.2712,NA,4.12340000000000,4.17020000000000,0.00000000000000,0.69240000000000,3.4482,4799.1478,4.1234,4.1234,0.0000,0.7009,4.1149,0.8395,3.2754,-0.2107,4799.1478,NA,NA,NA
dwm.exe,2752,0x0,Other,-1,0,0,Hardware: Legacy Flip,4807.4217,NA,4.15050000000000,4.16360000000000,0.00000000000000,0.69080000000000,3.4613,4803.2712,4.1505,4.1505,0.0000,0.6924,4.1489,0.8476,3.3013,-0.0402,4803.2712,NA,NA,NA
dwm.exe,2752,0x0,Other,-1,0,0,Hardware: Legacy Flip,4811.5853,NA,4.16360000000000,4.14260000000000,0.00000000000000,0.69120000000000,3.4403,4807.4217,4.1636,4.1636,0.0000,0.6908,4.1640,0.8490,3.3150,0.0079,4807.4217,NA,NA,NA
dwm.exe,2752,0x0,Other,-1,0,0,Hardware: Legacy Flip,4815.7747,NA,4.18940000000000,4.18760000000000,0.00000000000000,0.64950000000000,3.4385,4811.5853,4.1894,4.1894,0.0000,0.6912,4.1477,0.8396,3.3081,-0.0240,4811.5853,NA,NA,NA
dwm.exe,2752,0x0,Other,-1,0,0,Hardware: Legacy Flip,4819.9157,NA,4.14100000000000,4.18000000000000,0.00000000000000,0.71470000000000,3.4775,4815.7747,4.1410,4.1410,0.0000,0.6495,4.2062,0.8605,3.3457,0.0094,4815.7747,NA,NA,NA
dwm.exe,2752,0x0,Other,-1,0,0,Hardware: Legacy Flip,4824.0890,NA,4.17330000000000,4.15820000000000,0.00000000000000,0.69080000000000,3.4624,4819.9157,4.1733,4.1733,0.0000,0.7147,4.1494,0.8259,3.3235,-0.0172,4819.9157,NA,NA,NA
dwm.exe,2752,0x0,Other,-1,0,0,Hardware: Legacy Flip,4828.2725,NA,4.18350000000000,4.16580000000000,0.00000000000000,0.68760000000000,3.4447,4824.0890,4.1835,4.1835,0.0000,0.6908,4.1803,0.8574,3.3229,0.0075,4824.0890,NA,NA,NA
dwm.exe,2752,0x0,Other,-1,0,0,Hardware: Legacy Flip,4832.4245,NA,4.15200000000000,4.17700000000000,0.00000000000000,0.70950000000000,3.4697,4828.2725,4.1520,4.1520,0.0000,0.6876,4.1739,0.8680,3.3059,0.0065,4828.2725,NA,NA,NA
dwm.exe,2752,0x0,Other,-1,0,0,Hardware: Legacy Flip,4836.6120,NA,4.18750000000000,4.16530000000000,0.00000000000000,0.70630000000000,3.4475,4832.4245,4.1875,4.1875,0.0000,0.7095,4.1843,0.8537,3.3306,-0.0133,4832.4245,NA,NA,NA
dwm.exe,2752,0x0,Other,-1,0,0,Hardware: Legacy Flip,4841.8131,NA,5.20110000000000,4.14820000000000,0.00000000000000,0.61790000000000,2.3946,4836.6120,5.2011,5.2011,0.0000,0.7063,5.1127,0.8571,4.2556,0.0393,4836.6120,NA,NA,NA
dwm.exe,2752,0x0,Other,-1,0,0,Hardware: Legacy Flip,4845.5805,NA,3.76740000000000,4.16250000000000,0.00000000000000,0.61030000000000,2.7897,4841.8131,3.7674,3.7674,0.0000,0.6179,3.7598,0.8431,2.9167,1.0386,4841.8131,NA,NA,NA
dwm.exe,2752,0x0,Other,-1,0,0,Hardware: Legacy Flip,4849.8252,NA,4.24470000000000,4.18380000000000,0.00000000000000,0.63750000000000,2.7288,4845.5805,4.2447,4.2447,0.0000,0.6103,4.2719,0.8445,3.4274,-0.4164,4845.5805,NA,NA,NA
dwm.exe,2752,0x0,Other,-1,0,0,Hardware: Legacy Flip,4853.4651,NA,3.63990000000000,4.15400000000000,0.00000000000000,0.68490000000000,3.2429,4849.8252,3.6399,3.6399,0.0000,0.6375,3.6873,0.8396,2.8477,0.0907,4849.8252,NA,NA,NA
dwm.exe,2752,0x0,Other,-1,0,0,Hardware: Legacy Flip,4858.0918,NA,4.62670000000000,4.17750000000000,0.00000000000000,0.64390000000000,2.7937,4853.4651,4.6267,4.6267,0.0000,0.6849,4.5857,0.8861,3.6996,-0.5376,4853.4651,NA,NA,NA
dwm.exe,2752,0x0,Other,-1,0,0,Hardware: Legacy Flip,4862.1862,NA,4.09440000000000,4.15840000000000,0.00000000000000,0.60130000000000,2.8577,4858.0918,4.0944,4.0944,0.0000,0.6439,4.0518,0.8527,3.1991,0.4683,4858.0918,NA,NA,NA
dwm.exe,2752,0x0,Other,-1,0,0,Hardware: Legacy Flip,4866.3674,NA,4.18120000000000,4.17190000000000,0.00000000000000,0.61660000000000,2.8484,4862.1862,4.1812,4.1812,0.0000,0.6013,4.1965,0.8454,3.3511,-0.0775,4862.1862,NA,NA,NA
dwm.exe,2752,0x0,Other,-1,0,0,Hardware: Legacy Flip,4870.4385,NA,4.07110000000000,4.15990000000000,0.00000000000000,0.63430000000000,2.9372,4866.3674,4.0711,4.0711,0.0000,0.6166,4.0888,0.8570,3.2318,0.0213,4866.3674,NA,NA,NA
dwm.exe,2752,0x0,Other,-1,0,0,Hardware: Legacy Flip,4874.4062,NA,3.96770000000000,4.16360000000000,0.00000000000000,0.64440000000000,3.1331,4870.4385,3.9677,3.9677,0.0000,0.6343,3.9778,0.8380,3.1398,-0.0925,4870.4385,NA,NA,NA
dwm.exe,2752,0x0,Other,-1,0,0,Hardware: Legacy Flip,4878.5835,NA,4.17730000000000,4.16900000000000,0.00000000000000,0.63940000000000,3.1248,4874.4062,4.1773,4.1773,0.0000,0.6444,4.1723,0.8420,3.3303,-0.2013,4874.4062,NA,NA,NA
dwm.exe,2752,0x0,Other,-1,0,0,Hardware: Legacy Flip,4882.6508,NA,4.06730000000000,4.15860000000000,0.00000000000000,0.67110000000000,3.2161,4878.5835,4.0673,4.0673,0.0000,0.6394,4.0990,0.8768,3.2222,0.0187,4878.5835,NA,NA,NA
dwm.exe,2752,0x0,Other,-1,0,0,Hardware: Legacy Flip,4886.8411,NA,4.19030000000000,4.18690000000000,0.00000000000000,0.65170000000000,3.2127,4882.6508,4.1903,4.1903,0.0000,0.6711,4.1709,0.8263,3.3446,-0.1196,4882.6508,NA,NA,NA
dwm.exe,2752,0x0,Other,-1,0,0,Hardware: Legacy Flip,4890.9515,NA,4.11040000000000,4.15320000000000,0.00000000000000,0.67280000000000,3.2555,4886.8411,4.1104,4.1104,0.0000,0.6517,4.1315,0.8533,3.2782,0.0371,4886.8411,NA,NA,NA
dwm.exe,2752,0x0,Other,-1,0,0,Hardware: Legacy Flip,4895.1675,NA,4.21600000000000,4.16470000000000,0.00000000000000,0.66260000000000,3.2042,4890.9515,4.2160,4.2160,0.0000,0.6728,4.2058,0.8516,3.3542,-0.0543,4890.9515,NA,NA,NA
dwm.exe,2752,0x0,Other,-1,0,0,Hardware: Legacy Flip,4899.2835,NA,4.11600000000000,4.17700000000000,0.00000000000000,0.67810000000000,3.2652,4895.1675,4.1160,4.1160,0.0000,0.6626,4.1315,0.8656,3.2659,0.0390,4895.1675,NA,NA,NA
dwm.exe,2752,0x0,Other,-1,0,0,Hardware: Legacy Flip,4903.5513,NA,4.26780000000000,4.15880000000000,0.00000000000000,0.65700000000000,3.1562,4899.2835,4.2678,4.2678,0.0000,0.6781,4.2467,0.8273,3.4194,-0.0428,4899.2835,NA,NA,NA
dwm.exe,2752,0x0,Other,-1,0,0,Hardware: Legacy Flip,4907.6138,NA,4.06250000000000,4.17990000000000,0.00000000000000,0.66460000000000,3.2736,4903.5513,4.0625,4.0625,0.0000,0.6570,4.0701,0.8456,3.2245,0.0879,4903.5513,NA,NA,NA
dwm.exe,2752,0x0,Other,-1,0,0,Hardware: Legacy Flip,4912.0527,NA,4.43890000000000,4.17980000000000,0.00000000000000,0.63010000000000,3.0145,4907.6138,4.4389,4.4389,0.0000,0.6646,4.4044,0.8656,3.5388,-0.1173,4907.6138,NA,NA,NA
dwm.exe,2752,0x0,Other,-1,0,0,Hardware: Legacy Flip,4916.6539,NA,4.60120000000000,4.15670000000000,0.00000000000000,0.62690000000000,2.5700,4912.0527,4.6012,4.6012,0.0000,0.6301,4.5980,0.8743,3.7237,0.2822,4912.0527,NA,NA,NA
dwm.exe,2752,0x0,Other,-1,0,0,Hardware: Legacy Flip,4920.2762,NA,3.62230000000000,4.16150000000000,0.00000000000000,0.66440000000000,3.1092,4916.6539,3.6223,3.6223,0.0000,0.6269,3.6598,0.8338,2.8260,0.4397,4916.6539,NA,NA,NA
dwm.exe,2752,0x0,Other,-1,0,0,Hardware: Legacy Flip,4924.3833,NA,4.10710000000000,4.15770000000000,0.00000000000000,0.64900000000000,3.1598,4920.2762,4.1071,4.1071,0.0000,0.6644,4.0917,0.8348,3.2569,-0.5354,4920.2762,NA,NA,NA
dwm.exe,2752,0x0,Other,-1,0,0,Hardware: Legacy Flip,4928.6844,NA,4.30110000000000,4.18630000000000,0.00000000000000,0.62550000000000,3.0450,4924.3833,4.3011,4.3011,0.0000,0.6490,4.2776,0.8471,3.4305,-0.0792,4924.3833,NA,NA,NA
dwm.exe,2752,0x0,Other,-1,0,0,Hardware: Legacy Flip,4932.8035,NA,4.11910000000000,4.16500000000000,0.00000000000000,0.64820000000000,3.0909,4928.6844,4.1191,4.1191,0.0000,0.6255,4.1418,0.8578,3.2840,0.1361,4928.6844,NA,NA,NA
dwm.exe,2752,0x0,Other,-1,0,0,Hardware: Legacy Flip,4936.9073,NA,4.10380000000000,4.16420000000000,0.00000000000000,0.63820000000000,3.1513,4932.8035,4.1038,4.1038,0.0000,0.6482,4.0938,0.8540,3.2398,-0.0451,4932.8035,NA,NA,NA
dwm.exe,2752,0x0,Other,-1,0,0,Hardware: Legacy Flip,4940.9488,NA,4.04150000000000,4.15910000000000,0.00000000000000,0.66930000000000,3.2689,4936.9073,4.0415,4.0415,0.0000,0.6382,4.0726,0.8460,3.2266,-0.0553,4936.9073,NA,NA,NA
dwm.exe,2752,0x0,Other,-1,0,0,Hardware: Legacy Flip,4944.9467,NA,3.99790000000000,4.17870000000000,0.00000000000000,0.70450000000000,3.4497,4940.9488,3.9979,3.9979,0.0000,0.6693,4.0331,0.8667,3.1664,-0.1372,4940.9488,NA,NA,NA
dwm.exe,2752,0x0,Other,-1,0,0,Hardware: Legacy Flip,4949.7306,NA,4.78390000000000,4.16230000000000,0.00000000000000,0.61770000000000,2.8281,4944.9467,4.7839,4.7839,0.0000,0.7045,4.6971,0.8910,3.8061,-0.1644,4944.9467,NA,NA,NA
dwm.exe,2752,0x0,Other,-1,0,0,Hardware: Legacy Flip,4953.4291,NA,3.69850000000000,4.15900000000000,0.00000000000000,0.68890000000000,3.2886,4949.7306,3.6985,3.6985,0.0000,0.6177,3.7697,0.8368,2.9329,0.6249,4949.7306,NA,NA,NA
dwm.exe,2752,0x0,Other,-1,0,0,Hardware: Legacy Flip,4957.9736,NA,4.54450000000000,4.16910000000000,0.00000000000000,0.62410000000000,2.9132,4953.4291,4.5445,4.5445,0.0000,0.6889,4.4797,0.8639,3.6158,-0.4706,4953.4291,NA,NA,NA
dwm.exe,2752,0x0,Other,-1,0,0,Hardware: Legacy Flip,4961.9908,NA,4.01720000000000,4.16760000000000,0.00000000000000,0.65610000000000,3.0636,4957.9736,4.0172,4.0172,0.0000,0.6241,4.0492,0.8589,3.1903,0.3769,4957.9736,NA,NA,NA
dwm.exe,2752,0x0,Other,-1,0,0,Hardware: Legacy Flip,4966.1939,NA,4.20310000000000,4.15570000000000,0.00000000000000,0.68390000000000,3.0162,4961.9908,4.2031,4.2031,0.0000,0.6561,4.2309,0.8681,3.3628,-0.1385,4961.9908,NA,NA,NA
dwm.exe,2752,0x0,Other,-1,0,0,Hardware: Legacy Flip,4970.2635,NA,4.06960000000000,4.17950000000000,0.00000000000000,0.65230000000000,3.1261,4966.1939,4.0696,4.0696,0.0000,0.6839,4.0380,0.8427,3.1953,0.0236,4966.1939,NA,NA,NA
dwm.exe,2752,0x0,Other,-1,0,0,Hardware: Legacy Flip,4974.3932,NA,4.12970000000000,4.17630000000000,0.00000000000000,0.65300000000000,3.1727,4970.2635,4.1297,4.1297,0.0000,0.6523,4.1304,0.8432,3.2872,-0.1067,4970.2635,NA,NA,NA
dwm.exe,2752,0x0,Other,-1,0,0,Hardware: Legacy Flip,4978.4691,NA,4.07590000000000,4.15890000000000,0.00000000000000,0.67690000000000,3.2557,4974.3932,4.0759,4.0759,0.0000,0.6530,4.0998,0.8399,3.2599,-0.0292,4974.3932,NA,NA,NA
dwm.exe,2752,0x0,Other,-1,0,0,Hardware: Legacy Flip,4982.5178,NA,4.04870000000000,4.16280000000000,0.00000000000000,0.67590000000000,3.3698,4978.4691,4.0487,4.0487,0.0000,0.6769,4.0477,0.8570,3.1907,-0.0869,4978.4691,NA,NA,NA
dwm.exe,2752,0x0,Other,-1,0,0,Hardware: Legacy Flip,4986.6358,NA,4.11800000000000,4.16660000000000,0.00000000000000,0.68940000000000,3.4184,4982.5178,4.1180,4.1180,0.0000,0.6759,4.1315,0.8381,3.2934,-0.1179,4982.5178,NA,NA,NA
dwm.exe,2752,0x0,Other,-1,0,0,Hardware: Legacy Flip,4990.7760,NA,4.14020000000000,4.17600000000000,0.00000000000000,0.68090000000000,3.4542,4986.6358,4.1402,4.1402,0.0000,0.6894,4.1317,0.8489,3.2828,-0.0580,4986.6358,NA,NA,NA
dwm.exe,2752,0x0,Other,-1,0,0,Hardware: Legacy Flip,4995.6238,NA,4.84780000000000,4.15830000000000,0.00000000000000,0.60300000000000,2.7647,4990.7760,4.8478,4.8478,0.0000,0.6809,4.7699,0.8669,3.9030,-0.0181,4990.7760,NA,NA,NA
dwm.exe,2752,0x0,Other,-1,0,0,Hardware: Legacy Flip,4999.5549,NA,3.93110000000000,4.17050000000000,0.00000000000000,0.63610000000000,3.0041,4995.6238,3.9311,3.9311,0.0000,0.6030,3.9642,0.8587,3.1055,0.6773,4995.6238,NA,NA,NA
dwm.exe,2752,0x0,Other,-1,0,0,Hardware: Legacy Flip,5003.6773,NA,4.12240000000000,4.14840000000000,0.00000000000000,0.61110000000000,3.0301,4999.5549,4.1224,4.1224,0.0000,0.6361,4.0974,0.8371,3.2603,-0.2173,4999.5549,NA,NA,NA
dwm.exe,2752,0x0,Other,-1,0,0,Hardware: Legacy Flip,5007.8852,NA,4.20790000000000,4.19180000000000,0.00000000000000,0.65190000000000,3.0140,5003.6773,4.2079,4.2079,0.0000,0.6111,4.2487,0.8627,3.3860,-0.0694,5003.6773,NA,NA,NA
dwm.exe,2752,0x0,Other,-1,0,0,Hardware: Legacy Flip,5011.9761,NA,4.09090000000000,4.16500000000000,0.00000000000000,0.64360000000000,3.0881,5007.8852,4.0909,4.0909,0.0000,0.6519,4.0826,0.8392,3.2434,0.0429,5007.8852,NA,NA,NA
dwm.exe,2752,0x0,Other,-1,0,0,Hardware: Legacy Flip,5016.3276,NA,4.35150000000000,4.15650000000000,0.00000000000000,0.63910000000000,2.8931,5011.9761,4.3515,4.3515,0.0000,0.6436,4.3470,0.8580,3.4890,-0.0656,5011.9761,NA,NA,NA
dwm.exe,2752,0x0,Other,-1,0,0,Hardware: Legacy Flip,5020.3478,NA,4.02020000000000,4.15990000000000,0.00000000000000,0.64290000000000,3.0328,5016.3276,4.0202,4.0202,0.0000,0.6391,4.0240,0.8469,3.1771,0.1916,5016.3276,NA,NA,NA
dwm.exe,2752,0x0,Other,-1,0,0,Hardware: Legacy Flip,5024.7020,NA,4.35420000000000,4.18280000000000,0.00000000000000,0.63380000000000,2.8614,5020.3478,4.3542,4.3542,0.0000,0.6429,4.3451,0.8756,3.4695,-0.1626,5020.3478,NA,NA,NA
dwm.exe,2752,0x0,Other,-1,0,0,Hardware: Legacy Flip,5028.7601,NA,4.05810000000000,4.15800000000000,0.00000000000000,0.64340000000000,2.9613,5024.7020,4.0581,4.0581,0.0000,0.6338,4.0677,0.8403,3.2274,0.1962,5024.7020,NA,NA,NA
dwm.exe,2752,0x0,Other,-1,0,0,Hardware: Legacy Flip,5032.7536,NA,3.99350000000000,4.15540000000000,0.00000000000000,0.66640000000000,3.1232,5028.7601,3.9935,3.9935,0.0000,0.6434,4.0165,0.8534,3.1631,-0.0973,5028.7601,NA,NA,NA
dwm.exe,2752,0x0,Other,-1,0,0,Hardware: Legacy Flip,5036.9394,NA,4.18580000000000,4.17770000000000,0.00000000000000,0.64890000000000,3.1151,5032.7536,4.1858,4.1858,0.0000,0.6664,4.1683,0.8524,3.3159,-0.1842,5032.7536,NA,NA,NA
dwm.exe,2752,0x0,Other,-1,0,0,Hardware: Legacy Flip,5041.0396,NA,4.10020000000000,4.16540000000000,0.00000000000000,0.67230000000000,3.1803,5036.9394,4.1002,4.1002,0.0000,0.6489,4.1236,0.8573,3.2663,0.0204,5036.9394,NA,NA,NA
dwm.exe,2752,0x0,Other,-1,0,0,Hardware: Legacy Flip,5045.1164,NA,4.07680000000000,4.17230000000000,0.00000000000000,0.69770000000000,3.2758,5041.0396,4.0768,4.0768,0.0000,0.6723,4.1022,0.8544,3.2478,-0.0721,5041.0396,NA,NA,NA
dwm.exe,2752,0x0,Other,-1,0,0,Hardware: Legacy Flip,5049.7494,NA,4.63300000000000,4.15760000000000,0.00000000000000,0.60520000000000,2.8004,5045.1164,4.6330,4.6330,0.0000,0.6977,4.5405,0.8501,3.6904,-0.0808,5045.1164,NA,NA,NA
dwm.exe,2752,0x0,Other,-1,0,0,Hardware: Legacy Flip,5053.7313,NA,3.98190000000000,4.18310000000000,0.00000000000000,0.63810000000000,3.0016,5049.7494,3.9819,3.9819,0.0000,0.6052,4.0148,0.8539,3.1609,0.4499,5049.7494,NA,NA,NA
dwm.exe,2752,0x0,Other,-1,0,0,Hardware: Legacy Flip,5057.8490,NA,4.11770000000000,4.16620000000000,0.00000000000000,0.63980000000000,3.0501,5053.7313,4.1177,4.1177,0.0000,0.6381,4.1194,0.8342,3.2852,-0.1843,5053.7313,NA,NA,NA
dwm.exe,2752,0x0,Other,-1,0,0,Hardware: Legacy Flip,5061.9930,NA,4.14400000000000,4.16530000000000,0.00000000000000,0.64610000000000,3.0714,5057.8490,4.1440,4.1440,0.0000,0.6398,4.1503,0.8514,3.2989,-0.0476,5057.8490,NA,NA,NA
dwm.exe,2752,0x0,Other,-1,0,0,Hardware: Legacy Flip,5066.1640,NA,4.17100000000000,4.16690000000000,0.00000000000000,0.62530000000000,3.0673,5061.9930,4.1710,4.1710,0.0000,0.6461,4.1502,0.8480,3.3022,-0.0229,5061.9930,NA,NA,NA
dwm.exe,2752,0x0,Other,-1,0,0,Hardware: Legacy Flip,5070.2359,NA,4.07190000000000,4.18010000000000,0.00000000000000,0.66890000000000,3.1755,5066.1640,4.0719,4.0719,0.0000,0.6253,4.1155,0.8433,3.2722,-0.0091,5066.1640,NA,NA,NA
dwm.exe,2752,0x0,Other,-1,0,0,Hardware: Legacy Flip,5074.3691,NA,4.13320000000000,4.15690000000000,0.00000000000000,0.73560000000000,3.1992,5070.2359,4.1332,4.1332,0.0000,0.6689,4.1999,0.9048,3.2951,-0.0850,5070.2359,NA,NA,NA
dwm.exe,2752,0x0,Other,-1,0,0,Hardware: Legacy Flip,5078.2936,NA,3.92450000000000,4.16260000000000,0.00000000000000,0.69570000000000,3.4373,5074.3691,3.9245,3.9245,0.0000,0.7356,3.8846,0.8287,3.0559,-0.0294,5074.3691,NA,NA,NA
dwm.exe,2752,0x0,Other,-1,0,0,Hardware: Legacy Flip,5083.1140,NA,4.82040000000000,4.17190000000000,0.00000000000000,0.61230000000000,2.7888,5078.2936,4.8204,4.8204,0.0000,0.6957,4.7370,0.8748,3.8622,-0.2474,5078.2936,NA,NA,NA
dwm.exe,2752,0x0,Other,-1,0,0,Hardware: Legacy Flip,5087.1557,NA,4.04170000000000,4.16650000000000,0.00000000000000,0.63580000000000,2.9136,5083.1140,4.0417,4.0417,0.0000,0.6123,4.0652,0.8509,3.2143,0.6539,5083.1140,NA,NA,NA
dwm.exe,2752,0x0,Other,-1,0,0,Hardware: Legacy Flip,5091.1526,NA,3.99690000000000,4.15250000000000,0.00000000000000,0.64240000000000,3.0692,5087.1557,3.9969,3.9969,0.0000,0.6358,4.0035,0.8295,3.1740,-0.1108,5087.1557,NA,NA,NA
dwm.exe,2752,0x0,Other,-1,0,0,Hardware: Legacy Flip,5095.2568,NA,4.10420000000000,4.16690000000000,0.00000000000000,0.64730000000000,3.1319,5091.1526,4.1042,4.1042,0.0000,0.6424,4.1091,0.8455,3.2636,-0.1700,5091.1526,NA,NA,NA
dwm.exe,2752,0x0,Other,-1,0,0,Hardware: Legacy Flip,5099.5293,NA,4.27250000000000,4.19040000000000,0.00000000000000,0.66960000000000,3.0498,5095.2568,4.2725,4.2725,0.0000,0.6473,4.2948,0.8624,3.4324,-0.0862,5095.2568,NA,NA,NA
dwm.exe,2752,0x0,Other,-1,0,0,Hardware: Legacy Flip,5103.6505,NA,4.12120000000000,4.15210000000000,0.00000000000000,0.62080000000000,3.0807,5099.5293,4.1212,4.1212,0.0000,0.6696,4.0724,0.8356,3.2368,0.1204,5099.5293,NA,NA,NA
dwm.exe,2752,0x0,Other,-1,0,0,Hardware: Legacy Flip,5107.7574,NA,4.10690000000000,4.18120000000000,0.00000000000000,0.65910000000000,3.1550,5103.6505,4.1069,4.1069,0.0000,0.6208,4.1452,0.8419,3.3033,-0.0600,5103.6505,NA,NA,NA
dwm.exe,2752,0x0,Other,-1,0,0,Hardware: Legacy Flip,5111.9368,NA,4.17940000000000,4.15620000000000,0.00000000000000,0.64760000000000,3.1318,5107.7574,4.1794,4.1794,0.0000,0.6591,4.1679,0.8321,3.3358,-0.0493,5107.7574,NA,NA,NA
dwm.exe,2752,0x0,Other,-1,0,0,Hardware: Legacy Flip,5116.1306,NA,4.19380000000000,4.16350000000000,0.00000000000000,0.64670000000000,3.1015,5111.9368,4.1938,4.1938,0.0000,0.6476,4.1929,0.8478,3.3451,0.0159,5111.9368,NA,NA,NA
dwm.exe,2752,0x0,Other,-1,0,0,Hardware: Legacy Flip,5120.2113,NA,4.08070000000000,4.16680000000000,0.00000000000000,0.68840000000000,3.1876,5116.1306,4.0807,4.0807,0.0000,0.6467,4.1224,0.8559,3.2665,0.0270,5116.1306,NA,NA,NA
dwm.exe,2752,0x0,Other,-1,0,0,Hardware: Legacy Flip,5124.4042,NA,4.19290000000000,4.14680000000000,0.00000000000000,0.67280000000000,3.1415,5120.2113,4.1929,4.1929,0.0000,0.6884,4.1773,0.8376,3.3397,-0.0661,5120.2113,NA,NA,NA
dwm.exe,2752,0x0,Other,-1,0,0,Hardware: Legacy Flip,5128.3714,NA,3.96720000000000,4.18880000000000,0.00000000000000,0.67140000000000,3.3631,5124.4042,3.9672,3.9672,0.0000,0.6728,3.9658,0.8777,3.0881,0.0041,5124.4042,NA,NA,NA
dwm.exe,2752,0x0,Other,-1,0,0,Hardware: Legacy Flip,5132.5906,NA,4.21920000000000,4.16510000000000,0.00000000000000,0.69440000000000,3.3090,5128.3714,4.2192,4.2192,0.0000,0.6714,4.2422,0.8516,3.3906,-0.1979,5128.3714,NA,NA,NA
dwm.exe,2752,0x0,Other,-1,0,0,Hardware: Legacy Flip,5136.7173,NA,4.12670000000000,4.16640000000000,0.00000000000000,0.69730000000000,3.3487,5132.5906,4.1267,4.1267,0.0000,0.6944,4.1296,0.8656,3.2640,0.0528,5132.5906,NA,NA,NA
dwm.exe,2752,0x0,Other,-1,0,0,Hardware: Legacy Flip,5140.9052,NA,4.18790000000000,4.16350000000000,0.00000000000000,0.69780000000000,3.3243,5136.7173,4.1879,4.1879,0.0000,0.6973,4.1884,0.8470,3.3414,-0.0368,5136.7173,NA,NA,NA
dwm.exe,2752,0x0,Other,-1,0,0,Hardware: Legacy Flip,5145.3301,NA,4.42490000000000,4.17740000000000,0.00000000000000,0.64380000000000,3.0768,5140.9052,4.4249,4.4249,0.0000,0.6978,4.3709,0.8472,3.5237,0.0105,5140.9052,NA,NA,NA
dwm.exe,2752,0x0,Other,-1,0,0,Hardware: Legacy Flip,5149.4844,NA,4.15430000000000,4.14900000000000,0.00000000000000,0.65400000000000,3.0715,5145.3301,4.1543,4.1543,0.0000,0.6438,4.1645,0.8524,3.3121,0.2759,5145.3301,NA,NA,NA
dwm.exe,2752,0x0,Other,-1,0,0,Hardware: Legacy Flip,5153.6172,NA,4.13280000000000,4.16770000000000,0.00000000000000,0.65170000000000,3.1064,5149.4844,4.1328,4.1328,0.0000,0.6540,4.1305,0.8400,3.2905,-0.0134,5149.4844,NA,NA,NA
dwm.exe,2752,0x0,Other,-1,0,0,Hardware: Legacy Flip,5157.9117,NA,4.29450000000000,4.16940000000000,0.00000000000000,0.63230000000000,2.9813,5153.6172,4.2945,4.2945,0.0000,0.6517,4.2751,0.8470,3.4281,-0.0366,5153.6172,NA,NA,NA
dwm.exe,2752,0x0,Other,-1,0,0,Hardware: Legacy Flip,5162.3764,NA,4.46470000000000,4.16520000000000,0.00000000000000,0.64390000000000,2.6818,5157.9117,4.4647,4.4647,0.0000,0.6323,4.4763,0.8346,3.6417,0.1293,5157.9117,NA,NA,NA
dwm.exe,2752,0x0,Other,-1,0,0,Hardware: Legacy Flip,5166.5849,NA,4.20850000000000,4.16150000000000,0.00000000000000,0.62680000000000,2.6348,5162.3764,4.2085,4.2085,0.0000,0.6439,4.1914,0.8707,3.3207,0.3032,5162.3764,NA,NA,NA
dwm.exe,2752,0x0,Other,-1,0,0,Hardware: Legacy Flip,5170.3995,NA,3.81460000000000,4.17630000000000,0.00000000000000,0.65310000000000,2.9965,5166.5849,3.8146,3.8146,0.0000,0.6268,3.8409,0.8336,3.0073,0.0322,5166.5849,NA,NA,NA
dwm.exe,2752,0x0,Other,-1,0,0,Hardware: Legacy Flip,5174.5252,NA,4.12570000000000,4.17250000000000,0.00000000000000,0.64490000000000,3.0433,5170.3995,4.1257,4.1257,0.0000,0.6531,4.1175,0.8464,3.2711,-0.3579,5170.3995,NA,NA,NA
dwm.exe,2752,0x0,Other,-1,0,0,Hardware: Legacy Flip,5178.6318,NA,4.10660000000000,4.16260000000000,0.00000000000000,0.66260000000000,3.0993,5174.5252,4.1066,4.1066,0.0000,0.6449,4.1243,0.8400,3.2843,-0.0369,5174.5252,NA,NA,NA
dwm.exe,2752,0x0,Other,-1,0,0,Hardware: Legacy Flip,5182.8320,NA,4.20020000000000,4.16230000000000,0.00000000000000,0.69480000000000,3.0614,5178.6318,4.2002,4.2002,0.0000,0.6626,4.2324,0.8913,3.3411,-0.0557,5178.6318,NA,NA,NA
dwm.exe,2752,0x0,Other,-1,0,0,Hardware: Legacy Flip,5186.9327,NA,4.10070000000000,4.16930000000000,0.00000000000000,0.65190000000000,3.1300,5182.8320,4.1007,4.1007,0.0000,0.6948,4.0578,0.8544,3.2034,0.0309,5182.8320,NA,NA,NA
dwm.exe,2752,0x0,Other,-1,0,0,Hardware: Legacy Flip,5190.9953,NA,4.06260000000000,4.17130000000000,0.00000000000000,0.64740000000000,3.2387,5186.9327,4.0626,4.0626,0.0000,0.6519,4.0581,0.8351,3.2230,-0.0706,5186.9327,NA,NA,NA
dwm.exe,2752,0x0,Other,-1,0,0,Hardware: Legacy Flip,5195.3306,NA,4.33530000000000,4.16460000000000,0.00000000000000,0.66290000000000,3.0680,5190.9953,4.3353,4.3353,0.0000,0.6474,4.3508,0.8606,3.4902,-0.1020,5190.9953,NA,NA,NA
dwm.exe,2752,0x0,Other,-1,0,0,Hardware: Legacy Flip,5199.1723,NA,3.84170000000000,4.16390000000000,0.00000000000000,0.69050000000000,3.3902,5195.3306,3.8417,3.8417,0.0000,0.6629,3.8693,0.8422,3.0271,0.1714,5195.3306,NA,NA,NA
dwm.exe,2752,0x0,Other,-1,0,0,Hardware: Legacy Flip,5203.2741,NA,4.10180000000000,4.14530000000000,0.00000000000000,0.69210000000000,3.4337,5199.1723,4.1018,4.1018,0.0000,0.6905,4.1034,0.8609,3.2425,-0.3036,5199.1723,NA,NA,NA
dwm.exe,2752,0x0,Other,-1,0,0,Hardware: Legacy Flip,5207.3964,NA,4.12230000000000,4.19250000000000,0.00000000000000,0.68790000000000,3.5039,5203.2741,4.1223,4.1223,0.0000,0.6921,4.1181,0.8491,3.2690,-0.0907,5203.2741,NA,NA,NA
dwm.exe,2752,0x0,Other,-1,0,0,Hardware: Legacy Flip,5212.2767,NA,4.88030000000000,4.15940000000000,0.00000000000000,0.62420000000000,2.7830,5207.3964,4.8803,4.8803,0.0000,0.6879,4.8166,0.8794,3.9372,-0.0371,5207.3964,NA,NA,NA
dwm.exe,2752,0x0,Other,-1,0,0,Hardware: Legacy Flip,5216.4786,NA,4.20190000000000,NA,0.00000000000000,0.00000000000000,NA,5212.2767,4.2019,4.2019,0.0000,0.0000,0.0000,0.0000,0.0000,NA,NA,NA,NA,NA
dwm.exe,2752,0x0,Other,-1,0,0,Hardware: Legacy Flip,5220.0795,NA,3.60090000000000,8.32040000000000,0.00000000000000,0.16950000000000,3.3006,5216.4786,3.6009,3.6009,0.0000,0.7208,3.0496,0.3543,2.6953,0.7618,5216.4786,NA,NA,NA
dwm.exe,2752,0x0,Other,-1,0,0,Hardware: Legacy Flip,5224.2467,NA,4.16720000000000,4.16020000000000,0.00000000000000,0.15600000000000,3.2936,5220.0795,4.1672,4.1672,0.0000,0.1695,4.1537,0.3457,3.8080,-0.5593,5220.0795,NA,NA,NA
dwm.exe,2752,0x0,Other,-1,0,0,Hardware: Legacy Flip,5228.0883,NA,3.84160000000000,4.17910000000000,0.00000000000000,0.13890000000000,3.6311,5224.2467,3.8416,3.8416,0.0000,0.1560,3.8245,0.3174,3.5071,-0.0119,5224.2467,NA,NA,NA
dwm.exe,2752,0x0,Other,-1,0,0,Hardware: Legacy Flip,5245.1383,NA,17.05000000000000,16.64500000000000,0.00000000000000,0.08440000000000,3.2261,5228.0883,17.0500,17.0500,0.0000,0.1389,16.9955,0.3087,16.6868,-12.8034,5228.0883,NA,NA,NA
dwm.exe,2752,0x0,Other,-1,0,0,Hardware: Legacy Flip,5261.5966,NA,16.45830000000000,16.67150000000000,0.00000000000000,0.01630000000000,3.4393,5245.1383,16.4583,16.4583,0.0000,0.0844,16.3902,0.2601,16.1301,0.3785,5245.1383,NA,NA,NA
dwm.exe,2752,0x0,Other,-1,0,0,Hardware: Legacy Flip,5278.1303,NA,16.53370000000000,16.66700000000000,0.00000000000000,0.01890000000000,3.5726,5261.5966,16.5337,16.5337,0.0000,0.0163,16.5363,0.1488,16.3875,-0.2087,5261.5966,NA,NA,NA
dwm.exe,2752,0x0,Other,-1,0,0,Hardware: Legacy Flip,5289.6436,NA,11.51330000000000,8.35870000000000,0.00000000000000,0.06640000000000,0.4180,5278.1303,11.5133,11.5133,0.0000,0.0189,11.5608,0.2320,11.3288,8.1750,5278.1303,NA,NA,NA
dwm.exe,2752,0x0,Other,-1,0,0,Hardware: Legacy Flip,5307.4632,NA,17.81960000000000,20.81860000000000,0.00000000000000,0.01600000000000,3.4170,5289.6436,17.8196,17.8196,0.0000,0.0664,17.7692,0.2339,17.5353,-9.3053,5289.6436,NA,NA,NA
dwm.exe,2752,0x0,Other,-1,0,0,Hardware: Legacy Flip,5316.0654,NA,8.60220000000000,8.34230000000000,0.00000000000000,0.12160000000000,3.1571,5307.4632,8.6022,8.6022,0.0000,0.0160,8.7078,0.3050,8.4028,9.4773,5307.4632,NA,NA,NA
dwm.exe,2752,0x0,Other,-1,0,0,Hardware: Legacy Flip,5340.6793,NA,24.61390000000000,24.97930000000000,0.00000000000000,0.09140000000000,3.5225,5316.0654,24.6139,24.6139,0.0000,0.1216,24.5837,0.3456,24.2381,-16.3771,5316.0654,NA,NA,NA
dwm.exe,2752,0x0,Other,-1,0,0,Hardware: Legacy Flip,5358.0140,NA,17.33470000000000,16.68670000000000,0.00000000000000,0.07950000000000,2.8745,5340.6793,17.3347,17.3347,0.0000,0.0914,17.3228,0.3387,16.9841,7.9272,5340.6793,NA,NA,NA
dwm.exe,2752,0x0,Other,-1,0,0,Hardware: Legacy Flip,5370.0884,NA,12.07440000000000,12.50240000000000,0.00000000000000,0.14100000000000,3.3025,5358.0140,12.0744,12.0744,0.0000,0.0795,12.1359,0.3908,11.7451,4.8323,5358.0140,NA,NA,NA
dwm.exe,2752,0x0,Other,-1,0,0,Hardware: Legacy Flip,5413.5481,NA,43.45970000000000,41.66740000000000,0.00000000000000,0.01750000000000,1.5102,5370.0884,43.4597,43.4597,0.0000,0.1410,43.3362,0.2262,43.1100,-29.5930,5370.0884,NA,NA,NA
dwm.exe,2752,0x0,Other,-1,0,0,Hardware: Legacy Flip,5432.5667,NA,19.01860000000000,20.82860000000000,0.00000000000000,0.11990000000000,3.3202,5413.5481,19.0186,19.0186,0.0000,0.0175,19.1210,0.3058,18.8152,22.6311,5413.5481,NA,NA,NA
dwm.exe,2752,0x0,Other,-1,0,0,Hardware: Legacy Flip,5448.9205,NA,16.35380000000000,16.66890000000000,0.00000000000000,0.01710000000000,3.6353,5432.5667,16.3538,16.3538,0.0000,0.1199,16.2510,0.1739,16.0771,2.3497,5432.5667,NA,NA,NA
dwm.exe,2752,0x0,Other,-1,0,0,Hardware: Legacy Flip,5465.5624,NA,16.64190000000000,16.65270000000000,0.00000000000000,0.01750000000000,3.6461,5448.9205,16.6419,16.6419,0.0000,0.0171,16.6423,0.2034,16.4389,-0.2989,5448.9205,NA,NA,NA
dwm.exe,2752,0x0,Other,-1,0,0,Hardware: Legacy Flip,5495.0479,NA,29.48550000000000,29.16820000000000,0.00000000000000,0.12470000000000,3.3288,5465.5624,29.4855,29.4855,0.0000,0.0175,29.5927,0.3266,29.2661,-12.5263,5465.5624,NA,NA,NA
dwm.exe,2752,0x0,Other,-1,0,0,Hardware: Legacy Flip,5509.3915,NA,14.34360000000000,12.51140000000000,0.00000000000000,0.01730000000000,1.4966,5495.0479,14.3436,14.3436,0.0000,0.1247,14.2362,0.1911,14.0451,16.9741,5495.0479,NA,NA,NA
dwm.exe,2752,0x0,Other,-1,0,0,Hardware: Legacy Flip,5511.4994,NA,2.10790000000000,4.17280000000000,0.00000000000000,0.03300000000000,3.5615,5509.3915,2.1079,2.1079,0.0000,0.0173,2.1236,0.2514,1.8722,10.1708,5509.3915,NA,NA,NA
dwm.exe,2752,0x0,Other,-1,0,0,Hardware: Legacy Flip,5522.0880,NA,10.58860000000000,8.33450000000000,0.00000000000000,0.01770000000000,1.3074,5511.4994,10.5886,10.5886,0.0000,0.0330,10.5733,0.2747,10.2986,-6.2266,5511.4994,NA,NA,NA
FlyingBird.exe,46456,0x1E2504FE000,DXGI,0,0,0,Composed: Copy with GPU GDI,4539.8636,NA,928.82820000000004,900.02020000000005,0.06600000000000,0.29160000000000,4.3594,3611.2059,928.7237,928.6577,0.0660,0.2114,928.7379,0.3937,928.3442,-837.4376,3611.2059,NA,NA,NA
dwm.exe,2752,0x0,Other,-1,0,0,Hardware: Legacy Flip,5525.3614,NA,3.27340000000000,4.14360000000000,0.00000000000000,0.04280000000000,2.1776,5522.0880,3.2734,3.2734,0.0000,0.0177,3.2985,0.2200,3.0785,6.4450,5522.0880,NA,NA,NA
dwm.exe,2752,0x0,Other,-1,0,0,Hardware: Legacy Flip,5553.3043,NA,27.94290000000000,29.17660000000000,0.00000000000000,0.01680000000000,3.4113,5525.3614,27.9429,27.9429,0.0000,0.0428,27.9169,0.2465,27.6704,-25.9032,5525.3614,NA,NA,NA
FlyingBird.exe,46456,0x1E2504FE000,DXGI,0,0,0,Composed: Copy with GPU GDI,5540.0701,NA,1000.20650000000001,1012.49260000000004,0.09270000000000,0.34690000000000,16.6455,4539.9296,1000.2332,1000.1405,0.0927,0.2301,1000.2573,0.3379,999.9194,-83.7689,4539.9296,NA,NA,NA
dwm.exe,2752,0x0,Other,-1,0,0,Hardware: Legacy Flip,5570.0369,NA,16.73260000000000,16.66380000000000,0.00000000000000,0.02490000000000,3.3425,5553.3043,16.7326,16.7326,0.0000,0.0168,16.7407,0.1901,16.5506,11.2791,5553.3043,NA,NA,NA
dwm.exe,2752,0x0,Other,-1,0,0,Hardware: Legacy Flip,5631.5947,NA,61.55780000000000,62.51520000000000,0.00000000000000,0.01670000000000,4.2999,5570.0369,61.5578,61.5578,0.0000,0.0249,61.5496,0.1980,61.3516,-45.7826,5570.0369,NA,NA,NA
dwm.exe,2752,0x0,Other,-1,0,0,Hardware: Legacy Flip,5665.9490,NA,34.35430000000000,33.31340000000000,0.00000000000000,0.01870000000000,3.2590,5631.5947,34.3543,34.3543,0.0000,0.0167,34.3563,0.3045,34.0518,28.2444,5631.5947,NA,NA,NA
dwm.exe,2752,0x0,Other,-1,0,0,Hardware: Legacy Flip,5678.2980,NA,12.34900000000000,12.50710000000000,0.00000000000000,0.01810000000000,3.4171,5665.9490,12.3490,12.3490,0.0000,0.0187,12.3484,0.1524,12.1960,21.8472,5665.9490,NA,NA,NA
dwm.exe,2752,0x0,Other,-1,0,0,Hardware: Legacy Flip,5740.0461,NA,61.74810000000000,62.50680000000000,0.00000000000000,0.05560000000000,4.1758,5678.2980,61.7481,61.7481,0.0000,0.0181,61.7856,0.3576,61.4280,-50.1578,5678.2980,NA,NA,NA
dwm.exe,2752,0x0,Other,-1,0,0,Hardware: Legacy Flip,5774.2212,NA,34.17510000000000,33.34470000000000,0.00000000000000,0.01800000000000,3.3454,5740.0461,34.1751,34.1751,0.0000,0.0556,34.1375,0.2580,33.8795,28.4034,5740.0461,NA,NA,NA
dwm.exe,2752,0x0,Other,-1,0,0,Hardware: Legacy Flip,5790.9588,NA,16.73760000000000,16.66690000000000,0.00000000000000,0.01790000000000,3.2747,5774.2212,16.7376,16.7376,0.0000,0.0180,16.7375,0.2020,16.5355,17.5082,5774.2212,NA,NA,NA
dwm.exe,2752,0x0,Other,-1,0,0,Hardware: Legacy Flip,5807.6421,NA,16.68330000000000,16.66100000000000,0.00000000000000,0.11630000000000,3.2524,5790.9588,16.6833,16.6833,0.0000,0.0179,16.7817,0.3151,16.4666,0.0766,5790.9588,NA,NA,NA
dwm.exe,2752,0x0,Other,-1,0,0,Hardware: Legacy Flip,5849.2671,NA,41.62500000000000,41.68830000000000,0.00000000000000,0.12480000000000,3.3157,5807.6421,41.6250,41.6250,0.0000,0.1163,41.6335,0.4208,41.2127,-25.0050,5807.6421,NA,NA,NA
dwm.exe,2752,0x0,Other,-1,0,0,Hardware: Legacy Flip,5882.5497,NA,33.28260000000000,33.32000000000000,0.00000000000000,0.11650000000000,3.3531,5849.2671,33.2826,33.2826,0.0000,0.1248,33.2743,0.3003,32.9740,8.3050,5849.2671,NA,NA,NA
dwm.exe,2752,0x0,Other,-1,0,0,Hardware: Legacy Flip,5899.0214,NA,16.47170000000000,16.66020000000000,0.00000000000000,0.01440000000000,3.5416,5882.5497,16.4717,16.4717,0.0000,0.1165,16.3696,0.1350,16.2346,16.6224,5882.5497,NA,NA,NA
dwm.exe,2752,0x0,Other,-1,0,0,Hardware: Legacy Flip,5957.8496,NA,58.82820000000000,58.32820000000000,0.00000000000000,0.01790000000000,3.0416,5899.0214,58.8282,58.8282,0.0000,0.0144,58.8317,0.2480,58.5837,-41.8565,5899.0214,NA,NA,NA
dwm.exe,2752,0x0,Other,-1,0,0,Hardware: Legacy Flip,5990.8614,NA,33.01180000000000,33.34240000000000,0.00000000000000,0.01820000000000,3.3722,5957.8496,33.0118,33.0118,0.0000,0.0179,33.0121,0.3366,32.6755,25.4858,5957.8496,NA,NA,NA
dwm.exe,2752,0x0,Other,-1,0,0,Hardware: Legacy Flip,6007.6005,NA,16.73910000000000,16.66070000000000,0.00000000000000,0.01860000000000,3.2938,5990.8614,16.7391,16.7391,0.0000,0.0182,16.7395,0.2132,16.5263,16.3511,5990.8614,NA,NA,NA
dwm.exe,2752,0x0,Other,-1,0,0,Hardware: Legacy Flip,6068.9887,NA,61.38820000000000,58.32400000000000,0.00000000000000,0.01750000000000,0.2296,6007.6005,61.3882,61.3882,0.0000,0.0186,61.3871,0.2148,61.1723,-41.5849,6007.6005,NA,NA,NA
dwm.exe,2752,0x0,Other,-1,0,0,Hardware: Legacy Flip,6103.3304,NA,34.34170000000000,37.49970000000000,0.00000000000000,0.01710000000000,3.3876,6068.9887,34.3417,34.3417,0.0000,0.0175,34.3413,0.2111,34.1302,23.8885,6068.9887,NA,NA,NA
dwm.exe,2752,0x0,Other,-1,0,0,Hardware: Legacy Flip,6107.9032,NA,4.57280000000000,4.17490000000000,0.00000000000000,0.01790000000000,2.9897,6103.3304,4.5728,4.5728,0.0000,0.0171,4.5736,0.1976,4.3760,30.1668,6103.3304,NA,NA,NA
dwm.exe,2752,0x0,Other,-1,0,0,Hardware: Legacy Flip,6111.9003,NA,3.99710000000000,4.17310000000000,0.00000000000000,0.01900000000000,3.1657,6107.9032,3.9971,3.9971,0.0000,0.0179,3.9982,0.2639,3.7343,0.3997,6107.9032,NA,NA,NA
dwm.exe,2752,0x0,Other,-1,0,0,Hardware: Legacy Flip,6115.7806,NA,3.88030000000000,4.15870000000000,0.00000000000000,1.49720000000000,3.4441,6111.9003,3.8803,3.8803,0.0000,0.0190,5.3585,1.6896,3.6689,-0.1616,6111.9003,NA,NA,NA
dwm.exe,2752,0x0,Other,-1,0,0,Hardware: Legacy Flip,6120.0894,NA,4.30880000000000,4.16730000000000,0.00000000000000,0.13420000000000,3.3026,6115.7806,4.3088,4.3088,0.0000,1.4972,2.9458,0.3040,2.6418,-0.2870,6115.7806,NA,NA,NA
dwm.exe,2752,0x0,Other,-1,0,0,Hardware: Legacy Flip,6165.9313,NA,45.84190000000000,45.82020000000000,0.00000000000000,0.03460000000000,3.2809,6120.0894,45.8419,45.8419,0.0000,0.1342,45.7423,0.2772,45.4651,-41.5114,6120.0894,NA,NA,NA
dwm.exe,2752,0x0,Other,-1,0,0,Hardware: Legacy Flip,6176.5408,NA,10.60950000000000,8.35420000000000,0.00000000000000,0.08740000000000,1.0256,6165.9313,10.6095,10.6095,0.0000,0.0346,10.6623,0.3098,10.3525,37.4877,6165.9313,NA,NA,NA
dwm.exe,2752,0x0,Other,-1,0,0,Hardware: Legacy Flip,6178.4419,NA,1.90110000000000,4.15930000000000,0.00000000000000,0.03660000000000,3.2838,6176.5408,1.9011,1.9011,0.0000,0.0874,1.8503,0.2755,1.5748,6.4502,6176.5408,NA,NA,NA
dwm.exe,2752,0x0,Other,-1,0,0,Hardware: Legacy Flip,6195.3123,NA,16.87040000000000,16.67300000000000,0.00000000000000,0.02080000000000,3.0864,6178.4419,16.8704,16.8704,0.0000,0.0366,16.8546,0.2004,16.6542,-14.7719,6178.4419,NA,NA,NA
dwm.exe,2752,0x0,Other,-1,0,0,Hardware: Legacy Flip,6207.4090,NA,12.09670000000000,12.50330000000000,0.00000000000000,0.01310000000000,3.4930,6195.3123,12.0967,12.0967,0.0000,0.0208,12.0890,0.1878,11.9012,4.3671,6195.3123,NA,NA,NA
dwm.exe,2752,0x0,Other,-1,0,0,Hardware: Legacy Flip,6224.0443,NA,16.63530000000000,16.67370000000000,0.00000000000000,0.01430000000000,3.5314,6207.4090,16.6353,16.6353,0.0000,0.0131,16.6365,0.2080,16.4285,-4.5770,6207.4090,NA,NA,NA
dwm.exe,2752,0x0,Other,-1,0,0,Hardware: Legacy Flip,6261.6933,NA,37.64900000000000,37.49360000000000,0.00000000000000,0.01680000000000,3.3760,6224.0443,37.6490,37.6490,0.0000,0.0143,37.6515,0.2648,37.3867,-20.8583,6224.0443,NA,NA,NA
dwm.exe,2752,0x0,Other,-1,0,0,Hardware: Legacy Flip,6285.1355,NA,23.44220000000000,20.82430000000000,0.00000000000000,0.01850000000000,0.7581,6261.6933,23.4422,23.4422,0.0000,0.0168,23.4439,0.2194,23.2245,16.8247,6261.6933,NA,NA,NA
dwm.exe,2752,0x0,Other,-1,0,0,Hardware: Legacy Flip,6303.4742,NA,18.33870000000000,20.83760000000000,0.00000000000000,0.12240000000000,3.2570,6285.1355,18.3387,18.3387,0.0000,0.0185,18.4426,0.4496,17.9930,2.6046,6285.1355,NA,NA,NA
dwm.exe,2752,0x0,Other,-1,0,0,Hardware: Legacy Flip,6315.9046,NA,12.43040000000000,12.51070000000000,0.00000000000000,0.01890000000000,3.3373,6303.4742,12.4304,12.4304,0.0000,0.1224,12.3269,0.2006,12.1263,5.8280,6303.4742,NA,NA,NA
dwm.exe,2752,0x0,Other,-1,0,0,Hardware: Legacy Flip,6332.6060,NA,16.70140000000000,16.65730000000000,0.00000000000000,0.01740000000000,3.2932,6315.9046,16.7014,16.7014,0.0000,0.0189,16.6999,0.1954,16.5045,-4.2269,6315.9046,NA,NA,NA
dwm.exe,2752,0x0,Other,-1,0,0,Hardware: Legacy Flip,6410.2656,NA,77.65960000000000,75.00770000000000,0.00000000000000,0.13570000000000,0.6413,6332.6060,77.6596,77.6596,0.0000,0.0174,77.7779,0.3647,77.4132,-58.3063,6332.6060,NA,NA,NA
dwm.exe,2752,0x1,Other,-1,0,0,Hardware: Legacy Flip,6440.7795,NA,1224.30019999999990,1225.00720000000001,0.00000000000000,0.01750000000000,3.4666,5216.4793,1224.3002,1224.3002,0.0000,1211.8198,12.4979,0.1897,12.3082,NA,5216.4793,NA,NA,NA
wallpaper64.exe,9472,0x215EB550BE0,DXGI,0,512,0,Composed: Flip,6433.3846,NA,1.13530000000000,NA,0.40920000000000,10.38230000000000,NA,6433.1395,0.6543,0.2451,0.4092,5.5481,5.0793,5.0736,0.0057,NA,NA,NA,NA,NA
dwm.exe,2752,0x0,Other,-1,0,0,Hardware: Legacy Flip,6428.2853,NA,18.01970000000000,20.82660000000000,0.00000000000000,0.01380000000000,3.4482,6410.2656,18.0197,18.0197,0.0000,0.1357,17.8978,0.1644,17.7334,56.8330,6410.2656,NA,NA,NA
dwm.exe,2752,0x0,Other,-1,0,0,Hardware: Legacy Flip,6440.7770,NA,12.49170000000000,NA,0.00000000000000,0.00000000000000,NA,6428.2853,12.4917,12.4917,0.0000,0.0000,0.0000,0.0000,0.0000,NA,NA,NA,NA,NA
dwm.exe,2752,0x0,Other,-1,0,0,Hardware: Legacy Flip,6444.9749,NA,4.19790000000000,NA,0.00000000000000,0.00000000000000,NA,6440.7770,4.1979,4.1979,0.0000,0.0000,0.0000,0.0000,0.0000,NA,NA,NA,NA,NA
dwm.exe,2752,0x1,Other,-1,0,0,Hardware: Legacy Flip,6444.9770,NA,4.19750000000000,4.17510000000000,0.00000000000000,0.01660000000000,3.4442,6440.7795,4.1975,4.1975,0.0000,0.0175,4.1966,0.4099,3.7867,1220.1251,6440.7795,NA,NA,NA
wallpaper64.exe,9472,0x215EB550BE0,DXGI,0,512,0,Composed: Flip,6450.4776,NA,17.09300000000000,NA,0.08320000000000,3.75090000000000,NA,6433.7938,16.7670,16.6838,0.0832,16.5774,3.8573,3.6034,0.2539,NA,NA,NA,NA,NA
dwm.exe,2752,0x0,Other,-1,0,0,Hardware: Legacy Flip,6448.8616,NA,3.88670000000000,20.83860000000000,0.00000000000000,0.11280000000000,3.7105,6444.9749,3.8867,3.8867,0.0000,0.0187,3.9808,0.3358,3.6450,13.8707,6444.9749,NA,NA,NA
dwm.exe,2752,0x0,Other,-1,0,0,Hardware: Legacy Flip,6454.9012,NA,6.03960000000000,NA,0.00000000000000,0.00000000000000,NA,6448.8616,6.0396,6.0396,0.0000,0.0000,0.0000,0.0000,0.0000,NA,NA,NA,NA,NA
wallpaper64.exe,9472,0x215EB550BE0,DXGI,0,512,1,Hardware Composed: Independent Flip,6467.7107,NA,17.23310000000000,NA,0.20080000000000,4.48480000000000,5.7038,6450.5608,17.3507,17.1499,0.2008,17.2212,4.4135,3.8215,0.5920,NA,6450.5608,NA,NA,NA
dwm.exe,2752,0x0,Other,-1,0,0,Hardware: Legacy Flip,6474.1465,NA,19.24530000000000,25.01070000000000,0.00000000000000,0.06460000000000,3.4363,6454.9012,19.2453,19.2453,0.0000,0.0240,19.2859,0.2537,19.0322,-15.0844,6454.9012,NA,NA,NA
wallpaper64.exe,9472,0x215EB550BE0,DXGI,0,512,1,Hardware Composed: Independent Flip,6484.9797,NA,17.26900000000000,15.36650000000000,0.19300000000000,3.79310000000000,3.8013,6467.9115,17.2612,17.0682,0.1930,4.2840,16.5773,3.7199,12.8574,1.9842,6467.9115,NA,NA,NA
dwm.exe,2752,0x0,Other,-1,0,0,Hardware: Legacy Flip,6489.5625,NA,15.41600000000000,12.48610000000000,0.00000000000000,0.01610000000000,0.5064,6474.1465,15.4160,15.4160,0.0000,0.0646,15.3675,0.2709,15.0966,6.7592,6474.1465,NA,NA,NA
dwm.exe,2752,0x0,Other,-1,0,0,Hardware: Legacy Flip,6506.7046,NA,17.14210000000000,20.84210000000000,0.00000000000000,0.05880000000000,4.2064,6489.5625,17.1421,17.1421,0.0000,0.0161,17.1848,0.2539,16.9309,-5.4261,6489.5625,NA,NA,NA
dwm.exe,2752,0x0,Other,-1,0,0,Hardware: Legacy Flip,6511.2769,NA,4.57230000000000,4.17720000000000,0.00000000000000,0.04170000000000,3.8113,6506.7046,4.5723,4.5723,0.0000,0.0588,4.5552,0.1451,4.4101,12.9649,6506.7046,NA,NA,NA
dwm.exe,2752,0x0,Other,-1,0,0,Hardware: Legacy Flip,6515.4847,NA,4.20780000000000,4.17820000000000,0.00000000000000,0.05070000000000,3.7817,6511.2769,4.2078,4.2078,0.0000,0.0417,4.2168,0.2074,4.0094,0.3941,6511.2769,NA,NA,NA
wallpaper64.exe,9472,0x215EB550BE0,DXGI,0,512,1,Hardware Composed: Independent Flip,6501.6236,NA,16.64390000000000,16.88910000000000,0.23030000000000,4.03790000000000,4.0465,6485.1727,16.6812,16.4509,0.2303,3.6001,16.8887,3.7773,13.1114,0.3721,6485.1727,NA,NA,NA
dwm.exe,2752,0x0,Other,-1,0,0,Hardware: Legacy Flip,6522.2182,NA,6.73350000000000,4.23220000000000,0.00000000000000,0.10870000000000,1.2804,6515.4847,6.7335,6.7335,0.0000,0.0507,6.7915,0.2588,6.5327,-0.0244,6515.4847,NA,NA,NA
FlyingBird.exe,46456,0x1E2504FE000,DXGI,0,0,0,Composed: Copy with GPU GDI,5618.0879,NA,78.01779999999999,79.17900000000000,0.07580000000000,0.26750000000000,17.8067,5540.1628,78.0009,77.9251,0.0758,0.2592,77.9334,0.3253,77.6081,921.0542,5540.1628,NA,NA,NA
dwm.exe,2752,0x0,Other,-1,0,0,Hardware: Legacy Flip,6524.2864,NA,2.06820000000000,4.08590000000000,0.00000000000000,0.01540000000000,3.2981,6522.2182,2.0682,2.0682,0.0000,0.1087,1.9749,0.2091,1.7658,2.6476,6522.2182,NA,NA,NA
wallpaper64.exe,9472,0x215EB550BE0,DXGI,0,512,1,Hardware Composed: Independent Flip,6518.2224,NA,16.59880000000000,17.82920000000000,0.20150000000000,5.26510000000000,5.2769,6501.8539,16.5700,16.3685,0.2015,3.8076,17.8260,4.1193,13.7067,-1.1480,6501.8539,NA,NA,NA
dwm.exe,2752,0x0,Other,-1,0,0,Hardware: Legacy Flip,6528.0421,NA,3.75570000000000,4.16710000000000,0.00000000000000,0.06530000000000,3.7095,6524.2864,3.7557,3.7557,0.0000,0.0154,3.8056,0.2216,3.5840,-2.0989,6524.2864,NA,NA,NA
dwm.exe,2752,0x0,Other,-1,0,0,Hardware: Legacy Flip,6538.4071,NA,10.36500000000000,8.32440000000000,0.00000000000000,0.78570000000000,1.6689,6528.0421,10.3650,10.3650,0.0000,0.0653,11.0854,1.0091,10.0763,-4.5687,6528.0421,NA,NA,NA
wallpaper64.exe,9472,0x215EB550BE0,DXGI,0,512,1,Hardware Composed: Independent Flip,6534.7767,NA,16.55430000000000,15.67940000000000,0.14580000000000,4.39250000000000,4.4020,6518.4239,16.4986,16.3528,0.1458,5.0636,15.6817,4.0279,11.6538,0.8906,6518.4239,NA,NA,NA
dwm.exe,2752,0x0,Other,-1,0,0,Hardware: Legacy Flip,6540.7207,NA,2.31360000000000,4.18110000000000,0.00000000000000,0.04830000000000,3.5364,6538.4071,2.3136,2.3136,0.0000,0.7857,1.5762,0.1847,1.3915,6.1839,6538.4071,NA,NA,NA
dwm.exe,2752,0x0,Other,-1,0,0,Hardware: Legacy Flip,6553.4769,NA,12.75620000000000,12.48330000000000,0.00000000000000,0.22520000000000,3.2635,6540.7207,12.7562,12.7562,0.0000,0.0483,12.9331,0.4435,12.4896,-10.1697,6540.7207,NA,NA,NA
wallpaper64.exe,9472,0x215EB550BE0,DXGI,0,512,1,Hardware Composed: Independent Flip,6551.3339,NA,16.55720000000000,16.54700000000000,0.19590000000000,4.31500000000000,4.3918,6534.9225,16.6073,16.4114,0.1959,4.2467,16.4797,4.2454,12.2343,-0.0484,6534.9225,NA,NA,NA
dwm.exe,2752,0x0,Other,-1,0,0,Hardware: Legacy Flip,6557.2473,NA,3.77040000000000,4.17040000000000,0.00000000000000,0.03190000000000,3.6635,6553.4769,3.7704,3.7704,0.0000,0.2252,3.5771,0.2267,3.3504,8.5858,6553.4769,NA,NA,NA
wallpaper64.exe,9472,0x215EB550BE0,DXGI,0,512,1,Hardware Composed: Independent Flip,6567.8650,NA,16.53110000000000,16.00160000000000,0.19530000000000,3.85280000000000,3.8623,6551.5298,16.5305,16.3352,0.1953,4.1191,16.0689,3.8517,12.2172,0.6057,6551.5298,NA,NA,NA
dwm.exe,2752,0x0,Other,-1,0,0,Hardware: Legacy Flip,6572.4880,NA,15.24070000000000,12.50380000000000,0.00000000000000,0.05580000000000,0.9266,6557.2473,15.2407,15.2407,0.0000,0.0319,15.2646,0.2364,15.0282,-8.7334,6557.2473,NA,NA,NA
wallpaper64.exe,9472,0x215EB550BE0,DXGI,0,512,1,Hardware Composed: Independent Flip,6584.3010,NA,16.43600000000000,16.56610000000000,0.19610000000000,3.98200000000000,3.9924,6568.0603,16.4368,16.2407,0.1961,3.6575,16.5652,3.7755,12.7897,-0.0356,6568.0603,NA,NA,NA
dwm.exe,2752,0x0,Other,-1,0,0,Hardware: Legacy Flip,6589.1443,NA,16.65630000000000,16.69080000000000,0.00000000000000,0.01690000000000,0.9611,6572.4880,16.6563,16.6563,0.0000,0.0558,16.6174,0.2529,16.3645,-1.4501,6572.4880,NA,NA,NA
wallpaper64.exe,9472,0x215EB550BE0,DXGI,0,512,1,Hardware Composed: Independent Flip,6600.8752,NA,16.57420000000000,16.59740000000000,0.11910000000000,4.00220000000000,4.0156,6584.4971,16.4972,16.3781,0.1191,3.7859,16.5944,3.9382,12.6562,-0.1606,6584.4971,NA,NA,NA
dwm.exe,2752,0x0,Other,-1,0,0,Hardware: Legacy Flip,6605.9340,NA,16.78970000000000,16.63220000000000,0.00000000000000,0.12380000000000,0.8036,6589.1443,16.7897,16.7897,0.0000,0.0169,16.8966,0.3659,16.5307,0.0241,6589.1443,NA,NA,NA
dwm.exe,2752,0x0,Other,-1,0,0,Hardware: Legacy Flip,6622.7050,NA,16.77100000000000,16.66710000000000,0.00000000000000,0.01770000000000,0.6997,6605.9340,16.7710,16.7710,0.0000,0.1238,16.6649,0.2018,16.4631,0.1226,6605.9340,NA,NA,NA
dwm.exe,2752,0x0,Other,-1,0,0,Hardware: Legacy Flip,6631.1118,NA,8.40680000000000,8.35800000000000,0.00000000000000,0.01820000000000,0.6509,6622.7050,8.4068,8.4068,0.0000,0.0177,8.4073,0.2084,8.1989,8.4130,6622.7050,NA,NA,NA
wallpaper64.exe,9472,0x215EB550BE0,DXGI,0,512,1,Hardware Composed: Independent Flip,6617.9136,NA,17.03840000000000,16.92090000000000,0.15020000000000,3.88220000000000,3.8981,6600.9943,17.0695,16.9193,0.1502,3.8831,16.9184,3.8465,13.0719,-0.4237,6600.9943,NA,NA,NA
dwm.exe,2752,0x0,Other,-1,0,0,Hardware: Legacy Flip,6632.6479,NA,1.53610000000000,4.16160000000000,0.00000000000000,0.02540000000000,3.2764,6631.1118,1.5361,1.5361,0.0000,0.0182,1.5433,0.1895,1.3538,4.2452,6631.1118,NA,NA,NA
dwm.exe,2752,0x0,Other,-1,0,0,Hardware: Legacy Flip,6639.1140,NA,6.46610000000000,4.17760000000000,0.00000000000000,0.05780000000000,0.9879,6632.6479,6.4661,6.4661,0.0000,0.0254,6.4985,0.2128,6.2857,-2.6415,6632.6479,NA,NA,NA
dwm.exe,2752,0x0,Other,-1,0,0,Hardware: Legacy Flip,6641.1298,NA,2.01580000000000,4.15910000000000,0.00000000000000,0.01740000000000,3.1312,6639.1140,2.0158,2.0158,0.0000,0.0578,1.9754,0.2595,1.7159,2.3070,6639.1140,NA,NA,NA
wallpaper64.exe,9472,0x215EB550BE0,DXGI,0,512,1,Hardware Composed: Independent Flip,6634.3118,NA,16.39820000000000,16.46910000000000,0.19230000000000,3.95880000000000,3.9690,6618.0638,16.4403,16.2480,0.1923,3.7320,16.4748,3.8792,12.5956,0.6004,6618.0638,NA,NA,NA
dwm.exe,2752,0x0,Other,-1,0,0,Hardware: Legacy Flip,6644.8519,NA,3.72210000000000,4.15040000000000,0.00000000000000,0.03630000000000,3.5595,6641.1298,3.7221,3.7221,0.0000,0.0174,3.7410,0.2700,3.4710,-2.1346,6641.1298,NA,NA,NA
dwm.exe,2752,0x0,Other,-1,0,0,Hardware: Legacy Flip,6655.4387,NA,10.58680000000000,8.34660000000000,0.00000000000000,0.06120000000000,1.3193,6644.8519,10.5868,10.5868,0.0000,0.0363,10.6117,0.2171,10.3946,-4.6245,6644.8519,NA,NA,NA
wallpaper64.exe,9472,0x215EB550BE0,DXGI,0,512,1,Hardware Composed: Independent Flip,6650.9091,NA,16.59730000000000,16.64830000000000,0.22480000000000,3.94600000000000,4.0200,6634.5041,16.6298,16.4050,0.2248,3.7665,16.5845,3.6999,12.8846,-0.2080,6634.5041,NA,NA,NA
dwm.exe,2752,0x0,Other,-1,0,0,Hardware: Legacy Flip,6661.6791,NA,6.24040000000000,8.35660000000000,0.00000000000000,0.01200000000000,3.4355,6655.4387,6.2404,6.2404,0.0000,0.0612,6.1912,0.2092,5.9820,2.2302,6655.4387,NA,NA,NA
wallpaper64.exe,9472,0x215EB550BE0,DXGI,0,512,1,Hardware Composed: Independent Flip,6667.4512,NA,16.54210000000000,16.63430000000000,0.21670000000000,4.10310000000000,4.1122,6651.1339,16.5340,16.3173,0.2167,3.7212,16.6992,3.9111,12.7881,-0.0045,6651.1339,NA,NA,NA
dwm.exe,2752,0x0,Other,-1,0,0,Hardware: Legacy Flip,6672.1944,NA,10.51530000000000,8.29570000000000,0.00000000000000,0.07020000000000,1.2159,6661.6791,10.5153,10.5153,0.0000,0.0120,10.5735,0.2346,10.3389,-2.0553,6661.6791,NA,NA,NA
dwm.exe,2752,0x0,Other,-1,0,0,Hardware: Legacy Flip,6688.4332,NA,16.23880000000000,16.69910000000000,0.00000000000000,0.06240000000000,1.6762,6672.1944,16.2388,16.2388,0.0000,0.0702,16.2310,0.2202,16.0108,-6.1838,6672.1944,NA,NA,NA
wallpaper64.exe,9472,0x215EB550BE0,DXGI,0,512,1,Hardware Composed: Independent Flip,6683.9790,NA,16.52780000000000,16.28230000000000,0.19220000000000,3.85690000000000,3.8667,6667.6679,16.5033,16.3111,0.1922,3.8864,16.2816,3.7862,12.4954,0.2517,6667.6679,NA,NA,NA
dwm.exe,2752,0x0,Other,-1,0,0,Hardware: Legacy Flip,6699.5393,NA,11.10610000000000,12.49880000000000,0.00000000000000,0.14520000000000,3.0689,6688.4332,11.1061,11.1061,0.0000,0.0624,11.1889,0.4109,10.7780,3.7400,6688.4332,NA,NA,NA
dwm.exe,2752,0x0,Other,-1,0,0,Hardware: Legacy Flip,6705.1047,NA,5.56540000000000,4.17100000000000,0.00000000000000,0.07170000000000,1.6745,6699.5393,5.5654,5.5654,0.0000,0.1452,5.4919,0.1778,5.3141,6.9351,6699.5393,NA,NA,NA
wallpaper64.exe,9472,0x215EB550BE0,DXGI,0,512,1,Hardware Composed: Independent Flip,6700.4398,NA,16.46080000000000,16.45230000000000,0.19000000000000,3.84750000000000,3.8582,6684.1712,16.4586,16.2686,0.1900,3.6647,16.4514,3.7893,12.6621,0.0510,6684.1712,NA,NA,NA
dwm.exe,2752,0x0,Other,-1,0,0,Hardware: Legacy Flip,6715.8275,NA,10.72280000000000,12.49410000000000,0.00000000000000,0.04600000000000,3.4458,6705.1047,10.7228,10.7228,0.0000,0.0717,10.6971,0.2198,10.4773,-6.9287,6705.1047,NA,NA,NA
dwm.exe,2752,0x0,Other,-1,0,0,Hardware: Legacy Flip,6720.2063,NA,4.37880000000000,4.17110000000000,0.00000000000000,0.92410000000000,3.2381,6715.8275,4.3788,4.3788,0.0000,0.0460,5.2569,1.2116,4.0453,6.5517,6715.8275,NA,NA,NA
wallpaper64.exe,9472,0x215EB550BE0,DXGI,0,512,1,Hardware Composed: Independent Flip,6717.0133,NA,16.57350000000000,16.81130000000000,0.22070000000000,4.08260000000000,4.0960,6700.6298,16.6042,16.3835,0.2207,3.6575,16.8086,4.0007,12.8079,-0.3527,6700.6298,NA,NA,NA
dwm.exe,2752,0x0,Other,-1,0,0,Hardware: Legacy Flip,6724.1698,NA,3.96350000000000,4.16490000000000,0.00000000000000,0.01610000000000,3.4395,6720.2063,3.9635,3.9635,0.0000,0.9241,3.0555,0.2116,2.8439,0.2139,6720.2063,NA,NA,NA
dwm.exe,2752,0x0,Other,-1,0,0,Hardware: Legacy Flip,6739.0326,NA,14.86280000000000,12.46800000000000,0.00000000000000,0.01720000000000,1.0447,6724.1698,14.8628,14.8628,0.0000,0.0161,14.8639,0.2148,14.6491,-8.5045,6724.1698,NA,NA,NA
wallpaper64.exe,9472,0x215EB550BE0,DXGI,0,512,1,Hardware Composed: Independent Flip,6733.9381,NA,16.92480000000000,16.85530000000000,0.20920000000000,4.01790000000000,4.0265,6717.2340,16.9133,16.7041,0.2092,3.8619,16.8601,3.7689,13.0912,-0.2511,6717.2340,NA,NA,NA
dwm.exe,2752,0x0,Other,-1,0,0,Hardware: Legacy Flip,6740.5903,NA,1.55770000000000,4.15980000000000,0.00000000000000,0.04080000000000,3.6468,6739.0326,1.5577,1.5577,0.0000,0.0172,1.5813,0.2018,1.3795,10.7030,6739.0326,NA,NA,NA
dwm.exe,2752,0x0,Other,-1,0,0,Hardware: Legacy Flip,6753.3601,NA,12.76980000000000,12.51240000000000,0.00000000000000,1.11380000000000,3.3894,6740.5903,12.7698,12.7698,0.0000,0.0408,13.8428,1.3514,12.4914,-10.9547,6740.5903,NA,NA,NA
dwm.exe,2752,0x0,Other,-1,0,0,Hardware: Legacy Flip,6757.2863,NA,3.92620000000000,4.17540000000000,0.00000000000000,0.03340000000000,3.6386,6753.3601,3.9262,3.9262,0.0000,1.1138,2.8458,0.1957,2.6501,8.5944,6753.3601,NA,NA,NA
wallpaper64.exe,9472,0x215EB550BE0,DXGI,0,512,1,Hardware Composed: Independent Flip,6750.4937,NA,16.55560000000000,16.49490000000000,0.18640000000000,3.89000000000000,3.9658,6734.1473,16.5328,16.3464,0.1864,3.8087,16.4277,3.8326,12.5951,0.4184,6734.1473,NA,NA,NA
dwm.exe,2752,0x0,Other,-1,0,0,Hardware: Legacy Flip,6766.0785,NA,8.79220000000000,8.33520000000000,0.00000000000000,0.12040000000000,3.1816,6757.2863,8.7922,8.7922,0.0000,0.0334,8.8792,0.3881,8.4911,-4.4090,6757.2863,NA,NA,NA
dwm.exe,2752,0x0,Other,-1,0,0,Hardware: Legacy Flip,6770.2763,NA,4.19780000000000,4.15580000000000,0.00000000000000,0.82500000000000,3.1396,6766.0785,4.1978,4.1978,0.0000,0.1204,4.9024,0.9467,3.9557,4.6364,6766.0785,NA,NA,NA
wallpaper64.exe,9472,0x215EB550BE0,DXGI,0,512,1,Hardware Composed: Independent Flip,6766.9539,NA,16.46020000000000,16.61500000000000,0.17380000000000,4.10970000000000,4.1206,6750.6801,16.4476,16.2738,0.1738,3.7036,16.6799,4.0585,12.6214,-0.0822,6750.6801,NA,NA,NA
dwm.exe,2752,0x0,Other,-1,0,0,Hardware: Legacy Flip,6774.0616,NA,3.78530000000000,4.16690000000000,0.00000000000000,0.04580000000000,3.5212,6770.2763,3.7853,3.7853,0.0000,0.8250,3.0061,0.1801,2.8260,0.0309,6770.2763,NA,NA,NA
wallpaper64.exe,9472,0x215EB550BE0,DXGI,0,512,1,Hardware Composed: Independent Flip,6783.8468,NA,16.89290000000000,16.55900000000000,0.20580000000000,3.77690000000000,3.7867,6767.1277,16.9249,16.7191,0.2058,3.9359,16.5601,3.7059,12.8542,-0.1114,6767.1277,NA,NA,NA
dwm.exe,2752,0x0,Other,-1,0,0,Hardware: Legacy Flip,6788.4825,NA,14.42090000000000,12.48670000000000,0.00000000000000,0.01660000000000,1.5870,6774.0616,14.4209,14.4209,0.0000,0.0458,14.3917,0.2554,14.1363,-8.7014,6774.0616,NA,NA,NA
dwm.exe,2752,0x0,Other,-1,0,0,Hardware: Legacy Flip,6805.2029,NA,16.72040000000000,16.66310000000000,0.00000000000000,0.01590000000000,1.5297,6788.4825,16.7204,16.7204,0.0000,0.0166,16.7197,0.1796,16.5401,-2.2422,6788.4825,NA,NA,NA
wallpaper64.exe,9472,0x215EB550BE0,DXGI,0,512,1,Hardware Composed: Independent Flip,6800.3962,NA,16.54940000000000,16.64340000000000,0.21110000000000,3.87240000000000,3.8807,6784.0526,16.5547,16.3436,0.2111,3.5711,16.6449,3.7731,12.8718,0.2815,6784.0526,NA,NA,NA
dwm.exe,2752,0x0,Other,-1,0,0,Hardware: Legacy Flip,6815.9826,NA,10.77970000000000,12.50690000000000,0.00000000000000,0.01690000000000,3.2569,6805.2029,10.7797,10.7797,0.0000,0.0159,10.7807,0.2381,10.5426,4.2135,6805.2029,NA,NA,NA
dwm.exe,2752,0x0,Other,-1,0,0,Hardware: Legacy Flip,6822.4475,NA,6.46490000000000,4.17630000000000,0.00000000000000,0.01510000000000,0.9683,6815.9826,6.4649,6.4649,0.0000,0.0169,6.4631,0.1561,6.3070,6.6034,6815.9826,NA,NA,NA
wallpaper64.exe,9472,0x215EB550BE0,DXGI,0,512,1,Hardware Composed: Independent Flip,6817.8167,NA,17.42050000000000,17.47230000000000,0.18250000000000,3.92370000000000,3.9325,6800.6073,17.3919,17.2094,0.1825,3.6613,17.4718,3.7145,13.7573,-0.9176,6800.6073,NA,NA,NA
dwm.exe,2752,0x0,Other,-1,0,0,Hardware: Legacy Flip,6832.7054,NA,10.25790000000000,12.48860000000000,0.00000000000000,0.01630000000000,3.1990,6822.4475,10.2579,10.2579,0.0000,0.0151,10.2591,0.2373,10.0218,-6.0237,6822.4475,NA,NA,NA
wallpaper64.exe,9472,0x215EB550BE0,DXGI,0,512,1,Hardware Composed: Independent Flip,6834.3449,NA,16.52820000000000,16.36800000000000,0.13490000000000,3.76320000000000,3.7723,6817.9992,16.4806,16.3457,0.1349,3.7412,16.3677,3.7498,12.6179,1.0239,6817.9992,NA,NA,NA
dwm.exe,2752,0x0,Other,-1,0,0,Hardware: Legacy Flip,6839.2750,NA,6.56960000000000,4.16590000000000,0.00000000000000,0.02540000000000,0.7953,6832.7054,6.5696,6.5696,0.0000,0.0163,6.5787,0.1936,6.3851,6.0920,6832.7054,NA,NA,NA
dwm.exe,2752,0x0,Other,-1,0,0,Hardware: Legacy Flip,6855.4958,NA,16.22080000000000,16.67270000000000,0.00000000000000,0.01600000000000,1.2472,6839.2750,16.2208,16.2208,0.0000,0.0254,16.2114,0.2549,15.9565,-10.1031,6839.2750,NA,NA,NA
dwm.exe,2752,0x0,Other,-1,0,0,Hardware: Legacy Flip,6860.8298,NA,5.33400000000000,8.35240000000000,0.00000000000000,0.13340000000000,4.2656,6855.4958,5.3340,5.3340,0.0000,0.0160,5.4514,0.3329,5.1185,7.8684,6855.4958,NA,NA,NA
wallpaper64.exe,9472,0x215EB550BE0,DXGI,0,512,1,Hardware Composed: Independent Flip,6850.8577,NA,16.51280000000000,16.53230000000000,0.17650000000000,3.78290000000000,3.7918,6834.4798,16.5544,16.3779,0.1765,3.6283,16.5325,3.7286,12.8039,-0.0517,6834.4798,NA,NA,NA
dwm.exe,2752,0x0,Other,-1,0,0,Hardware: Legacy Flip,6865.5719,NA,4.74210000000000,4.15910000000000,0.00000000000000,0.01590000000000,3.6826,6860.8298,4.7421,4.7421,0.0000,0.1334,4.6246,0.1682,4.4564,1.1749,6860.8298,NA,NA,NA
dwm.exe,2752,0x0,Other,-1,0,0,Hardware: Legacy Flip,6872.3259,NA,6.75400000000000,4.14560000000000,0.00000000000000,0.03180000000000,1.0742,6865.5719,6.7540,6.7540,0.0000,0.0159,6.7699,0.2079,6.5620,0.5965,6865.5719,NA,NA,NA
wallpaper64.exe,9472,0x215EB550BE0,DXGI,0,512,1,Hardware Composed: Independent Flip,6867.4131,NA,16.55540000000000,16.56640000000000,0.20180000000000,3.79560000000000,3.8028,6851.0342,16.5807,16.3789,0.2018,3.6064,16.5681,3.7290,12.8391,-0.0120,6851.0342,NA,NA,NA
dwm.exe,2752,0x0,Other,-1,0,0,Hardware: Legacy Flip,6878.4439,NA,6.11800000000000,8.33930000000000,0.00000000000000,0.01260000000000,3.2955,6872.3259,6.1180,6.1180,0.0000,0.0318,6.0988,0.2293,5.8695,-1.5853,6872.3259,NA,NA,NA
dwm.exe,2752,0x0,Other,-1,0,0,Hardware: Legacy Flip,6888.9729,NA,10.52900000000000,8.32840000000000,0.00000000000000,0.02080000000000,1.0949,6878.4439,10.5290,10.5290,0.0000,0.0126,10.5372,0.2010,10.3362,-2.2104,6878.4439,NA,NA,NA
wallpaper64.exe,9472,0x215EB550BE0,DXGI,0,512,1,Hardware Composed: Independent Flip,6884.4615,NA,17.04840000000000,17.03300000000000,0.21270000000000,3.78050000000000,3.7874,6867.6149,17.0593,16.8466,0.2127,3.5938,17.0333,3.7063,13.3270,-0.4523,6867.6149,NA,NA,NA
dwm.exe,2752,0x0,Other,-1,0,0,Hardware: Legacy Flip,6894.7804,NA,5.80750000000000,8.35430000000000,0.00000000000000,0.03260000000000,3.6417,6888.9729,5.8075,5.8075,0.0000,0.0208,5.8193,0.1691,5.6502,2.1747,6888.9729,NA,NA,NA
wallpaper64.exe,9472,0x215EB550BE0,DXGI,0,512,1,Hardware Composed: Independent Flip,6901.4908,NA,17.02930000000000,17.27650000000000,0.19500000000000,3.96800000000000,4.0346,6884.6742,17.0116,16.8166,0.1950,3.5678,17.2168,3.7174,13.4994,-0.2172,6884.6742,NA,NA,NA
dwm.exe,2752,0x0,Other,-1,0,0,Hardware: Legacy Flip,6906.0990,NA,11.31860000000000,8.32690000000000,0.00000000000000,0.08150000000000,0.6500,6894.7804,11.3186,11.3186,0.0000,0.0326,11.3675,0.2354,11.1321,-2.5194,6894.7804,NA,NA,NA
wallpaper64.exe,9472,0x215EB550BE0,DXGI,0,512,1,Hardware Composed: Independent Flip,6918.0348,NA,16.54400000000000,16.26970000000000,0.16370000000000,3.75200000000000,3.7603,6901.6858,16.5127,16.3490,0.1637,3.7730,16.3280,3.7671,12.5609,0.7419,6901.6858,NA,NA,NA
dwm.exe,2752,0x0,Other,-1,0,0,Hardware: Legacy Flip,6922.2371,NA,16.13810000000000,16.65580000000000,0.00000000000000,0.04740000000000,1.1677,6906.0990,16.1381,16.1381,0.0000,0.0815,16.1040,0.2089,15.8951,-5.3372,6906.0990,NA,NA,NA
wallpaper64.exe,9472,0x215EB550BE0,DXGI,0,512,1,Hardware Composed: Independent Flip,6934.5705,NA,16.53570000000000,16.66120000000000,0.19800000000000,3.87350000000000,3.8858,6918.1985,16.5700,16.3720,0.1980,3.5883,16.6572,3.8007,12.8565,-0.1485,6918.1985,NA,NA,NA
dwm.exe,2752,0x0,Other,-1,0,0,Hardware: Legacy Flip,6939.0056,NA,16.76850000000000,16.67950000000000,0.00000000000000,0.07350000000000,1.0787,6922.2371,16.7685,16.7685,0.0000,0.0474,16.7946,0.2199,16.5747,-0.5414,6922.2371,NA,NA,NA
dwm.exe,2752,0x0,Other,-1,0,0,Hardware: Legacy Flip,6956.1193,NA,17.11370000000000,16.65070000000000,0.00000000000000,0.05310000000000,0.6157,6939.0056,17.1137,17.1137,0.0000,0.0735,17.0933,0.1980,16.8953,0.1178,6939.0056,NA,NA,NA
wallpaper64.exe,9472,0x215EB550BE0,DXGI,0,512,1,Hardware Composed: Independent Flip,6951.1152,NA,16.54470000000000,17.22310000000000,0.19150000000000,4.49290000000000,4.5642,6934.7685,16.5382,16.3467,0.1915,3.6755,17.1641,3.6534,13.5107,-0.6531,6934.7685,NA,NA,NA
dwm.exe,2752,0x0,Other,-1,0,0,Hardware: Legacy Flip,6957.2606,NA,1.14130000000000,4.18190000000000,0.00000000000000,0.04700000000000,3.6563,6956.1193,1.1413,1.1413,0.0000,0.0531,1.1352,0.1892,0.9460,12.9318,6956.1193,NA,NA,NA
dwm.exe,2752,0x0,Other,-1,0,0,Hardware: Legacy Flip,6969.6045,NA,12.34390000000000,12.50080000000000,0.00000000000000,0.64550000000000,3.8132,6957.2606,12.3439,12.3439,0.0000,0.0470,12.9424,0.7873,12.1551,-11.3595,6957.2606,NA,NA,NA
dwm.exe,2752,0x0,Other,-1,0,0,Hardware: Legacy Flip,6974.1923,NA,4.58780000000000,4.18090000000000,0.00000000000000,0.18300000000000,3.4063,6969.6045,4.5878,4.5878,0.0000,0.6455,4.1253,0.3313,3.7940,8.1630,6969.6045,NA,NA,NA
dwm.exe,2752,0x0,Other,-1,0,0,Hardware: Legacy Flip,6982.8381,NA,8.64580000000000,8.34800000000000,0.00000000000000,0.13040000000000,3.1085,6974.1923,8.6458,8.6458,0.0000,0.1830,8.5932,0.4907,8.1025,-3.7602,6974.1923,NA,NA,NA
wallpaper64.exe,9472,0x215EB550BE0,DXGI,0,512,1,Hardware Composed: Independent Flip,6967.6699,NA,16.55470000000000,16.45120000000000,0.20210000000000,4.38170000000000,4.4607,6951.3067,16.5653,16.3632,0.2021,4.3014,16.4435,4.1195,12.3240,0.0870,6951.3067,NA,NA,NA
dwm.exe,2752,0x0,Other,-1,0,0,Hardware: Legacy Flip,6986.7380,NA,3.89990000000000,4.15440000000000,0.00000000000000,1.74730000000000,3.3630,6982.8381,3.8999,3.8999,0.0000,0.1304,5.5168,1.9301,3.5867,4.4914,6982.8381,NA,NA,NA
dwm.exe,2752,0x0,Other,-1,0,0,Hardware: Legacy Flip,6990.9911,NA,4.25310000000000,4.15810000000000,0.00000000000000,0.15770000000000,3.2680,6986.7380,4.2531,4.2531,0.0000,1.7473,2.6635,0.3399,2.3236,-0.2582,6986.7380,NA,NA,NA
dwm.exe,2752,0x0,Other,-1,0,0,Hardware: Legacy Flip,6995.0685,NA,4.07740000000000,4.16010000000000,0.00000000000000,0.14280000000000,3.3507,6990.9911,4.0774,4.0774,0.0000,0.1577,4.0625,0.3667,3.6958,0.0930,6990.9911,NA,NA,NA
dwm.exe,2752,0x0,Other,-1,0,0,Hardware: Legacy Flip,6999.4497,NA,4.38120000000000,4.18210000000000,0.00000000000000,0.16310000000000,3.1516,6995.0685,4.3812,4.3812,0.0000,0.1428,4.4015,0.3887,4.0128,-0.1047,6995.0685,NA,NA,NA
wallpaper64.exe,9472,0x215EB550BE0,DXGI,0,512,1,Hardware Composed: Independent Flip,6985.4496,NA,17.77970000000000,18.17070000000000,0.18890000000000,4.79810000000000,4.8517,6967.8720,17.7665,17.5776,0.1889,4.1796,18.1961,4.7533,13.4428,-1.6054,6967.8720,NA,NA,NA
dwm.exe,2752,0x0,Other,-1,0,0,Hardware: Legacy Flip,7003.6521,NA,4.20240000000000,4.18120000000000,0.00000000000000,1.20030000000000,3.1304,6999.4497,4.2024,4.2024,0.0000,0.1631,5.2396,1.4043,3.8353,0.2000,6999.4497,NA,NA,NA
dwm.exe,2752,0x0,Other,-1,0,0,Hardware: Legacy Flip,7007.6662,NA,4.01410000000000,4.14020000000000,0.00000000000000,1.07430000000000,3.2565,7003.6521,4.0141,4.0141,0.0000,1.2003,3.8881,1.2599,2.6282,0.0622,7003.6521,NA,NA,NA
dwm.exe,2752,0x0,Other,-1,0,0,Hardware: Legacy Flip,7011.8052,NA,4.13900000000000,4.16190000000000,0.00000000000000,0.09320000000000,3.2794,7007.6662,4.1390,4.1390,0.0000,1.0743,3.1579,0.3111,2.8468,-0.1478,7007.6662,NA,NA,NA
dwm.exe,2752,0x0,Other,-1,0,0,Hardware: Legacy Flip,7015.8181,NA,4.01290000000000,4.19160000000000,0.00000000000000,0.13810000000000,3.4581,7011.8052,4.0129,4.0129,0.0000,0.0932,4.0578,0.3267,3.7311,-0.0526,7011.8052,NA,NA,NA
wallpaper64.exe,9472,0x215EB550BE0,DXGI,0,512,1,Hardware Composed: Independent Flip,7002.3552,NA,16.90560000000000,16.48120000000000,0.26960000000000,4.30100000000000,4.4273,6985.6385,16.9863,16.7167,0.2696,4.6092,16.4085,4.1920,12.2165,1.2853,6985.6385,NA,NA,NA
dwm.exe,2752,0x0,Other,-1,0,0,Hardware: Legacy Flip,7020.0873,NA,4.26920000000000,4.30040000000000,0.00000000000000,1.38300000000000,3.4893,7015.8181,4.2692,4.2692,0.0000,0.1381,5.5141,1.5852,3.9289,-0.2875,7015.8181,NA,NA,NA
dwm.exe,2752,0x0,Other,-1,0,0,Hardware: Legacy Flip,7024.4935,NA,4.40620000000000,4.03330000000000,0.00000000000000,0.42120000000000,3.1164,7020.0873,4.4062,4.4062,0.0000,1.3830,3.4444,0.6402,2.8042,0.2359,7020.0873,NA,NA,NA
dwm.exe,2752,0x0,Other,-1,0,0,Hardware: Legacy Flip,7028.6457,NA,4.15220000000000,4.16710000000000,0.00000000000000,0.08050000000000,3.1313,7024.4935,4.1522,4.1522,0.0000,0.4212,3.8115,0.3328,3.4787,0.2391,7024.4935,NA,NA,NA
dwm.exe,2752,0x0,Other,-1,0,0,Hardware: Legacy Flip,7032.9411,NA,4.29540000000000,4.16420000000000,0.00000000000000,0.10870000000000,3.0001,7028.6457,4.2954,4.2954,0.0000,0.0805,4.3236,0.3506,3.9730,-0.0120,7028.6457,NA,NA,NA
wallpaper64.exe,9472,0x215EB550BE0,DXGI,0,512,1,Hardware Composed: Independent Flip,7019.1441,NA,16.78890000000000,16.81530000000000,0.19100000000000,4.41920000000000,4.4537,7002.6248,16.7103,16.5193,0.1910,4.0314,16.9071,4.3563,12.5508,0.1710,7002.6248,NA,NA,NA
dwm.exe,2752,0x0,Other,-1,0,0,Hardware: Legacy Flip,7036.9489,NA,4.00780000000000,4.15600000000000,0.00000000000000,1.59340000000000,3.1483,7032.9411,4.0078,4.0078,0.0000,0.1087,5.4925,1.8141,3.6784,0.1394,7032.9411,NA,NA,NA
dwm.exe,2752,0x0,Other,-1,0,0,Hardware: Legacy Flip,7041.1297,NA,4.18080000000000,4.16740000000000,0.00000000000000,0.02070000000000,3.1349,7036.9489,4.1808,4.1808,0.0000,1.5934,2.6081,0.2753,2.3328,-0.1596,7036.9489,NA,NA,NA
dwm.exe,2752,0x0,Other,-1,0,0,Hardware: Legacy Flip,7045.2107,NA,4.08100000000000,4.16490000000000,0.00000000000000,0.02810000000000,3.2188,7041.1297,4.0810,4.0810,0.0000,0.0207,4.0884,0.1696,3.9188,0.0159,7041.1297,NA,NA,NA
dwm.exe,2752,0x0,Other,-1,0,0,Hardware: Legacy Flip,7049.2146,NA,4.00390000000000,4.17040000000000,0.00000000000000,0.14960000000000,3.3853,7045.2107,4.0039,4.0039,0.0000,0.0281,4.1254,0.3555,3.7699,-0.0894,7045.2107,NA,NA,NA
wallpaper64.exe,9472,0x215EB550BE0,DXGI,0,512,1,Hardware Composed: Independent Flip,7036.1589,NA,17.01480000000000,16.91840000000000,0.20090000000000,4.34550000000000,4.3573,7019.3351,17.0247,16.8238,0.2009,4.2282,16.9411,4.2756,12.6655,-0.2081,7019.3351,NA,NA,NA
dwm.exe,2752,0x0,Other,-1,0,0,Hardware: Legacy Flip,7053.5395,NA,4.32490000000000,4.18020000000000,0.00000000000000,0.20290000000000,3.2406,7049.2146,4.3249,4.3249,0.0000,0.1496,4.3782,0.4130,3.9652,-0.1763,7049.2146,NA,NA,NA
dwm.exe,2752,0x0,Other,-1,0,0,Hardware: Legacy Flip,7057.7552,NA,4.21570000000000,4.14660000000000,0.00000000000000,0.16450000000000,3.1715,7053.5395,4.2157,4.2157,0.0000,0.2029,4.1773,0.4936,3.6837,0.1783,7053.5395,NA,NA,NA
dwm.exe,2752,0x0,Other,-1,0,0,Hardware: Legacy Flip,7061.7740,NA,4.01880000000000,4.16570000000000,0.00000000000000,0.53780000000000,3.3184,7057.7552,4.0188,4.0188,0.0000,0.1645,4.3921,0.7893,3.6028,0.0500,7057.7552,NA,NA,NA
dwm.exe,2752,0x0,Other,-1,0,0,Hardware: Legacy Flip,7065.9831,NA,4.20910000000000,4.17760000000000,0.00000000000000,0.12540000000000,3.2869,7061.7740,4.2091,4.2091,0.0000,0.5378,3.7967,0.3255,3.4712,-0.1588,7061.7740,NA,NA,NA
wallpaper64.exe,9472,0x215EB550BE0,DXGI,0,512,1,Hardware Composed: Independent Flip,7053.2640,NA,17.10510000000000,17.21820000000000,0.20600000000000,4.46250000000000,4.4704,7036.3598,17.1102,16.9042,0.2060,4.1446,17.2221,4.1298,13.0923,-0.1935,7036.3598,NA,NA,NA
dwm.exe,2752,0x0,Other,-1,0,0,Hardware: Legacy Flip,7069.9062,NA,3.92310000000000,4.14590000000000,0.00000000000000,0.16410000000000,3.5097,7065.9831,3.9231,3.9231,0.0000,0.1254,3.9618,0.3624,3.5994,0.0632,7065.9831,NA,NA,NA
dwm.exe,2752,0x0,Other,-1,0,0,Hardware: Legacy Flip,7073.9673,NA,4.06110000000000,4.17520000000000,0.00000000000000,0.54310000000000,3.6238,7069.9062,4.0611,4.0611,0.0000,0.1641,4.4401,0.6981,3.7420,-0.2521,7069.9062,NA,NA,NA
dwm.exe,2752,0x0,Other,-1,0,0,Hardware: Legacy Flip,7078.3720,NA,4.40470000000000,4.17520000000000,0.00000000000000,0.05700000000000,3.3943,7073.9673,4.4047,4.4047,0.0000,0.5431,3.9186,0.2515,3.6671,-0.1141,7073.9673,NA,NA,NA
dwm.exe,2752,0x0,Other,-1,0,0,Hardware: Legacy Flip,7082.3873,NA,4.01530000000000,4.16260000000000,0.00000000000000,0.03130000000000,3.5416,7078.3720,4.0153,4.0153,0.0000,0.0570,3.9896,0.2092,3.7804,0.2421,7078.3720,NA,NA,NA
wallpaper64.exe,9472,0x215EB550BE0,DXGI,0,512,1,Hardware Composed: Independent Flip,7070.2688,NA,17.00480000000000,16.69300000000000,0.16840000000000,4.15000000000000,4.1586,7053.4700,16.9672,16.7988,0.1684,4.2565,16.6923,4.1070,12.5853,0.4172,7053.4700,NA,NA,NA
dwm.exe,2752,0x0,Other,-1,0,0,Hardware: Legacy Flip,7086.5419,NA,4.15460000000000,4.16950000000000,0.00000000000000,0.04480000000000,3.5565,7082.3873,4.1546,4.1546,0.0000,0.0313,4.1681,0.2166,3.9515,-0.1542,7082.3873,NA,NA,NA
dwm.exe,2752,0x0,Other,-1,0,0,Hardware: Legacy Flip,7091.0306,NA,4.48870000000000,4.16160000000000,0.00000000000000,1.73740000000000,3.2294,7086.5419,4.4887,4.4887,0.0000,0.0448,6.1813,2.0729,4.1084,-0.0070,7086.5419,NA,NA,NA
dwm.exe,2752,0x0,Other,-1,0,0,Hardware: Legacy Flip,7095.1006,NA,4.07000000000000,4.17830000000000,0.00000000000000,0.01790000000000,3.3377,7091.0306,4.0700,4.0700,0.0000,1.7374,2.3505,0.1901,2.1604,0.3104,7091.0306,NA,NA,NA
dwm.exe,2752,0x0,Other,-1,0,0,Hardware: Legacy Flip,7099.2067,NA,4.10610000000000,4.15120000000000,0.00000000000000,0.08720000000000,3.3828,7095.1006,4.1061,4.1061,0.0000,0.0179,4.1754,0.2866,3.8888,-0.0812,7095.1006,NA,NA,NA
wallpaper64.exe,9472,0x215EB550BE0,DXGI,0,512,1,Hardware Composed: Independent Flip,7087.4817,NA,17.21290000000000,18.32520000000000,0.19910000000000,5.26210000000000,5.2709,7070.4372,17.2436,17.0445,0.1991,3.9816,18.3250,4.6113,13.7137,-1.3580,7070.4372,NA,NA,NA
dwm.exe,2752,0x0,Other,-1,0,0,Hardware: Legacy Flip,7103.1931,NA,3.98640000000000,4.16630000000000,0.00000000000000,0.09510000000000,3.5627,7099.2067,3.9864,3.9864,0.0000,0.0872,3.9943,0.2801,3.7142,-0.0602,7099.2067,NA,NA,NA
dwm.exe,2752,0x0,Other,-1,0,0,Hardware: Legacy Flip,7107.2891,NA,4.09600000000000,4.18180000000000,0.00000000000000,0.21280000000000,3.6485,7103.1931,4.0960,4.0960,0.0000,0.0951,4.2137,0.3785,3.8352,-0.1954,7103.1931,NA,NA,NA
dwm.exe,2752,0x0,Other,-1,0,0,Hardware: Legacy Flip,7111.7065,NA,4.41740000000000,4.16280000000000,0.00000000000000,0.16920000000000,3.3939,7107.2891,4.4174,4.4174,0.0000,0.2128,4.3738,0.3350,4.0388,-0.0668,7107.2891,NA,NA,NA
dwm.exe,2752,0x0,Other,-1,0,0,Hardware: Legacy Flip,7115.6450,NA,3.93850000000000,4.16040000000000,0.00000000000000,0.14160000000000,3.6158,7111.7065,3.9385,3.9385,0.0000,0.1692,3.9109,0.3191,3.5918,0.2570,7111.7065,NA,NA,NA
wallpaper64.exe,9472,0x215EB550BE0,DXGI,0,512,1,Hardware Composed: Independent Flip,7104.2648,NA,16.78310000000000,15.77570000000000,0.19060000000000,4.19200000000000,4.2635,7087.6808,16.7746,16.5840,0.1906,5.0630,15.7130,4.1306,11.5824,1.4679,7087.6808,NA,NA,NA
dwm.exe,2752,0x0,Other,-1,0,0,Hardware: Legacy Flip,7119.7821,NA,4.13710000000000,4.16240000000000,0.00000000000000,0.15150000000000,3.6411,7115.6450,4.1371,4.1371,0.0000,0.1416,4.1470,0.3220,3.8250,-0.2239,7115.6450,NA,NA,NA
dwm.exe,2752,0x0,Other,-1,0,0,Hardware: Legacy Flip,7123.9647,NA,4.18260000000000,4.15920000000000,0.00000000000000,0.07350000000000,3.6177,7119.7821,4.1826,4.1826,0.0000,0.1515,4.1046,0.2386,3.8660,-0.0221,7119.7821,NA,NA,NA
dwm.exe,2752,0x0,Other,-1,0,0,Hardware: Legacy Flip,7128.8038,NA,4.83910000000000,4.17960000000000,0.00000000000000,0.11700000000000,2.9582,7123.9647,4.8391,4.8391,0.0000,0.0735,4.8826,0.3823,4.5003,0.0030,7123.9647,NA,NA,NA
dwm.exe,2752,0x0,Other,-1,0,0,Hardware: Legacy Flip,7132.2453,NA,3.44150000000000,4.15960000000000,0.00000000000000,0.05140000000000,3.6763,7128.8038,3.4415,3.4415,0.0000,0.1170,3.3759,0.1389,3.2370,0.6795,7128.8038,NA,NA,NA
wallpaper64.exe,9472,0x215EB550BE0,DXGI,0,512,1,Hardware Composed: Independent Flip,7121.2893,NA,17.02450000000000,16.91580000000000,0.19800000000000,4.08140000000000,4.1548,7104.4554,17.0319,16.8339,0.1980,4.0014,16.9139,3.9944,12.9195,-0.1412,7104.4554,NA,NA,NA
dwm.exe,2752,0x0,Other,-1,0,0,Hardware: Legacy Flip,7136.7056,NA,4.46030000000000,4.17720000000000,0.00000000000000,0.01870000000000,3.3932,7132.2453,4.4603,4.4603,0.0000,0.0514,4.4276,0.2476,4.1800,-0.7357,7132.2453,NA,NA,NA
dwm.exe,2752,0x0,Other,-1,0,0,Hardware: Legacy Flip,7140.7648,NA,4.05920000000000,4.16260000000000,0.00000000000000,0.08450000000000,3.4966,7136.7056,4.0592,4.0592,0.0000,0.0187,4.1250,0.2396,3.8854,0.2977,7136.7056,NA,NA,NA
dwm.exe,2752,0x0,Other,-1,0,0,Hardware: Legacy Flip,7145.0982,NA,4.33340000000000,4.17780000000000,0.00000000000000,0.06600000000000,3.3410,7140.7648,4.3334,4.3334,0.0000,0.0845,4.3149,0.2360,4.0789,-0.1186,7140.7648,NA,NA,NA
dwm.exe,2752,0x0,Other,-1,0,0,Hardware: Legacy Flip,7149.0697,NA,3.97150000000000,4.17060000000000,0.00000000000000,0.03140000000000,3.5401,7145.0982,3.9715,3.9715,0.0000,0.0660,3.9369,0.2227,3.7142,0.1628,7145.0982,NA,NA,NA
wallpaper64.exe,9472,0x215EB550BE0,DXGI,0,512,1,Hardware Composed: Independent Flip,7137.8693,NA,16.58000000000000,16.63790000000000,0.18540000000000,4.20240000000000,4.2127,7121.4873,16.5674,16.3820,0.1854,3.8834,16.7010,4.0605,12.6405,0.3940,7121.4873,NA,NA,NA
dwm.exe,2752,0x0,Other,-1,0,0,Hardware: Legacy Flip,7153.1599,NA,4.09020000000000,4.16070000000000,0.00000000000000,0.03260000000000,3.6106,7149.0697,4.0902,4.0902,0.0000,0.0314,4.0914,0.1933,3.8981,-0.1892,7149.0697,NA,NA,NA
dwm.exe,2752,0x0,Other,-1,0,0,Hardware: Legacy Flip,7157.3717,NA,4.21180000000000,4.15850000000000,0.00000000000000,1.39710000000000,3.5573,7153.1599,4.2118,4.2118,0.0000,0.0326,5.5763,1.5741,4.0022,-0.0683,7153.1599,NA,NA,NA
dwm.exe,2752,0x0,Other,-1,0,0,Hardware: Legacy Flip,7161.5448,NA,4.17310000000000,4.17440000000000,0.00000000000000,0.02140000000000,3.5586,7157.3717,4.1731,4.1731,0.0000,1.3971,2.7974,0.2005,2.5969,0.0374,7157.3717,NA,NA,NA
dwm.exe,2752,0x0,Other,-1,0,0,Hardware: Legacy Flip,7165.6941,NA,4.14930000000000,4.15490000000000,0.00000000000000,0.02680000000000,3.5642,7161.5448,4.1493,4.1493,0.0000,0.0214,4.1547,0.2038,3.9509,0.0182,7161.5448,NA,NA,NA
dwm.exe,2752,0x0,Other,-1,0,0,Hardware: Legacy Flip,7169.8284,NA,4.13430000000000,4.16770000000000,0.00000000000000,0.03390000000000,3.5976,7165.6941,4.1343,4.1343,0.0000,0.0268,4.1414,0.2351,3.9063,-0.0184,7165.6941,NA,NA,NA
dwm.exe,2752,0x0,Other,-1,0,0,Hardware: Legacy Flip,7173.9818,NA,4.15340000000000,4.17810000000000,0.00000000000000,0.03210000000000,3.6223,7169.8284,4.1534,4.1534,0.0000,0.0339,4.1516,0.2078,3.9438,-0.0438,7169.8284,NA,NA,NA
dwm.exe,2752,0x0,Other,-1,0,0,Hardware: Legacy Flip,7178.2031,NA,4.22130000000000,4.14890000000000,0.00000000000000,0.01770000000000,3.5499,7173.9818,4.2213,4.2213,0.0000,0.0321,4.2069,0.2005,4.0064,0.0045,7173.9818,NA,NA,NA
dwm.exe,2752,0x0,Other,-1,0,0,Hardware: Legacy Flip,7182.4043,NA,4.20120000000000,4.17580000000000,0.00000000000000,0.04220000000000,3.5245,7178.2031,4.2012,4.2012,0.0000,0.0177,4.2257,0.2109,4.0148,0.0455,7178.2031,NA,NA,NA
dwm.exe,2752,0x0,Other,-1,0,0,Hardware: Legacy Flip,7186.4603,NA,4.05600000000000,4.17370000000000,0.00000000000000,0.03240000000000,3.6422,7182.4043,4.0560,4.0560,0.0000,0.0422,4.0462,0.2016,3.8446,0.0275,7182.4043,NA,NA,NA
dwm.exe,2752,0x0,Other,-1,0,0,Hardware: Legacy Flip,7190.8430,NA,4.38270000000000,4.16240000000000,0.00000000000000,0.01750000000000,3.4219,7186.4603,4.3827,4.3827,0.0000,0.0324,4.3678,0.2276,4.1402,-0.1064,7186.4603,NA,NA,NA
dwm.exe,2752,0x0,Other,-1,0,0,Hardware: Legacy Flip,7194.8443,NA,4.00130000000000,4.15590000000000,0.00000000000000,0.02480000000000,3.5765,7190.8430,4.0013,4.0013,0.0000,0.0175,4.0086,0.2573,3.7513,0.2268,7190.8430,NA,NA,NA
dwm.exe,2752,0x0,Other,-1,0,0,Hardware: Legacy Flip,7198.9110,NA,4.06670000000000,4.16360000000000,0.00000000000000,0.06050000000000,3.6734,7194.8443,4.0667,4.0667,0.0000,0.0248,4.1024,0.2196,3.8828,-0.1623,7194.8443,NA,NA,NA
dwm.exe,2752,0x0,Other,-1,0,0,Hardware: Legacy Flip,7202.9879,NA,4.07690000000000,4.18840000000000,0.00000000000000,0.05930000000000,3.7849,7198.9110,4.0769,4.0769,0.0000,0.0605,4.0757,0.2004,3.8753,-0.1217,7198.9110,NA,NA,NA
dwm.exe,2752,0x0,Other,-1,0,0,Hardware: Legacy Flip,7207.5647,NA,4.57680000000000,4.16160000000000,0.00000000000000,0.01670000000000,3.3697,7202.9879,4.5768,4.5768,0.0000,0.0593,4.5342,0.2509,4.2833,-0.0847,7202.9879,NA,NA,NA
dwm.exe,2752,0x0,Other,-1,0,0,Hardware: Legacy Flip,7211.6114,NA,4.04670000000000,4.16300000000000,0.00000000000000,0.01610000000000,3.4860,7207.5647,4.0467,4.0467,0.0000,0.0167,4.0461,0.1872,3.8589,0.4138,7207.5647,NA,NA,NA
dwm.exe,2752,0x0,Other,-1,0,0,Hardware: Legacy Flip,7215.6729,NA,4.06150000000000,4.15450000000000,0.00000000000000,0.02910000000000,3.5790,7211.6114,4.0615,4.0615,0.0000,0.0161,4.0745,0.2036,3.8709,-0.1078,7211.6114,NA,NA,NA
dwm.exe,2752,0x0,Other,-1,0,0,Hardware: Legacy Flip,7219.8880,NA,4.21510000000000,4.18060000000000,0.00000000000000,0.05900000000000,3.5445,7215.6729,4.2151,4.2151,0.0000,0.0291,4.2450,0.2294,4.0156,-0.1191,7215.6729,NA,NA,NA
dwm.exe,2752,0x0,Other,-1,0,0,Hardware: Legacy Flip,7224.0768,NA,4.18880000000000,4.17570000000000,0.00000000000000,0.01540000000000,3.5314,7219.8880,4.1888,4.1888,0.0000,0.0590,4.1452,0.2236,3.9216,0.0394,7219.8880,NA,NA,NA
dwm.exe,2752,0x0,Other,-1,0,0,Hardware: Legacy Flip,7228.2370,NA,4.16020000000000,4.15160000000000,0.00000000000000,0.04780000000000,3.5228,7224.0768,4.1602,4.1602,0.0000,0.0154,4.1926,0.2824,3.9102,0.0372,7224.0768,NA,NA,NA
dwm.exe,2752,0x0,Other,-1,0,0,Hardware: Legacy Flip,7232.3447,NA,4.10770000000000,4.16130000000000,0.00000000000000,0.04660000000000,3.5764,7228.2370,4.1077,4.1077,0.0000,0.0478,4.1065,0.2036,3.9029,-0.0011,7228.2370,NA,NA,NA
dwm.exe,2752,0x0,Other,-1,0,0,Hardware: Legacy Flip,7236.5414,NA,4.19670000000000,4.18810000000000,0.00000000000000,0.03030000000000,3.5678,7232.3447,4.1967,4.1967,0.0000,0.0466,4.1804,0.2212,3.9592,-0.0804,7232.3447,NA,NA,NA
dwm.exe,2752,0x0,Other,-1,0,0,Hardware: Legacy Flip,7240.5800,NA,4.03860000000000,4.15190000000000,0.00000000000000,0.05240000000000,3.6811,7236.5414,4.0386,4.0386,0.0000,0.0303,4.0607,0.2108,3.8499,0.0448,7236.5414,NA,NA,NA
dwm.exe,2752,0x0,Other,-1,0,0,Hardware: Legacy Flip,7245.0344,NA,4.45440000000000,4.16950000000000,0.00000000000000,0.01840000000000,3.3962,7240.5800,4.4544,4.4544,0.0000,0.0524,4.4204,0.2376,4.1828,-0.1309,7240.5800,NA,NA,NA
dwm.exe,2752,0x0,Other,-1,0,0,Hardware: Legacy Flip,7249.0820,NA,4.04760000000000,4.17420000000000,0.00000000000000,0.01660000000000,3.5228,7245.0344,4.0476,4.0476,0.0000,0.0184,4.0458,0.1922,3.8536,0.2802,7245.0344,NA,NA,NA
dwm.exe,2752,0x0,Other,-1,0,0,Hardware: Legacy Flip,7253.2568,NA,4.17480000000000,4.15950000000000,0.00000000000000,0.02720000000000,3.5075,7249.0820,4.1748,4.1748,0.0000,0.0166,4.1854,0.2359,3.9495,-0.1119,7249.0820,NA,NA,NA
dwm.exe,2752,0x0,Other,-1,0,0,Hardware: Legacy Flip,7257.4639,NA,4.20710000000000,4.14750000000000,0.00000000000000,0.02150000000000,3.4479,7253.2568,4.2071,4.2071,0.0000,0.0272,4.2014,0.2336,3.9678,0.0273,7253.2568,NA,NA,NA
dwm.exe,2752,0x0,Other,-1,0,0,Hardware: Legacy Flip,7261.4169,NA,3.95300000000000,4.15850000000000,0.00000000000000,0.03900000000000,3.6534,7257.4639,3.9530,3.9530,0.0000,0.0215,3.9705,0.2465,3.7240,0.0486,7257.4639,NA,NA,NA
dwm.exe,2752,0x0,Other,-1,0,0,Hardware: Legacy Flip,7265.5485,NA,4.13160000000000,4.19310000000000,0.00000000000000,0.06000000000000,3.7149,7261.4169,4.1316,4.1316,0.0000,0.0390,4.1526,0.2239,3.9287,-0.2401,7261.4169,NA,NA,NA
dwm.exe,2752,0x0,Other,-1,0,0,Hardware: Legacy Flip,7269.7593,NA,4.21080000000000,4.16610000000000,0.00000000000000,0.06010000000000,3.6702,7265.5485,4.2108,4.2108,0.0000,0.0600,4.2109,0.2185,3.9924,-0.0345,7265.5485,NA,NA,NA
dwm.exe,2752,0x0,Other,-1,0,0,Hardware: Legacy Flip,7273.9546,NA,4.19530000000000,4.15200000000000,0.00000000000000,0.03860000000000,3.6269,7269.7593,4.1953,4.1953,0.0000,0.0601,4.1738,0.1963,3.9775,0.0588,7269.7593,NA,NA,NA
dwm.exe,2752,0x0,Other,-1,0,0,Hardware: Legacy Flip,7278.2085,NA,4.25390000000000,4.17190000000000,0.00000000000000,0.04860000000000,3.5449,7273.9546,4.2539,4.2539,0.0000,0.0386,4.2639,0.2056,4.0583,0.0234,7273.9546,NA,NA,NA
dwm.exe,2752,0x0,Other,-1,0,0,Hardware: Legacy Flip,7282.2380,NA,4.02950000000000,4.16680000000000,0.00000000000000,0.01420000000000,3.6822,7278.2085,4.0295,4.0295,0.0000,0.0486,3.9951,0.2299,3.7652,0.0871,7278.2085,NA,NA,NA
dwm.exe,2752,0x0,Other,-1,0,0,Hardware: Legacy Flip,7286.4252,NA,4.18720000000000,4.18460000000000,0.00000000000000,0.02380000000000,3.6796,7282.2380,4.1872,4.1872,0.0000,0.0142,4.1968,0.1949,4.0019,-0.1551,7282.2380,NA,NA,NA
dwm.exe,2752,0x0,Other,-1,0,0,Hardware: Legacy Flip,7290.5928,NA,4.16760000000000,4.14660000000000,0.00000000000000,0.04970000000000,3.6586,7286.4252,4.1676,4.1676,0.0000,0.0238,4.1935,0.2053,3.9882,0.0406,7286.4252,NA,NA,NA
dwm.exe,2752,0x0,Other,-1,0,0,Hardware: Legacy Flip,7294.7882,NA,4.19540000000000,4.17940000000000,0.00000000000000,0.03090000000000,3.6426,7290.5928,4.1954,4.1954,0.0000,0.0497,4.1766,0.2143,3.9623,-0.0118,7290.5928,NA,NA,NA
dwm.exe,2752,0x0,Other,-1,0,0,Hardware: Legacy Flip,7299.0603,NA,4.27210000000000,4.17630000000000,0.00000000000000,0.02130000000000,3.5468,7294.7882,4.2721,4.2721,0.0000,0.0309,4.2625,0.2303,4.0322,0.0191,7294.7882,NA,NA,NA
dwm.exe,2752,0x0,Other,-1,0,0,Hardware: Legacy Flip,7303.2211,NA,4.16080000000000,4.15980000000000,0.00000000000000,0.03990000000000,3.5458,7299.0603,4.1608,4.1608,0.0000,0.0213,4.1794,0.2102,3.9692,0.1123,7299.0603,NA,NA,NA
dwm.exe,2752,0x0,Other,-1,0,0,Hardware: Legacy Flip,7307.3080,NA,4.08690000000000,4.15790000000000,0.00000000000000,0.03760000000000,3.6168,7303.2211,4.0869,4.0869,0.0000,0.0399,4.0846,0.2083,3.8763,0.0029,7303.2211,NA,NA,NA
dwm.exe,2752,0x0,Other,-1,0,0,Hardware: Legacy Flip,7311.5007,NA,4.19270000000000,4.16120000000000,0.00000000000000,0.04030000000000,3.5853,7307.3080,4.1927,4.1927,0.0000,0.0376,4.1954,0.2228,3.9726,-0.0743,7307.3080,NA,NA,NA
dwm.exe,2752,0x0,Other,-1,0,0,Hardware: Legacy Flip,7315.6426,NA,4.14190000000000,4.16790000000000,0.00000000000000,0.03310000000000,3.6113,7311.5007,4.1419,4.1419,0.0000,0.0403,4.1347,0.1978,3.9369,0.0248,7311.5007,NA,NA,NA
dwm.exe,2752,0x0,Other,-1,0,0,Hardware: Legacy Flip,7319.7745,NA,4.13190000000000,4.17590000000000,0.00000000000000,0.03010000000000,3.6553,7315.6426,4.1319,4.1319,0.0000,0.0331,4.1289,0.2141,3.9148,-0.0340,7315.6426,NA,NA,NA
dwm.exe,2752,0x0,Other,-1,0,0,Hardware: Legacy Flip,7324.0263,NA,4.25180000000000,4.17290000000000,0.00000000000000,0.06920000000000,3.5764,7319.7745,4.2518,4.2518,0.0000,0.0301,4.2909,0.2398,4.0511,-0.0410,7319.7745,NA,NA,NA
dwm.exe,2752,0x0,Other,-1,0,0,Hardware: Legacy Flip,7328.2162,NA,4.18990000000000,4.16080000000000,0.00000000000000,0.03740000000000,3.5473,7324.0263,4.1899,4.1899,0.0000,0.0692,4.1581,0.2314,3.9267,0.0910,7324.0263,NA,NA,NA
dwm.exe,2752,0x0,Other,-1,0,0,Hardware: Legacy Flip,7332.3320,NA,4.11580000000000,4.17190000000000,0.00000000000000,0.04140000000000,3.6034,7328.2162,4.1158,4.1158,0.0000,0.0374,4.1198,0.2120,3.9078,0.0180,7328.2162,NA,NA,NA
dwm.exe,2752,0x0,Other,-1,0,0,Hardware: Legacy Flip,7336.5803,NA,4.24830000000000,4.17040000000000,0.00000000000000,0.02670000000000,3.5255,7332.3320,4.2483,4.2483,0.0000,0.0414,4.2336,0.2163,4.0173,-0.0546,7332.3320,NA,NA,NA
dwm.exe,2752,0x0,Other,-1,0,0,Hardware: Legacy Flip,7340.6242,NA,4.04390000000000,4.15180000000000,0.00000000000000,0.05400000000000,3.6334,7336.5803,4.0439,4.0439,0.0000,0.0267,4.0712,0.2133,3.8579,0.0965,7336.5803,NA,NA,NA
dwm.exe,2752,0x0,Other,-1,0,0,Hardware: Legacy Flip,7344.7871,NA,4.16290000000000,4.14250000000000,0.00000000000000,0.04470000000000,3.6130,7340.6242,4.1629,4.1629,0.0000,0.0540,4.1536,0.2029,3.9507,-0.0986,7340.6242,NA,NA,NA
dwm.exe,2752,0x0,Other,-1,0,0,Hardware: Legacy Flip,7348.9142,NA,4.12710000000000,4.21050000000000,0.00000000000000,0.03620000000000,3.6964,7344.7871,4.1271,4.1271,0.0000,0.0447,4.1186,0.2202,3.8984,-0.0476,7344.7871,NA,NA,NA
dwm.exe,2752,0x0,Other,-1,0,0,Hardware: Legacy Flip,7353.1817,NA,4.26750000000000,4.15240000000000,0.00000000000000,0.01470000000000,3.5813,7348.9142,4.2675,4.2675,0.0000,0.0362,4.2460,0.2184,4.0276,-0.0253,7348.9142,NA,NA,NA
dwm.exe,2752,0x0,Other,-1,0,0,Hardware: Legacy Flip,7357.2819,NA,4.10020000000000,4.16090000000000,0.00000000000000,0.04310000000000,3.6420,7353.1817,4.1002,4.1002,0.0000,0.0147,4.1286,0.1995,3.9291,0.1066,7353.1817,NA,NA,NA
dwm.exe,2752,0x0,Other,-1,0,0,Hardware: Legacy Flip,7361.4269,NA,4.14500000000000,4.18270000000000,0.00000000000000,0.04120000000000,3.6797,7357.2819,4.1450,4.1450,0.0000,0.0431,4.1431,0.2107,3.9324,-0.0825,7357.2819,NA,NA,NA
dwm.exe,2752,0x0,Other,-1,0,0,Hardware: Legacy Flip,7365.5912,NA,4.16430000000000,4.14890000000000,0.00000000000000,0.05730000000000,3.6643,7361.4269,4.1643,4.1643,0.0000,0.0412,4.1804,0.2103,3.9701,-0.0039,7361.4269,NA,NA,NA
dwm.exe,2752,0x0,Other,-1,0,0,Hardware: Legacy Flip,7369.7224,NA,4.13120000000000,4.17970000000000,0.00000000000000,0.05150000000000,3.7128,7365.5912,4.1312,4.1312,0.0000,0.0573,4.1254,0.2104,3.9150,-0.0154,7365.5912,NA,NA,NA
dwm.exe,2752,0x0,Other,-1,0,0,Hardware: Legacy Flip,7374.1861,NA,4.46370000000000,4.16460000000000,0.00000000000000,0.02090000000000,3.4137,7369.7224,4.4637,4.4637,0.0000,0.0515,4.4331,0.2490,4.1841,-0.0334,7369.7224,NA,NA,NA
dwm.exe,2752,0x0,Other,-1,0,0,Hardware: Legacy Flip,7378.0404,NA,3.85430000000000,4.17020000000000,0.00000000000000,0.06010000000000,3.7296,7374.1861,3.8543,3.8543,0.0000,0.0209,3.8935,0.1828,3.7107,0.2935,7374.1861,NA,NA,NA
dwm.exe,2752,0x0,Other,-1,0,0,Hardware: Legacy Flip,7382.2611,NA,4.22070000000000,4.15500000000000,0.00000000000000,0.02680000000000,3.6639,7378.0404,4.2207,4.2207,0.0000,0.0601,4.1874,0.2509,3.9365,-0.3007,7378.0404,NA,NA,NA
dwm.exe,2752,0x0,Other,-1,0,0,Hardware: Legacy Flip,7386.4559,NA,4.19480000000000,4.17890000000000,0.00000000000000,0.05640000000000,3.6480,7382.2611,4.1948,4.1948,0.0000,0.0268,4.2244,0.1890,4.0354,0.0418,7382.2611,NA,NA,NA
dwm.exe,2752,0x0,Other,-1,0,0,Hardware: Legacy Flip,7390.5338,NA,4.07790000000000,4.15210000000000,0.00000000000000,0.05830000000000,3.7222,7386.4559,4.0779,4.0779,0.0000,0.0564,4.0798,0.2088,3.8710,0.0427,7386.4559,NA,NA,NA
dwm.exe,2752,0x0,Other,-1,0,0,Hardware: Legacy Flip,7428.2978,NA,37.76400000000000,37.51130000000000,0.00000000000000,0.01730000000000,3.4695,7390.5338,37.7640,37.7640,0.0000,0.0583,37.7230,0.2748,37.4482,-33.4334,7390.5338,NA,NA,NA
dwm.exe,2752,0x0,Other,-1,0,0,Hardware: Legacy Flip,7436.7461,NA,8.44830000000000,8.34260000000000,0.00000000000000,0.01310000000000,3.3638,7428.2978,8.4483,8.4483,0.0000,0.0173,8.4441,0.1845,8.2596,29.4214,7428.2978,NA,NA,NA
dwm.exe,2752,0x0,Other,-1,0,0,Hardware: Legacy Flip,7506.5908,NA,69.84470000000000,66.67500000000000,0.00000000000000,0.01760000000000,0.1941,7436.7461,69.8447,69.8447,0.0000,0.0131,69.8492,0.2324,69.6168,-58.2267,7436.7461,NA,NA,NA
dwm.exe,2752,0x0,Other,-1,0,0,Hardware: Legacy Flip,7511.5925,NA,5.00170000000000,8.31440000000000,0.00000000000000,0.01720000000000,3.5068,7506.5908,5.0017,5.0017,0.0000,0.0176,5.0013,0.1835,4.8178,61.5303,7506.5908,NA,NA,NA
dwm.exe,2752,0x0,Other,-1,0,0,Hardware: Legacy Flip,7516.4164,NA,4.82390000000000,4.17240000000000,0.00000000000000,0.02180000000000,2.8553,7511.5925,4.8239,4.8239,0.0000,0.0172,4.8285,0.1921,4.6364,0.8293,7511.5925,NA,NA,NA
FlyingBird.exe,46456,0x1E2504FE000,DXGI,0,0,0,Composed: Copy with GPU GDI,6525.8776,NA,907.78970000000004,895.85699999999997,0.06100000000000,0.30050000000000,5.8740,5618.1637,907.7749,907.7139,0.0610,0.1962,907.8182,0.3896,907.4286,-817.8561,5618.1637,NA,NA,NA
dwm.exe,2752,0x0,Other,-1,0,0,Hardware: Legacy Flip,7519.9848,NA,3.56840000000000,4.16600000000000,0.00000000000000,0.01830000000000,3.4529,7516.4164,3.5684,3.5684,0.0000,0.0218,3.5649,0.2103,3.3546,0.6579,7516.4164,NA,NA,NA
dwm.exe,2752,0x0,Other,-1,0,0,Hardware: Legacy Flip,7529.7972,NA,9.81240000000000,8.33110000000000,0.00000000000000,0.03130000000000,1.9716,7519.9848,9.8124,9.8124,0.0000,0.0183,9.8254,0.2521,9.5733,-4.7627,7519.9848,NA,NA,NA
dwm.exe,2752,0x0,Other,-1,0,0,Hardware: Legacy Flip,7532.4098,NA,2.61260000000000,4.16810000000000,0.00000000000000,0.12810000000000,3.5271,7529.7972,2.6126,2.6126,0.0000,0.0313,2.7094,0.3036,2.4058,5.6443,7529.7972,NA,NA,NA
dwm.exe,2752,0x0,Other,-1,0,0,Hardware: Legacy Flip,7540.5645,NA,8.15470000000000,8.33210000000000,0.00000000000000,0.08730000000000,3.7045,7532.4098,8.1547,8.1547,0.0000,0.1281,8.1139,0.3016,7.8123,-5.7195,7532.4098,NA,NA,NA
FlyingBird.exe,46456,0x1E2504FE000,DXGI,0,0,0,Composed: Copy with GPU GDI,7521.8740,NA,995.99639999999999,1000.01720000000000,0.06370000000000,0.32460000000000,9.8948,6525.9386,995.9991,995.9354,0.0637,0.2447,996.0153,0.3824,995.6329,-92.2423,6525.9386,NA,NA,NA
dwm.exe,2752,0x0,Other,-1,0,0,Hardware: Legacy Flip,7547.8363,NA,7.27180000000000,4.15590000000000,0.00000000000000,0.04620000000000,0.5886,7540.5645,7.2718,7.2718,0.0000,0.0873,7.2307,0.2448,6.9859,3.9988,7540.5645,NA,NA,NA
dwm.exe,2752,0x0,Other,-1,0,0,Hardware: Legacy Flip,7673.3466,NA,125.51030000000000,129.20490000000001,0.00000000000000,0.01810000000000,4.2832,7547.8363,125.5103,125.5103,0.0000,0.0462,125.4822,0.2670,125.2152,-121.9331,7547.8363,NA,NA,NA
dwm.exe,2752,0x0,Other,-1,0,0,Hardware: Legacy Flip,7678.3312,NA,4.98460000000000,4.13350000000000,0.00000000000000,0.01520000000000,3.4321,7673.3466,4.9846,4.9846,0.0000,0.0181,4.9817,0.2663,4.7154,121.3768,7673.3466,NA,NA,NA
dwm.exe,2752,0x0,Other,-1,0,0,Hardware: Legacy Flip,7699.0988,NA,20.76760000000000,20.85380000000000,0.00000000000000,0.01370000000000,3.5183,7678.3312,20.7676,20.7676,0.0000,0.0152,20.7661,0.1610,20.6051,-15.8692,7678.3312,NA,NA,NA
dwm.exe,2752,0x0,Other,-1,0,0,Hardware: Legacy Flip,7703.4588,NA,4.36000000000000,4.15860000000000,0.00000000000000,0.01680000000000,3.3169,7699.0988,4.3600,4.3600,0.0000,0.0137,4.3631,0.2246,4.1385,16.6090,7699.0988,NA,NA,NA
dwm.exe,2752,0x0,Other,-1,0,0,Hardware: Legacy Flip,7776.5270,NA,73.06820000000000,70.84210000000000,0.00000000000000,0.02330000000000,1.0908,7703.4588,73.0682,73.0682,0.0000,0.0168,73.0747,0.2357,72.8390,-66.4821,7703.4588,NA,NA,NA
dwm.exe,2752,0x0,Other,-1,0,0,Hardware: Legacy Flip,7794.7791,NA,18.25210000000000,20.82290000000000,0.00000000000000,0.01560000000000,3.6616,7776.5270,18.2521,18.2521,0.0000,0.0233,18.2444,0.1429,18.1015,52.2453,7776.5270,NA,NA,NA
dwm.exe,2752,0x0,Other,-1,0,0,Hardware: Legacy Flip,7832.2739,NA,37.49480000000000,37.48890000000000,0.00000000000000,0.01170000000000,3.6557,7794.7791,37.4948,37.4948,0.0000,0.0156,37.4909,0.2121,37.2788,-19.2368,7794.7791,NA,NA,NA
dwm.exe,2752,0x0,Other,-1,0,0,Hardware: Legacy Flip,7853.2851,NA,21.01120000000000,20.84390000000000,0.00000000000000,0.01780000000000,3.4884,7832.2739,21.0112,21.0112,0.0000,0.0117,21.0173,0.2505,20.7668,16.6509,7832.2739,NA,NA,NA
dwm.exe,2752,0x0,Other,-1,0,0,Hardware: Legacy Flip,7894.9453,NA,41.66020000000000,41.66270000000000,0.00000000000000,0.01820000000000,3.4909,7853.2851,41.6602,41.6602,0.0000,0.0178,41.6606,0.2167,41.4439,-20.6515,7853.2851,NA,NA,NA
dwm.exe,2752,0x0,Other,-1,0,0,Hardware: Legacy Flip,7986.5184,NA,91.57310000000000,91.66249999999999,0.00000000000000,0.01330000000000,3.5803,7894.9453,91.5731,91.5731,0.0000,0.0182,91.5682,0.2006,91.3676,-50.0023,7894.9453,NA,NA,NA
dwm.exe,2752,0x0,Other,-1,0,0,Hardware: Legacy Flip,8000.3031,NA,13.78470000000000,12.52260000000000,0.00000000000000,0.01870000000000,2.3182,7986.5184,13.7847,13.7847,0.0000,0.0133,13.7901,0.2032,13.5869,79.0505,7986.5184,NA,NA,NA
dwm.exe,2752,0x0,Other,-1,0,0,Hardware: Legacy Flip,8003.1878,NA,2.88470000000000,4.16960000000000,0.00000000000000,0.03560000000000,3.6031,8000.3031,2.8847,2.8847,0.0000,0.0187,2.9016,0.1851,2.7165,9.6151,8000.3031,NA,NA,NA
dwm.exe,2752,0x0,Other,-1,0,0,Hardware: Legacy Flip,8015.6202,NA,12.43240000000000,12.48690000000000,0.00000000000000,0.03190000000000,3.6576,8003.1878,12.4324,12.4324,0.0000,0.0356,12.4287,0.1794,12.2493,-9.6022,8003.1878,NA,NA,NA
dwm.exe,2752,0x0,Other,-1,0,0,Hardware: Legacy Flip,8028.0927,NA,12.47250000000000,12.50490000000000,0.00000000000000,0.03540000000000,3.6900,8015.6202,12.4725,12.4725,0.0000,0.0319,12.4760,0.1966,12.2794,-0.0725,8015.6202,NA,NA,NA
dwm.exe,2752,0x0,Other,-1,0,0,Hardware: Legacy Flip,8036.3977,NA,8.30500000000000,8.34100000000000,0.00000000000000,0.01870000000000,3.7260,8028.0927,8.3050,8.3050,0.0000,0.0354,8.2883,0.2006,8.0877,4.1315,8028.0927,NA,NA,NA
dwm.exe,2752,0x0,Other,-1,0,0,Hardware: Legacy Flip,8069.6546,NA,33.25690000000000,33.31480000000000,0.00000000000000,0.04350000000000,3.7839,8036.3977,33.2569,33.2569,0.0000,0.0187,33.2817,0.1921,33.0896,-25.0098,8036.3977,NA,NA,NA
dwm.exe,2752,0x0,Other,-1,0,0,Hardware: Legacy Flip,8108.0322,NA,38.37760000000000,37.51150000000000,0.00000000000000,0.07120000000000,2.9178,8069.6546,38.3776,38.3776,0.0000,0.0435,38.4053,0.2351,38.1702,-4.2546,8069.6546,NA,NA,NA
dwm.exe,2752,0x0,Other,-1,0,0,Hardware: Legacy Flip,8115.5523,NA,7.52010000000000,8.32330000000000,0.00000000000000,0.04400000000000,3.7210,8108.0322,7.5201,7.5201,0.0000,0.0712,7.4929,0.1832,7.3097,30.0543,8108.0322,NA,NA,NA
dwm.exe,2752,0x0,Other,-1,0,0,Hardware: Legacy Flip,8128.0741,NA,12.52180000000000,12.50140000000000,0.00000000000000,0.03620000000000,3.7006,8115.5523,12.5218,12.5218,0.0000,0.0440,12.5140,0.1983,12.3157,-4.9813,8115.5523,NA,NA,NA
dwm.exe,2752,0x0,Other,-1,0,0,Hardware: Legacy Flip,8140.9447,NA,12.87060000000000,12.49920000000000,0.00000000000000,0.12680000000000,3.3292,8128.0741,12.8706,12.8706,0.0000,0.0362,12.9612,0.3748,12.5864,0.0226,8128.0741,NA,NA,NA
dwm.exe,2752,0x0,Other,-1,0,0,Hardware: Legacy Flip,8153.1106,NA,12.16590000000000,12.49270000000000,0.00000000000000,0.02910000000000,3.6560,8140.9447,12.1659,12.1659,0.0000,0.1268,12.0682,0.1196,11.9486,0.3779,8140.9447,NA,NA,NA
dwm.exe,2752,0x0,Other,-1,0,0,Hardware: Legacy Flip,8165.5777,NA,12.46710000000000,12.52420000000000,0.00000000000000,0.03580000000000,3.7131,8153.1106,12.4671,12.4671,0.0000,0.0291,12.4738,0.2058,12.2680,-0.3583,8153.1106,NA,NA,NA
dwm.exe,2752,0x0,Other,-1,0,0,Hardware: Legacy Flip,8186.5753,NA,20.99760000000000,20.83480000000000,0.00000000000000,0.05120000000000,3.5503,8165.5777,20.9976,20.9976,0.0000,0.0358,21.0130,0.1943,20.8187,-8.3677,8165.5777,NA,NA,NA
dwm.exe,2752,0x0,Other,-1,0,0,Hardware: Legacy Flip,8216.8729,NA,30.29760000000000,29.15290000000000,0.00000000000000,0.02000000000000,2.4056,8186.5753,30.2976,30.2976,0.0000,0.0512,30.2664,0.2699,29.9965,-8.1553,8186.5753,NA,NA,NA
dwm.exe,2752,0x0,Other,-1,0,0,Hardware: Legacy Flip,8249.3237,NA,32.45080000000000,33.33890000000000,0.00000000000000,0.12660000000000,3.2937,8216.8729,32.4508,32.4508,0.0000,0.0200,32.5574,0.3488,32.2086,-3.0413,8216.8729,NA,NA,NA
dwm.exe,2752,0x0,Other,-1,0,0,Hardware: Legacy Flip,8253.2646,NA,3.94090000000000,4.16660000000000,0.00000000000000,0.02440000000000,3.5194,8249.3237,3.9409,3.9409,0.0000,0.1266,3.8387,0.1549,3.6838,28.2842,8249.3237,NA,NA,NA
dwm.exe,2752,0x0,Other,-1,0,0,Hardware: Legacy Flip,8257.2334,NA,3.96880000000000,4.15770000000000,0.00000000000000,0.02040000000000,3.7083,8253.2646,3.9688,3.9688,0.0000,0.0244,3.9648,0.2067,3.7581,-0.2168,8253.2646,NA,NA,NA
dwm.exe,2752,0x0,Other,-1,0,0,Hardware: Legacy Flip,8269.9704,NA,12.73700000000000,12.50430000000000,0.00000000000000,0.01740000000000,3.4756,8257.2334,12.7370,12.7370,0.0000,0.0204,12.7340,0.2395,12.4945,-8.5355,8257.2334,NA,NA,NA
dwm.exe,2752,0x0,Other,-1,0,0,Hardware: Legacy Flip,8274.1470,NA,4.17660000000000,4.15830000000000,0.00000000000000,0.01800000000000,3.4573,8269.9704,4.1766,4.1766,0.0000,0.0174,4.1772,0.1882,3.9890,8.5787,8269.9704,NA,NA,NA
dwm.exe,2752,0x0,Other,-1,0,0,Hardware: Legacy Flip,8278.2251,NA,4.07810000000000,4.16340000000000,0.00000000000000,0.01770000000000,3.5426,8274.1470,4.0781,4.0781,0.0000,0.0180,4.0778,0.1936,3.8842,0.0132,8274.1470,NA,NA,NA
dwm.exe,2752,0x0,Other,-1,0,0,Hardware: Legacy Flip,8282.3137,NA,4.08860000000000,4.16930000000000,0.00000000000000,0.02450000000000,3.6233,8278.2251,4.0886,4.0886,0.0000,0.0177,4.0954,0.2506,3.8448,-0.0912,8278.2251,NA,NA,NA
dwm.exe,2752,0x0,Other,-1,0,0,Hardware: Legacy Flip,8286.4613,NA,4.14760000000000,4.16070000000000,0.00000000000000,0.03950000000000,3.6364,8282.3137,4.1476,4.1476,0.0000,0.0245,4.1626,0.2061,3.9565,-0.0721,8282.3137,NA,NA,NA
dwm.exe,2752,0x0,Other,-1,0,0,Hardware: Legacy Flip,8290.6794,NA,4.21810000000000,4.17150000000000,0.00000000000000,0.02630000000000,3.5898,8286.4613,4.2181,4.2181,0.0000,0.0395,4.2049,0.2050,3.9999,-0.0239,8286.4613,NA,NA,NA
dwm.exe,2752,0x0,Other,-1,0,0,Hardware: Legacy Flip,8294.8378,NA,4.15840000000000,4.15540000000000,0.00000000000000,0.02000000000000,3.5868,8290.6794,4.1584,4.1584,0.0000,0.0263,4.1521,0.1988,3.9533,0.0627,8290.6794,NA,NA,NA
dwm.exe,2752,0x0,Other,-1,0,0,Hardware: Legacy Flip,8299.0168,NA,4.17900000000000,4.19690000000000,0.00000000000000,0.02280000000000,3.6047,8294.8378,4.1790,4.1790,0.0000,0.0200,4.1818,0.2272,3.9546,-0.0385,8294.8378,NA,NA,NA
dwm.exe,2752,0x0,Other,-1,0,0,Hardware: Legacy Flip,8303.1804,NA,4.16360000000000,4.15260000000000,0.00000000000000,0.03030000000000,3.5937,8299.0168,4.1636,4.1636,0.0000,0.0228,4.1711,0.1947,3.9764,0.0264,8299.0168,NA,NA,NA
dwm.exe,2752,0x0,Other,-1,0,0,Hardware: Legacy Flip,8307.2901,NA,4.10970000000000,4.16460000000000,0.00000000000000,0.03660000000000,3.6486,8303.1804,4.1097,4.1097,0.0000,0.0303,4.1160,0.1993,3.9167,-0.0010,8303.1804,NA,NA,NA
dwm.exe,2752,0x0,Other,-1,0,0,Hardware: Legacy Flip,8311.5232,NA,4.23310000000000,4.17890000000000,0.00000000000000,0.02570000000000,3.5944,8307.2901,4.2331,4.2331,0.0000,0.0366,4.2222,0.2128,4.0094,-0.0692,8307.2901,NA,NA,NA
dwm.exe,2752,0x0,Other,-1,0,0,Hardware: Legacy Flip,8315.6276,NA,4.10440000000000,4.15390000000000,0.00000000000000,0.03570000000000,3.6439,8311.5232,4.1044,4.1044,0.0000,0.0257,4.1144,0.2620,3.8524,0.0792,8311.5232,NA,NA,NA
dwm.exe,2752,0x0,Other,-1,0,0,Hardware: Legacy Flip,8319.8935,NA,4.26590000000000,4.16500000000000,0.00000000000000,0.05750000000000,3.5430,8315.6276,4.2659,4.2659,0.0000,0.0357,4.2877,0.2324,4.0553,-0.0606,8315.6276,NA,NA,NA
dwm.exe,2752,0x0,Other,-1,0,0,Hardware: Legacy Flip,8323.9736,NA,4.08010000000000,4.16040000000000,0.00000000000000,0.03980000000000,3.6233,8319.8935,4.0801,4.0801,0.0000,0.0575,4.0624,0.1975,3.8649,0.1055,8319.8935,NA,NA,NA
dwm.exe,2752,0x0,Other,-1,0,0,Hardware: Legacy Flip,8328.1432,NA,4.16960000000000,4.17730000000000,0.00000000000000,0.03150000000000,3.6310,8323.9736,4.1696,4.1696,0.0000,0.0398,4.1613,0.1908,3.9705,-0.0972,8323.9736,NA,NA,NA
dwm.exe,2752,0x0,Other,-1,0,0,Hardware: Legacy Flip,8332.2558,NA,4.11260000000000,4.16360000000000,0.00000000000000,0.04040000000000,3.6820,8328.1432,4.1126,4.1126,0.0000,0.0315,4.1215,0.2107,3.9108,0.0060,8328.1432,NA,NA,NA
dwm.exe,2752,0x0,Other,-1,0,0,Hardware: Legacy Flip,8336.4638,NA,4.20800000000000,4.17280000000000,0.00000000000000,0.03180000000000,3.6468,8332.2558,4.2080,4.2080,0.0000,0.0404,4.1994,0.2018,3.9976,-0.0602,8332.2558,NA,NA,NA
dwm.exe,2752,0x0,Other,-1,0,0,Hardware: Legacy Flip,8340.6308,NA,4.16700000000000,4.14910000000000,0.00000000000000,0.02580000000000,3.6289,8336.4638,4.1670,4.1670,0.0000,0.0318,4.1610,0.1967,3.9643,0.0589,8336.4638,NA,NA,NA
dwm.exe,2752,0x0,Other,-1,0,0,Hardware: Legacy Flip,8344.7908,NA,4.16000000000000,4.18670000000000,0.00000000000000,0.02240000000000,3.6556,8340.6308,4.1600,4.1600,0.0000,0.0258,4.1566,0.2010,3.9556,-0.0197,8340.6308,NA,NA,NA
dwm.exe,2752,0x0,Other,-1,0,0,Hardware: Legacy Flip,8349.1350,NA,4.34420000000000,4.16880000000000,0.00000000000000,0.01720000000000,3.4802,8344.7908,4.3442,4.3442,0.0000,0.0224,4.3390,0.2240,4.1150,-0.0088,8344.7908,NA,NA,NA
dwm.exe,2752,0x0,Other,-1,0,0,Hardware: Legacy Flip,8353.2775,NA,4.14250000000000,4.16580000000000,0.00000000000000,0.01740000000000,3.5035,8349.1350,4.1425,4.1425,0.0000,0.0172,4.1427,0.2021,3.9406,0.1784,8349.1350,NA,NA,NA
dwm.exe,2752,0x0,Other,-1,0,0,Hardware: Legacy Flip,8357.5851,NA,4.30760000000000,4.17500000000000,0.00000000000000,0.01700000000000,3.3709,8353.2775,4.3076,4.3076,0.0000,0.0174,4.3072,0.2486,4.0586,-0.0325,8353.2775,NA,NA,NA
dwm.exe,2752,0x0,Other,-1,0,0,Hardware: Legacy Flip,8361.8374,NA,4.25230000000000,4.16920000000000,0.00000000000000,0.01840000000000,3.2878,8357.5851,4.2523,4.2523,0.0000,0.0170,4.2537,0.2264,4.0273,0.1384,8357.5851,NA,NA,NA
dwm.exe,2752,0x0,Other,-1,0,0,Hardware: Legacy Flip,8365.8977,NA,4.06030000000000,4.15890000000000,0.00000000000000,0.01740000000000,3.3864,8361.8374,4.0603,4.0603,0.0000,0.0184,4.0593,0.1760,3.8833,0.0934,8361.8374,NA,NA,NA
dwm.exe,2752,0x0,Other,-1,0,0,Hardware: Legacy Flip,8370.1464,NA,4.24870000000000,4.16400000000000,0.00000000000000,0.24690000000000,3.3017,8365.8977,4.2487,4.2487,0.0000,0.0174,4.4782,0.4538,4.0244,-0.1037,8365.8977,NA,NA,NA
dwm.exe,2752,0x0,Other,-1,0,0,Hardware: Legacy Flip,8374.3320,NA,4.18560000000000,4.17540000000000,0.00000000000000,0.03060000000000,3.2915,8370.1464,4.1856,4.1856,0.0000,0.2469,3.9693,0.2805,3.6888,0.0733,8370.1464,NA,NA,NA
dwm.exe,2752,0x0,Other,-1,0,0,Hardware: Legacy Flip,8378.6855,NA,4.35350000000000,4.17090000000000,0.00000000000000,0.03490000000000,3.1089,8374.3320,4.3535,4.3535,0.0000,0.0306,4.3578,0.2762,4.0816,0.0147,8374.3320,NA,NA,NA
dwm.exe,2752,0x0,Other,-1,0,0,Hardware: Legacy Flip,8382.5633,NA,3.87780000000000,4.13540000000000,0.00000000000000,0.06900000000000,3.3665,8378.6855,3.8778,3.8778,0.0000,0.0349,3.9119,0.3250,3.5869,0.2181,8378.6855,NA,NA,NA
dwm.exe,2752,0x0,Other,-1,0,0,Hardware: Legacy Flip,8386.9515,NA,4.38820000000000,4.19580000000000,0.00000000000000,0.01940000000000,3.1741,8382.5633,4.3882,4.3882,0.0000,0.0690,4.3386,0.2818,4.0568,-0.3180,8382.5633,NA,NA,NA
dwm.exe,2752,0x0,Other,-1,0,0,Hardware: Legacy Flip,8390.9865,NA,4.03500000000000,4.16350000000000,0.00000000000000,0.12250000000000,3.3026,8386.9515,4.0350,4.0350,0.0000,0.0194,4.1381,0.4207,3.7174,0.2247,8386.9515,NA,NA,NA
dwm.exe,2752,0x0,Other,-1,0,0,Hardware: Legacy Flip,8395.1012,NA,4.11470000000000,4.16670000000000,0.00000000000000,0.01730000000000,3.3546,8390.9865,4.1147,4.1147,0.0000,0.1225,4.0095,0.1782,3.8313,-0.1317,8390.9865,NA,NA,NA
dwm.exe,2752,0x0,Other,-1,0,0,Hardware: Legacy Flip,8399.3391,NA,4.23790000000000,4.17030000000000,0.00000000000000,0.01880000000000,3.2870,8395.1012,4.2379,4.2379,0.0000,0.0173,4.2394,0.2387,4.0007,-0.0556,8395.1012,NA,NA,NA
dwm.exe,2752,0x0,Other,-1,0,0,Hardware: Legacy Flip,8403.4690,NA,4.12990000000000,4.15610000000000,0.00000000000000,0.18100000000000,3.3132,8399.3391,4.1299,4.1299,0.0000,0.0188,4.2921,0.3932,3.8989,0.0818,8399.3391,NA,NA,NA
dwm.exe,2752,0x0,Other,-1,0,0,Hardware: Legacy Flip,8407.5879,NA,4.11890000000000,4.16300000000000,0.00000000000000,0.01800000000000,3.3573,8403.4690,4.1189,4.1189,0.0000,0.1810,3.9559,0.2502,3.7057,-0.0331,8403.4690,NA,NA,NA
dwm.exe,2752,0x0,Other,-1,0,0,Hardware: Legacy Flip,8411.9018,NA,4.31390000000000,4.15590000000000,0.00000000000000,0.02340000000000,3.1993,8407.5879,4.3139,4.3139,0.0000,0.0180,4.3193,0.3050,4.0143,-0.0370,8407.5879,NA,NA,NA
dwm.exe,2752,0x0,Other,-1,0,0,Hardware: Legacy Flip,8415.7650,NA,3.86320000000000,4.19170000000000,0.00000000000000,0.04520000000000,3.5278,8411.9018,3.8632,3.8632,0.0000,0.0234,3.8850,0.2306,3.6544,0.1222,8411.9018,NA,NA,NA
dwm.exe,2752,0x0,Other,-1,0,0,Hardware: Legacy Flip,8420.0818,NA,4.31680000000000,4.15460000000000,0.00000000000000,0.01760000000000,3.3656,8415.7650,4.3168,4.3168,0.0000,0.0452,4.2892,0.2330,4.0562,-0.2914,8415.7650,NA,NA,NA
dwm.exe,2752,0x0,Other,-1,0,0,Hardware: Legacy Flip,8423.9814,NA,3.89960000000000,4.16710000000000,0.00000000000000,0.03550000000000,3.6331,8420.0818,3.8996,3.8996,0.0000,0.0176,3.9175,0.1832,3.7343,0.1497,8420.0818,NA,NA,NA
dwm.exe,2752,0x0,Other,-1,0,0,Hardware: Legacy Flip,8428.4370,NA,4.45560000000000,4.16850000000000,0.00000000000000,0.01700000000000,3.3460,8423.9814,4.4556,4.4556,0.0000,0.0355,4.4371,0.2248,4.2123,-0.2689,8423.9814,NA,NA,NA
dwm.exe,2752,0x0,Other,-1,0,0,Hardware: Legacy Flip,8432.4773,NA,4.04030000000000,4.16840000000000,0.00000000000000,0.01750000000000,3.4741,8428.4370,4.0403,4.0403,0.0000,0.0170,4.0408,0.2133,3.8275,0.2872,8428.4370,NA,NA,NA
dwm.exe,2752,0x0,Other,-1,0,0,Hardware: Legacy Flip,8436.4676,NA,3.99030000000000,4.15570000000000,0.00000000000000,0.06230000000000,3.6395,8432.4773,3.9903,3.9903,0.0000,0.0175,4.0351,0.2071,3.8280,-0.1154,8432.4773,NA,NA,NA
dwm.exe,2752,0x0,Other,-1,0,0,Hardware: Legacy Flip,8440.8644,NA,4.39680000000000,4.17380000000000,0.00000000000000,0.02310000000000,3.4165,8436.4676,4.3968,4.3968,0.0000,0.0623,4.3576,0.2152,4.1424,-0.1835,8436.4676,NA,NA,NA
dwm.exe,2752,0x0,Other,-1,0,0,Hardware: Legacy Flip,8444.9293,NA,4.06490000000000,4.17250000000000,0.00000000000000,0.01580000000000,3.5241,8440.8644,4.0649,4.0649,0.0000,0.0231,4.0576,0.1945,3.8631,0.2243,8440.8644,NA,NA,NA
dwm.exe,2752,0x0,Other,-1,0,0,Hardware: Legacy Flip,8449.0343,NA,4.10500000000000,4.18190000000000,0.00000000000000,0.03170000000000,3.6010,8444.9293,4.1050,4.1050,0.0000,0.0158,4.1209,0.2683,3.8526,-0.1170,8444.9293,NA,NA,NA
dwm.exe,2752,0x0,Other,-1,0,0,Hardware: Legacy Flip,8453.1846,NA,4.15030000000000,4.14300000000000,0.00000000000000,0.03480000000000,3.5937,8449.0343,4.1503,4.1503,0.0000,0.0317,4.1534,0.2033,3.9501,-0.0380,8449.0343,NA,NA,NA
dwm.exe,2752,0x0,Other,-1,0,0,Hardware: Legacy Flip,8457.3185,NA,4.13390000000000,4.17070000000000,0.00000000000000,0.02670000000000,3.6305,8453.1846,4.1339,4.1339,0.0000,0.0348,4.1258,0.2019,3.9239,-0.0204,8453.1846,NA,NA,NA
dwm.exe,2752,0x0,Other,-1,0,0,Hardware: Legacy Flip,8461.4931,NA,4.17460000000000,4.16510000000000,0.00000000000000,0.03180000000000,3.6210,8457.3185,4.1746,4.1746,0.0000,0.0267,4.1797,0.2091,3.9706,-0.0312,8457.3185,NA,NA,NA
dwm.exe,2752,0x0,Other,-1,0,0,Hardware: Legacy Flip,8465.7040,NA,4.21090000000000,4.17250000000000,0.00000000000000,0.03790000000000,3.5826,8461.4931,4.2109,4.2109,0.0000,0.0318,4.2170,0.2123,4.0047,0.0021,8461.4931,NA,NA,NA
dwm.exe,2752,0x0,Other,-1,0,0,Hardware: Legacy Flip,8470.0664,NA,4.36240000000000,4.15160000000000,0.00000000000000,0.02110000000000,3.3718,8465.7040,4.3624,4.3624,0.0000,0.0379,4.3456,0.2581,4.0875,0.0593,8465.7040,NA,NA,NA
dwm.exe,2752,0x0,Other,-1,0,0,Hardware: Legacy Flip,8474.0031,NA,3.93670000000000,4.18750000000000,0.00000000000000,0.03360000000000,3.6226,8470.0664,3.9367,3.9367,0.0000,0.0211,3.9492,0.1703,3.7789,0.1749,8470.0664,NA,NA,NA
dwm.exe,2752,0x0,Other,-1,0,0,Hardware: Legacy Flip,8478.2998,NA,4.29670000000000,4.14850000000000,0.00000000000000,0.02630000000000,3.4744,8474.0031,4.2967,4.2967,0.0000,0.0336,4.2894,0.2173,4.0721,-0.2118,8474.0031,NA,NA,NA
dwm.exe,2752,0x0,Other,-1,0,0,Hardware: Legacy Flip,8482.3240,NA,4.02420000000000,4.17430000000000,0.00000000000000,0.02470000000000,3.6245,8478.2998,4.0242,4.0242,0.0000,0.0263,4.0226,0.2750,3.7476,0.1224,8478.2998,NA,NA,NA
dwm.exe,2752,0x0,Other,-1,0,0,Hardware: Legacy Flip,8486.5272,NA,4.20320000000000,4.16730000000000,0.00000000000000,0.01520000000000,3.5886,8482.3240,4.2032,4.2032,0.0000,0.0247,4.1937,0.2085,3.9852,-0.1431,8482.3240,NA,NA,NA
dwm.exe,2752,0x0,Other,-1,0,0,Hardware: Legacy Flip,8490.6992,NA,4.17200000000000,4.17820000000000,0.00000000000000,0.02470000000000,3.5948,8486.5272,4.1720,4.1720,0.0000,0.0152,4.1815,0.2092,3.9723,0.0250,8486.5272,NA,NA,NA
dwm.exe,2752,0x0,Other,-1,0,0,Hardware: Legacy Flip,8494.8859,NA,4.18670000000000,4.15880000000000,0.00000000000000,0.01520000000000,3.5669,8490.6992,4.1867,4.1867,0.0000,0.0247,4.1772,0.2127,3.9645,0.0132,8490.6992,NA,NA,NA
dwm.exe,2752,0x0,Other,-1,0,0,Hardware: Legacy Flip,8499.1199,NA,4.23400000000000,4.16180000000000,0.00000000000000,0.03000000000000,3.4947,8494.8859,4.2340,4.2340,0.0000,0.0152,4.2488,0.2126,4.0362,0.0249,8494.8859,NA,NA,NA
dwm.exe,2752,0x0,Other,-1,0,0,Hardware: Legacy Flip,8503.5005,NA,4.38060000000000,4.17550000000000,0.00000000000000,0.01890000000000,3.2896,8499.1199,4.3806,4.3806,0.0000,0.0300,4.3695,0.2573,4.1122,0.0585,8499.1199,NA,NA,NA
dwm.exe,2752,0x0,Other,-1,0,0,Hardware: Legacy Flip,8507.6801,NA,4.17960000000000,4.16040000000000,0.00000000000000,0.01800000000000,3.2704,8503.5005,4.1796,4.1796,0.0000,0.0189,4.1787,0.2164,3.9623,0.2202,8503.5005,NA,NA,NA
dwm.exe,2752,0x0,Other,-1,0,0,Hardware: Legacy Flip,8511.7821,NA,4.10200000000000,4.17090000000000,0.00000000000000,0.03110000000000,3.3393,8507.6801,4.1020,4.1020,0.0000,0.0180,4.1151,0.2109,3.9042,0.0087,8507.6801,NA,NA,NA
dwm.exe,2752,0x0,Other,-1,0,0,Hardware: Legacy Flip,8516.0507,NA,4.26860000000000,4.15360000000000,0.00000000000000,0.63110000000000,3.2243,8511.7821,4.2686,4.2686,0.0000,0.0311,4.8686,0.9385,3.9301,-0.0516,8511.7821,NA,NA,NA
dwm.exe,2752,0x0,Other,-1,0,0,Hardware: Legacy Flip,8520.2171,NA,4.16640000000000,4.19470000000000,0.00000000000000,0.11460000000000,3.2526,8516.0507,4.1664,4.1664,0.0000,0.6311,3.6499,0.3423,3.3076,0.0739,8516.0507,NA,NA,NA
dwm.exe,2752,0x0,Other,-1,0,0,Hardware: Legacy Flip,8524.5009,NA,4.28380000000000,4.15670000000000,0.00000000000000,0.10370000000000,3.1255,8520.2171,4.2838,4.2838,0.0000,0.1146,4.2729,0.3504,3.9225,0.0097,8520.2171,NA,NA,NA
dwm.exe,2752,0x0,Other,-1,0,0,Hardware: Legacy Flip,8528.4722,NA,3.97130000000000,4.14690000000000,0.00000000000000,0.12050000000000,3.3011,8524.5009,3.9713,3.9713,0.0000,0.1037,3.9881,0.3464,3.6417,0.1369,8524.5009,NA,NA,NA
dwm.exe,2752,0x0,Other,-1,0,0,Hardware: Legacy Flip,8532.6325,NA,4.16030000000000,4.18090000000000,0.00000000000000,0.01960000000000,3.3217,8528.4722,4.1603,4.1603,0.0000,0.1205,4.0594,0.2624,3.7970,-0.2096,8528.4722,NA,NA,NA
FlyingBird.exe,46456,0x1E2504FE000,DXGI,0,0,0,Composed: Copy with GPU GDI,7611.2829,NA,89.40890000000000,145.86099999999999,0.06240000000000,0.31600000000000,66.3469,7521.9377,89.4076,89.3452,0.0624,0.2656,89.3956,0.3785,89.0171,850.1381,7521.9377,NA,NA,NA
dwm.exe,2752,0x0,Other,-1,0,0,Hardware: Legacy Flip,8537.1471,NA,4.51460000000000,4.15550000000000,0.00000000000000,0.14730000000000,2.9626,8532.6325,4.5146,4.5146,0.0000,0.0196,4.6423,0.3822,4.2601,0.0048,8532.6325,NA,NA,NA
dwm.exe,2752,0x0,Other,-1,0,0,Hardware: Legacy Flip,8540.8422,NA,3.69510000000000,4.17630000000000,0.00000000000000,1.48590000000000,3.4438,8537.1471,3.6951,3.6951,0.0000,0.1473,5.0337,1.5994,3.4343,0.3383,8537.1471,NA,NA,NA
dwm.exe,2752,0x0,Other,-1,0,0,Hardware: Legacy Flip,8544.9474,NA,4.10520000000000,4.16070000000000,0.00000000000000,0.15170000000000,3.4993,8540.8422,4.1052,4.1052,0.0000,1.4859,2.7710,0.3235,2.4475,-0.4656,8540.8422,NA,NA,NA
dwm.exe,2752,0x0,Other,-1,0,0,Hardware: Legacy Flip,8549.0132,NA,4.06580000000000,4.17470000000000,0.00000000000000,0.16590000000000,3.6082,8544.9474,4.0658,4.0658,0.0000,0.1517,4.0800,0.3478,3.7322,-0.0695,8544.9474,NA,NA,NA
dwm.exe,2752,0x0,Other,-1,0,0,Hardware: Legacy Flip,8553.1844,NA,4.17120000000000,4.15740000000000,0.00000000000000,0.11000000000000,3.5944,8549.0132,4.1712,4.1712,0.0000,0.1659,4.1153,0.3479,3.7674,-0.0916,8549.0132,NA,NA,NA
dwm.exe,2752,0x0,Other,-1,0,0,Hardware: Legacy Flip,8557.3296,NA,4.14520000000000,4.16040000000000,0.00000000000000,0.03980000000000,3.6096,8553.1844,4.1452,4.1452,0.0000,0.1100,4.0750,0.2320,3.8430,0.0108,8553.1844,NA,NA,NA
dwm.exe,2752,0x0,Other,-1,0,0,Hardware: Legacy Flip,8561.4401,NA,4.11050000000000,4.15470000000000,0.00000000000000,0.04500000000000,3.6538,8557.3296,4.1105,4.1105,0.0000,0.0398,4.1157,0.2019,3.9138,-0.0095,8557.3296,NA,NA,NA
dwm.exe,2752,0x0,Other,-1,0,0,Hardware: Legacy Flip,8565.5921,NA,4.15200000000000,4.19160000000000,0.00000000000000,0.04170000000000,3.6934,8561.4401,4.1520,4.1520,0.0000,0.0450,4.1487,0.2016,3.9471,-0.0811,8561.4401,NA,NA,NA
dwm.exe,2752,0x0,Other,-1,0,0,Hardware: Legacy Flip,8569.8312,NA,4.23910000000000,4.17520000000000,0.00000000000000,0.03810000000000,3.6295,8565.5921,4.2391,4.2391,0.0000,0.0417,4.2355,0.2211,4.0144,-0.0232,8565.5921,NA,NA,NA
dwm.exe,2752,0x0,Other,-1,0,0,Hardware: Legacy Flip,8574.0224,NA,4.19120000000000,4.14480000000000,0.00000000000000,0.03790000000000,3.5831,8569.8312,4.1912,4.1912,0.0000,0.0381,4.1910,0.2099,3.9811,0.0943,8569.8312,NA,NA,NA
dwm.exe,2752,0x0,Other,-1,0,0,Hardware: Legacy Flip,8578.1706,NA,4.14820000000000,4.15900000000000,0.00000000000000,0.04080000000000,3.5939,8574.0224,4.1482,4.1482,0.0000,0.0379,4.1511,0.2220,3.9291,0.0322,8574.0224,NA,NA,NA
dwm.exe,2752,0x0,Other,-1,0,0,Hardware: Legacy Flip,8582.2944,NA,4.12380000000000,4.18650000000000,0.00000000000000,0.05850000000000,3.6566,8578.1706,4.1238,4.1238,0.0000,0.0408,4.1415,0.2366,3.9049,-0.0383,8578.1706,NA,NA,NA
dwm.exe,2752,0x0,Other,-1,0,0,Hardware: Legacy Flip,8586.5752,NA,4.28080000000000,4.16700000000000,0.00000000000000,0.02600000000000,3.5428,8582.2944,4.2808,4.2808,0.0000,0.0585,4.2483,0.1952,4.0531,-0.0432,8582.2944,NA,NA,NA
dwm.exe,2752,0x0,Other,-1,0,0,Hardware: Legacy Flip,8591.0998,NA,4.52460000000000,4.15120000000000,0.00000000000000,0.01790000000000,3.1694,8586.5752,4.5246,4.5246,0.0000,0.0260,4.5165,0.2337,4.2828,0.1296,8586.5752,NA,NA,NA
dwm.exe,2752,0x0,Other,-1,0,0,Hardware: Legacy Flip,8594.9805,NA,3.88070000000000,4.18930000000000,0.00000000000000,0.44560000000000,3.4780,8591.0998,3.8807,3.8807,0.0000,0.0179,4.3084,0.6312,3.6772,0.3353,8591.0998,NA,NA,NA
dwm.exe,2752,0x0,Other,-1,0,0,Hardware: Legacy Flip,8599.3490,NA,4.36850000000000,4.17010000000000,0.00000000000000,0.01830000000000,3.2796,8594.9805,4.3685,4.3685,0.0000,0.4456,3.9412,0.2777,3.6635,-0.2894,8594.9805,NA,NA,NA
dwm.exe,2752,0x0,Other,-1,0,0,Hardware: Legacy Flip,8603.4361,NA,4.08710000000000,4.15430000000000,0.00000000000000,0.02890000000000,3.3468,8599.3490,4.0871,4.0871,0.0000,0.0183,4.0977,0.2389,3.8588,0.2142,8599.3490,NA,NA,NA
dwm.exe,2752,0x0,Other,-1,0,0,Hardware: Legacy Flip,8607.6769,NA,4.24080000000000,4.16710000000000,0.00000000000000,0.02070000000000,3.2731,8603.4361,4.2408,4.2408,0.0000,0.0289,4.2326,0.2746,3.9580,-0.0800,8603.4361,NA,NA,NA
dwm.exe,2752,0x0,Other,-1,0,0,Hardware: Legacy Flip,8611.7363,NA,4.05940000000000,4.17980000000000,0.00000000000000,0.02590000000000,3.3935,8607.6769,4.0594,4.0594,0.0000,0.0207,4.0646,0.2410,3.8236,0.0610,8607.6769,NA,NA,NA
dwm.exe,2752,0x0,Other,-1,0,0,Hardware: Legacy Flip,8615.9057,NA,4.16940000000000,4.13430000000000,0.00000000000000,0.02200000000000,3.3584,8611.7363,4.1694,4.1694,0.0000,0.0259,4.1655,0.2404,3.9251,-0.0749,8611.7363,NA,NA,NA
dwm.exe,2752,0x0,Other,-1,0,0,Hardware: Legacy Flip,8620.0920,NA,4.18630000000000,4.16620000000000,0.00000000000000,0.03150000000000,3.3383,8615.9057,4.1863,4.1863,0.0000,0.0220,4.1958,0.2674,3.9284,0.0032,8615.9057,NA,NA,NA
dwm.exe,2752,0x0,Other,-1,0,0,Hardware: Legacy Flip,8624.1014,NA,4.00940000000000,4.19070000000000,0.00000000000000,0.04720000000000,3.5196,8620.0920,4.0094,4.0094,0.0000,0.0315,4.0251,0.2423,3.7828,-0.0044,8620.0920,NA,NA,NA
dwm.exe,2752,0x0,Other,-1,0,0,Hardware: Legacy Flip,8628.2884,NA,4.18700000000000,4.18390000000000,0.00000000000000,0.04390000000000,3.5165,8624.1014,4.1870,4.1870,0.0000,0.0472,4.1837,0.2264,3.9573,-0.1745,8624.1014,NA,NA,NA
dwm.exe,2752,0x0,Other,-1,0,0,Hardware: Legacy Flip,8632.5268,NA,4.23840000000000,4.14920000000000,0.00000000000000,0.04710000000000,3.4273,8628.2884,4.2384,4.2384,0.0000,0.0439,4.2416,0.2356,4.0060,0.0378,8628.2884,NA,NA,NA
dwm.exe,2752,0x0,Other,-1,0,0,Hardware: Legacy Flip,8636.9301,NA,4.40330000000000,4.17330000000000,0.00000000000000,0.01820000000000,3.1973,8632.5268,4.4033,4.4033,0.0000,0.0471,4.3744,0.2445,4.1299,0.0651,8632.5268,NA,NA,NA
dwm.exe,2752,0x0,Other,-1,0,0,Hardware: Legacy Flip,8640.9257,NA,3.99560000000000,4.16620000000000,0.00000000000000,0.03150000000000,3.3679,8636.9301,3.9956,3.9956,0.0000,0.0182,4.0089,0.2327,3.7762,0.2371,8636.9301,NA,NA,NA
dwm.exe,2752,0x0,Other,-1,0,0,Hardware: Legacy Flip,8645.0766,NA,4.15090000000000,4.14910000000000,0.00000000000000,0.01830000000000,3.3661,8640.9257,4.1509,4.1509,0.0000,0.0315,4.1377,0.2156,3.9221,-0.1535,8640.9257,NA,NA,NA
dwm.exe,2752,0x0,Other,-1,0,0,Hardware: Legacy Flip,8649.6161,NA,4.53950000000000,4.16800000000000,0.00000000000000,0.01830000000000,2.9946,8645.0766,4.5395,4.5395,0.0000,0.0183,4.5395,0.3053,4.2342,-0.0171,8645.0766,NA,NA,NA
dwm.exe,2752,0x0,Other,-1,0,0,Hardware: Legacy Flip,8667.4670,NA,17.85090000000000,16.67710000000000,0.00000000000000,0.09320000000000,1.8208,8649.6161,17.8509,17.8509,0.0000,0.0183,17.9258,0.3948,17.5310,-12.1376,8649.6161,NA,NA,NA
dwm.exe,2752,0x0,Other,-1,0,0,Hardware: Legacy Flip,8724.7810,NA,57.31400000000000,58.34440000000000,0.00000000000000,0.01430000000000,2.8512,8667.4670,57.3140,57.3140,0.0000,0.0932,57.2351,0.1710,57.0641,-40.4935,8667.4670,NA,NA,NA
dwm.exe,2752,0x0,Other,-1,0,0,Hardware: Legacy Flip,8732.7663,NA,7.98530000000000,8.31400000000000,0.00000000000000,0.01780000000000,3.1799,8724.7810,7.9853,7.9853,0.0000,0.0143,7.9888,0.2534,7.7354,49.0000,8724.7810,NA,NA,NA
dwm.exe,2752,0x0,Other,-1,0,0,Hardware: Legacy Flip,8745.7029,NA,12.93660000000000,12.51980000000000,0.00000000000000,0.02970000000000,2.7631,8732.7663,12.9366,12.9366,0.0000,0.0178,12.9485,0.2363,12.7122,-4.5345,8732.7663,NA,NA,NA
dwm.exe,2752,0x0,Other,-1,0,0,Hardware: Legacy Flip,8754.0853,NA,8.38240000000000,8.31890000000000,0.00000000000000,0.10450000000000,2.6996,8745.7029,8.3824,8.3824,0.0000,0.0297,8.4572,0.2684,8.1888,4.6177,8745.7029,NA,NA,NA
dwm.exe,2752,0x0,Other,-1,0,0,Hardware: Legacy Flip,8757.8765,NA,3.79120000000000,4.18320000000000,0.00000000000000,0.11440000000000,3.0916,8754.0853,3.7912,3.7912,0.0000,0.1045,3.8011,0.2742,3.5269,4.1992,8754.0853,NA,NA,NA
dwm.exe,2752,0x0,Other,-1,0,0,Hardware: Legacy Flip,8775.8151,NA,17.93860000000000,16.64290000000000,0.00000000000000,0.12390000000000,1.7959,8757.8765,17.9386,17.9386,0.0000,0.1144,17.9481,0.2720,17.6761,-12.8517,8757.8765,NA,NA,NA
dwm.exe,2752,0x0,Other,-1,0,0,Hardware: Legacy Flip,8782.2242,NA,6.40910000000000,8.32040000000000,0.00000000000000,0.05290000000000,3.7072,8775.8151,6.4091,6.4091,0.0000,0.1239,6.3381,0.2052,6.1329,9.6182,8775.8151,NA,NA,NA
dwm.exe,2752,0x0,Other,-1,0,0,Hardware: Legacy Flip,8803.4370,NA,21.21280000000000,20.87340000000000,0.00000000000000,0.12070000000000,3.3678,8782.2242,21.2128,21.2128,0.0000,0.0529,21.2806,0.3812,20.8994,-14.4643,8782.2242,NA,NA,NA
dwm.exe,2752,0x0,Other,-1,0,0,Hardware: Legacy Flip,8832.4881,NA,29.05110000000000,29.17140000000000,0.00000000000000,0.01840000000000,3.4881,8803.4370,29.0511,29.0511,0.0000,0.1207,28.9488,0.1956,28.7532,-7.9586,8803.4370,NA,NA,NA
dwm.exe,2752,0x0,Other,-1,0,0,Hardware: Legacy Flip,8857.2525,NA,24.76440000000000,24.97810000000000,0.00000000000000,0.01840000000000,3.7018,8832.4881,24.7644,24.7644,0.0000,0.0184,24.7644,0.1257,24.6387,4.0730,8832.4881,NA,NA,NA
dwm.exe,2752,0x0,Other,-1,0,0,Hardware: Legacy Flip,8882.6244,NA,25.37190000000000,24.99340000000000,0.00000000000000,0.11750000000000,3.3233,8857.2525,25.3719,25.3719,0.0000,0.0184,25.4710,0.3789,25.0921,-0.2290,8857.2525,NA,NA,NA
dwm.exe,2752,0x0,Other,-1,0,0,Hardware: Legacy Flip,8886.5964,NA,3.97200000000000,4.16360000000000,0.00000000000000,0.02660000000000,3.5149,8882.6244,3.9720,3.9720,0.0000,0.1175,3.8811,0.1699,3.7112,21.2083,8882.6244,NA,NA,NA
dwm.exe,2752,0x0,Other,-1,0,0,Hardware: Legacy Flip,8907.5926,NA,20.99620000000000,20.84610000000000,0.00000000000000,0.01810000000000,3.3648,8886.5964,20.9962,20.9962,0.0000,0.0266,20.9877,0.2541,20.7336,-16.8741,8886.5964,NA,NA,NA
dwm.exe,2752,0x0,Other,-1,0,0,Hardware: Legacy Flip,8932.3900,NA,24.79740000000000,25.00290000000000,0.00000000000000,0.02700000000000,3.5703,8907.5926,24.7974,24.7974,0.0000,0.0181,24.8063,0.1272,24.6791,-4.0067,8907.5926,NA,NA,NA
dwm.exe,2752,0x0,Other,-1,0,0,Hardware: Legacy Flip,8937.2693,NA,4.87930000000000,4.16300000000000,0.00000000000000,0.01800000000000,2.8540,8932.3900,4.8793,4.8793,0.0000,0.0270,4.8703,0.2630,4.6073,20.6344,8932.3900,NA,NA,NA
dwm.exe,2752,0x0,Other,-1,0,0,Hardware: Legacy Flip,8961.6667,NA,24.39740000000000,24.99110000000000,0.00000000000000,0.01710000000000,3.4477,8937.2693,24.3974,24.3974,0.0000,0.0180,24.3965,0.2350,24.1615,-20.1118,8937.2693,NA,NA,NA
dwm.exe,2752,0x0,Other,-1,0,0,Hardware: Legacy Flip,8986.7315,NA,25.06480000000000,25.00640000000000,0.00000000000000,0.01730000000000,3.3893,8961.6667,25.0648,25.0648,0.0000,0.0171,25.0650,0.1945,24.8705,-0.6090,8961.6667,NA,NA,NA
dwm.exe,2752,0x0,Other,-1,0,0,Hardware: Legacy Flip,8994.6666,NA,7.93510000000000,8.32600000000000,0.00000000000000,0.01850000000000,3.7802,8986.7315,7.9351,7.9351,0.0000,0.0173,7.9363,0.1917,7.7446,16.7388,8986.7315,NA,NA,NA
dwm.exe,2752,0x0,Other,-1,0,0,Hardware: Legacy Flip,9017.3300,NA,22.66340000000000,20.85160000000000,0.00000000000000,0.01870000000000,1.9684,8994.6666,22.6634,22.6634,0.0000,0.0185,22.6636,0.2537,22.4099,-12.9165,8994.6666,NA,NA,NA
dwm.exe,2752,0x0,Other,-1,0,0,Hardware: Legacy Flip,9038.3599,NA,21.02990000000000,20.83120000000000,0.00000000000000,0.04380000000000,1.7697,9017.3300,21.0299,21.0299,0.0000,0.0187,21.0550,0.3035,20.7515,1.8322,9017.3300,NA,NA,NA
dwm.exe,2752,0x0,Other,-1,0,0,Hardware: Legacy Flip,9070.0106,NA,31.65070000000000,33.33230000000000,0.00000000000000,0.10010000000000,3.4513,9038.3599,31.6507,31.6507,0.0000,0.0438,31.7070,0.3465,31.3605,-12.3024,9038.3599,NA,NA,NA
dwm.exe,2752,0x0,Other,-1,0,0,Hardware: Legacy Flip,9090.7124,NA,20.70180000000000,20.81840000000000,0.00000000000000,0.09620000000000,3.5679,9070.0106,20.7018,20.7018,0.0000,0.1001,20.6979,0.2943,20.4036,10.8323,9070.0106,NA,NA,NA
dwm.exe,2752,0x0,Other,-1,0,0,Hardware: Legacy Flip,9103.4393,NA,12.72690000000000,12.50880000000000,0.00000000000000,0.06080000000000,3.3498,9090.7124,12.7269,12.7269,0.0000,0.0962,12.6915,0.2308,12.4607,8.1930,9090.7124,NA,NA,NA
dwm.exe,2752,0x0,Other,-1,0,0,Hardware: Legacy Flip,9120.1088,NA,16.66950000000000,16.65780000000000,0.00000000000000,0.02300000000000,3.3381,9103.4393,16.6695,16.6695,0.0000,0.0608,16.6317,0.2622,16.3695,-3.9309,9103.4393,NA,NA,NA
dwm.exe,2752,0x0,Other,-1,0,0,Hardware: Legacy Flip,9140.9231,NA,20.81430000000000,20.82930000000000,0.00000000000000,0.01790000000000,3.3531,9120.1088,20.8143,20.8143,0.0000,0.0230,20.8092,0.1982,20.6110,-4.1598,9120.1088,NA,NA,NA
dwm.exe,2752,0x0,Other,-1,0,0,Hardware: Legacy Flip,9157.5462,NA,16.62310000000000,16.68530000000000,0.00000000000000,0.01800000000000,3.4153,9140.9231,16.6231,16.6231,0.0000,0.0179,16.6232,0.1948,16.4284,4.1290,9140.9231,NA,NA,NA
dwm.exe,2752,0x0,Other,-1,0,0,Hardware: Legacy Flip,9163.4891,NA,5.94290000000000,4.15620000000000,0.00000000000000,0.01710000000000,1.6286,9157.5462,5.9429,5.9429,0.0000,0.0180,5.9420,0.2201,5.7219,12.4669,9157.5462,NA,NA,NA
dwm.exe,2752,0x0,Other,-1,0,0,Hardware: Legacy Flip,9170.1558,NA,6.66670000000000,8.33270000000000,0.00000000000000,0.01700000000000,3.2946,9163.4891,6.6667,6.6667,0.0000,0.0171,6.6666,0.2207,6.4459,-2.3898,9163.4891,NA,NA,NA
dwm.exe,2752,0x0,Other,-1,0,0,Hardware: Legacy Flip,9174.1556,NA,3.99980000000000,4.15550000000000,0.00000000000000,0.01880000000000,3.4503,9170.1558,3.9998,3.9998,0.0000,0.0170,4.0016,0.2066,3.7950,2.5112,9170.1558,NA,NA,NA
dwm.exe,2752,0x0,Other,-1,0,0,Hardware: Legacy Flip,9184.0264,NA,9.87080000000000,8.34540000000000,0.00000000000000,0.01750000000000,1.9249,9174.1556,9.8708,9.8708,0.0000,0.0188,9.8695,0.1885,9.6810,-4.3456,9174.1556,NA,NA,NA
dwm.exe,2752,0x0,Other,-1,0,0,Hardware: Legacy Flip,9186.5932,NA,2.56680000000000,4.16930000000000,0.00000000000000,0.02690000000000,3.5274,9184.0264,2.5668,2.5668,0.0000,0.0175,2.5762,0.1669,2.4093,5.7015,9184.0264,NA,NA,NA
dwm.exe,2752,0x0,Other,-1,0,0,Hardware: Legacy Flip,9190.5970,NA,4.00380000000000,4.14900000000000,0.00000000000000,0.03440000000000,3.6726,9186.5932,4.0038,4.0038,0.0000,0.0269,4.0113,0.1869,3.8244,-1.5822,9186.5932,NA,NA,NA
dwm.exe,2752,0x0,Other,-1,0,0,Hardware: Legacy Flip,9203.0289,NA,12.43190000000000,12.51320000000000,0.00000000000000,0.04860000000000,3.7539,9190.5970,12.4319,12.4319,0.0000,0.0344,12.4461,0.2133,12.2328,-8.5094,9190.5970,NA,NA,NA
dwm.exe,2752,0x0,Other,-1,0,0,Hardware: Legacy Flip,9207.4413,NA,4.41240000000000,4.17000000000000,0.00000000000000,0.01720000000000,3.5115,9203.0289,4.4124,4.4124,0.0000,0.0486,4.3810,0.2269,4.1541,8.2619,9203.0289,NA,NA,NA
dwm.exe,2752,0x0,Other,-1,0,0,Hardware: Legacy Flip,9211.8904,NA,4.44910000000000,4.15360000000000,0.00000000000000,0.01910000000000,3.2160,9207.4413,4.4491,4.4491,0.0000,0.0172,4.4510,0.2296,4.2214,0.2588,9207.4413,NA,NA,NA
dwm.exe,2752,0x0,Other,-1,0,0,Hardware: Legacy Flip,9215.7571,NA,3.86670000000000,4.17740000000000,0.00000000000000,0.01620000000000,3.5267,9211.8904,3.8667,3.8667,0.0000,0.0191,3.8638,0.1799,3.6839,0.2717,9211.8904,NA,NA,NA
dwm.exe,2752,0x0,Other,-1,0,0,Hardware: Legacy Flip,9219.8178,NA,4.06070000000000,4.16460000000000,0.00000000000000,0.03140000000000,3.6306,9215.7571,4.0607,4.0607,0.0000,0.0162,4.0759,0.1985,3.8774,-0.2979,9215.7571,NA,NA,NA
dwm.exe,2752,0x0,Other,-1,0,0,Hardware: Legacy Flip,9223.9726,NA,4.15480000000000,4.17140000000000,0.00000000000000,0.01390000000000,3.6472,9219.8178,4.1548,4.1548,0.0000,0.0314,4.1373,0.2003,3.9370,-0.1107,9219.8178,NA,NA,NA
dwm.exe,2752,0x0,Other,-1,0,0,Hardware: Legacy Flip,9228.1613,NA,4.18870000000000,4.16350000000000,0.00000000000000,0.03160000000000,3.6220,9223.9726,4.1887,4.1887,0.0000,0.0139,4.2064,0.1984,4.0080,-0.0087,9223.9726,NA,NA,NA
dwm.exe,2752,0x0,Other,-1,0,0,Hardware: Legacy Flip,9232.2796,NA,4.11830000000000,4.16660000000000,0.00000000000000,0.03700000000000,3.6703,9228.1613,4.1183,4.1183,0.0000,0.0316,4.1237,0.2023,3.9214,0.0221,9228.1613,NA,NA,NA
dwm.exe,2752,0x0,Other,-1,0,0,Hardware: Legacy Flip,9236.4742,NA,4.19460000000000,4.19010000000000,0.00000000000000,0.03230000000000,3.6658,9232.2796,4.1946,4.1946,0.0000,0.0370,4.1899,0.2084,3.9815,-0.0718,9232.2796,NA,NA,NA
dwm.exe,2752,0x0,Other,-1,0,0,Hardware: Legacy Flip,9240.6898,NA,4.21560000000000,4.14040000000000,0.00000000000000,0.03410000000000,3.5906,9236.4742,4.2156,4.2156,0.0000,0.0323,4.2174,0.2055,4.0119,0.0542,9236.4742,NA,NA,NA
dwm.exe,2752,0x0,Other,-1,0,0,Hardware: Legacy Flip,9244.9138,NA,4.22400000000000,4.16690000000000,0.00000000000000,0.08700000000000,3.5335,9240.6898,4.2240,4.2240,0.0000,0.0341,4.2769,0.2687,4.0082,0.0487,9240.6898,NA,NA,NA
dwm.exe,2752,0x0,Other,-1,0,0,Hardware: Legacy Flip,9249.0251,NA,4.11130000000000,4.16190000000000,0.00000000000000,0.03990000000000,3.5841,9244.9138,4.1113,4.1113,0.0000,0.0870,4.0642,0.2424,3.8218,0.0621,9244.9138,NA,NA,NA
dwm.exe,2752,0x0,Other,-1,0,0,Hardware: Legacy Flip,9253.1362,NA,4.11110000000000,4.18520000000000,0.00000000000000,0.02140000000000,3.6582,9249.0251,4.1111,4.1111,0.0000,0.0399,4.0926,0.2396,3.8530,-0.0739,9249.0251,NA,NA,NA
dwm.exe,2752,0x0,Other,-1,0,0,Hardware: Legacy Flip,9257.3023,NA,4.16610000000000,4.16820000000000,0.00000000000000,0.04620000000000,3.6603,9253.1362,4.1661,4.1661,0.0000,0.0214,4.1909,0.1975,3.9934,-0.0571,9253.1362,NA,NA,NA
dwm.exe,2752,0x0,Other,-1,0,0,Hardware: Legacy Flip,9261.4707,NA,4.16840000000000,4.15140000000000,0.00000000000000,0.04130000000000,3.6433,9257.3023,4.1684,4.1684,0.0000,0.0462,4.1635,0.2129,3.9506,0.0147,9257.3023,NA,NA,NA
dwm.exe,2752,0x0,Other,-1,0,0,Hardware: Legacy Flip,9265.7993,NA,4.32860000000000,4.17230000000000,0.00000000000000,0.01990000000000,3.4870,9261.4707,4.3286,4.3286,0.0000,0.0413,4.3072,0.2202,4.0870,-0.0039,9261.4707,NA,NA,NA
dwm.exe,2752,0x0,Other,-1,0,0,Hardware: Legacy Flip,9269.9524,NA,4.15310000000000,4.16250000000000,0.00000000000000,0.04080000000000,3.4964,9265.7993,4.1531,4.1531,0.0000,0.0199,4.1740,0.1733,4.0007,0.1661,9265.7993,NA,NA,NA
dwm.exe,2752,0x0,Other,-1,0,0,Hardware: Legacy Flip,9274.0043,NA,4.05190000000000,4.17100000000000,0.00000000000000,0.02570000000000,3.6155,9269.9524,4.0519,4.0519,0.0000,0.0408,4.0368,0.2065,3.8303,-0.0179,9269.9524,NA,NA,NA
dwm.exe,2752,0x0,Other,-1,0,0,Hardware: Legacy Flip,9278.3733,NA,4.36900000000000,4.16760000000000,0.00000000000000,0.01810000000000,3.4141,9274.0043,4.3690,4.3690,0.0000,0.0257,4.3614,0.2253,4.1361,-0.1157,9274.0043,NA,NA,NA
dwm.exe,2752,0x0,Other,-1,0,0,Hardware: Legacy Flip,9282.5252,NA,4.15190000000000,4.16570000000000,0.00000000000000,0.36250000000000,3.4279,9278.3733,4.1519,4.1519,0.0000,0.0181,4.4963,0.5558,3.9405,0.2033,9278.3733,NA,NA,NA
dwm.exe,2752,0x0,Other,-1,0,0,Hardware: Legacy Flip,9286.7634,NA,4.23820000000000,4.17410000000000,0.00000000000000,0.01880000000000,3.3638,9282.5252,4.2382,4.2382,0.0000,0.3625,3.8945,0.2823,3.6122,-0.0222,9282.5252,NA,NA,NA
dwm.exe,2752,0x0,Other,-1,0,0,Hardware: Legacy Flip,9290.9660,NA,4.20260000000000,4.16610000000000,0.00000000000000,0.10740000000000,3.3273,9286.7634,4.2026,4.2026,0.0000,0.0188,4.2912,0.3292,3.9620,0.0721,9286.7634,NA,NA,NA
dwm.exe,2752,0x0,Other,-1,0,0,Hardware: Legacy Flip,9295.0527,NA,4.08670000000000,4.16380000000000,0.00000000000000,0.02900000000000,3.4044,9290.9660,4.0867,4.0867,0.0000,0.1074,4.0083,0.2026,3.8057,0.0388,9290.9660,NA,NA,NA
dwm.exe,2752,0x0,Other,-1,0,0,Hardware: Legacy Flip,9299.2726,NA,4.21990000000000,4.17780000000000,0.00000000000000,0.01750000000000,3.3623,9295.0527,4.2199,4.2199,0.0000,0.0290,4.2084,0.2209,3.9875,-0.0911,9295.0527,NA,NA,NA
dwm.exe,2752,0x0,Other,-1,0,0,Hardware: Legacy Flip,9303.4615,NA,4.18890000000000,4.15930000000000,0.00000000000000,0.72210000000000,3.3327,9299.2726,4.1889,4.1889,0.0000,0.0175,4.8935,0.9271,3.9664,0.0606,9299.2726,NA,NA,NA
dwm.exe,2752,0x0,Other,-1,0,0,Hardware: Legacy Flip,9307.5627,NA,4.10120000000000,4.19220000000000,0.00000000000000,0.07540000000000,3.4237,9303.4615,4.1012,4.1012,0.0000,0.7221,3.4545,0.2957,3.1588,-0.0033,9303.4615,NA,NA,NA
dwm.exe,2752,0x0,Other,-1,0,0,Hardware: Legacy Flip,9311.7443,NA,4.18160000000000,4.13280000000000,0.00000000000000,0.07310000000000,3.3749,9307.5627,4.1816,4.1816,0.0000,0.0754,4.1793,0.2641,3.9152,-0.0316,9307.5627,NA,NA,NA
dwm.exe,2752,0x0,Other,-1,0,0,Hardware: Legacy Flip,9316.0087,NA,4.26440000000000,4.17990000000000,0.00000000000000,0.16720000000000,3.2904,9311.7443,4.2644,4.2644,0.0000,0.0731,4.3585,0.4209,3.9376,0.0017,9311.7443,NA,NA,NA
dwm.exe,2752,0x0,Other,-1,0,0,Hardware: Legacy Flip,9320.1206,NA,4.11190000000000,4.16640000000000,0.00000000000000,0.07870000000000,3.3449,9316.0087,4.1119,4.1119,0.0000,0.1672,4.0234,0.3285,3.6949,0.0980,9316.0087,NA,NA,NA
dwm.exe,2752,0x0,Other,-1,0,0,Hardware: Legacy Flip,9324.3384,NA,4.21780000000000,4.16340000000000,0.00000000000000,0.06850000000000,3.2905,9320.1206,4.2178,4.2178,0.0000,0.0787,4.2076,0.3017,3.9059,-0.0515,9320.1206,NA,NA,NA
dwm.exe,2752,0x0,Other,-1,0,0,Hardware: Legacy Flip,9328.4312,NA,4.09280000000000,4.16400000000000,0.00000000000000,0.04400000000000,3.3617,9324.3384,4.0928,4.0928,0.0000,0.0685,4.0683,0.2682,3.8001,0.0538,9324.3384,NA,NA,NA
dwm.exe,2752,0x0,Other,-1,0,0,Hardware: Legacy Flip,9332.7181,NA,4.28690000000000,4.17450000000000,0.00000000000000,0.01900000000000,3.2493,9328.4312,4.2869,4.2869,0.0000,0.0440,4.2619,0.2611,4.0008,-0.0817,9328.4312,NA,NA,NA
dwm.exe,2752,0x0,Other,-1,0,0,Hardware: Legacy Flip,9336.7880,NA,4.06990000000000,4.15750000000000,0.00000000000000,0.05800000000000,3.3369,9332.7181,4.0699,4.0699,0.0000,0.0190,4.1089,0.2657,3.8432,0.1294,9332.7181,NA,NA,NA
dwm.exe,2752,0x0,Other,-1,0,0,Hardware: Legacy Flip,9340.9447,NA,4.15670000000000,4.15170000000000,0.00000000000000,0.02220000000000,3.3319,9336.7880,4.1567,4.1567,0.0000,0.0580,4.1209,0.2595,3.8614,-0.0818,9336.7880,NA,NA,NA
dwm.exe,2752,0x0,Other,-1,0,0,Hardware: Legacy Flip,9344.8214,NA,3.87670000000000,4.16880000000000,0.00000000000000,0.05480000000000,3.6240,9340.9447,3.8767,3.8767,0.0000,0.0222,3.9093,0.2162,3.6931,-0.0121,9340.9447,NA,NA,NA
dwm.exe,2752,0x0,Other,-1,0,0,Hardware: Legacy Flip,9349.1901,NA,4.36870000000000,4.18450000000000,0.00000000000000,0.01310000000000,3.4398,9344.8214,4.3687,4.3687,0.0000,0.0548,4.3270,0.2430,4.0840,-0.3078,9344.8214,NA,NA,NA
dwm.exe,2752,0x0,Other,-1,0,0,Hardware: Legacy Flip,9353.1000,NA,3.90990000000000,4.15870000000000,0.00000000000000,0.05330000000000,3.6886,9349.1901,3.9099,3.9099,0.0000,0.0131,3.9501,0.1908,3.7593,0.2100,9349.1901,NA,NA,NA
dwm.exe,2752,0x0,Other,-1,0,0,Hardware: Legacy Flip,9357.1971,NA,4.09710000000000,4.16490000000000,0.00000000000000,0.04710000000000,3.7564,9353.1000,4.0971,4.0971,0.0000,0.0533,4.0909,0.1939,3.8970,-0.2550,9353.1000,NA,NA,NA
dwm.exe,2752,0x0,Other,-1,0,0,Hardware: Legacy Flip,9361.4924,NA,4.29530000000000,4.17310000000000,0.00000000000000,0.01750000000000,3.6342,9357.1971,4.2953,4.2953,0.0000,0.0471,4.2657,0.2280,4.0377,-0.0760,9357.1971,NA,NA,NA
dwm.exe,2752,0x0,Other,-1,0,0,Hardware: Legacy Flip,9365.5741,NA,4.08170000000000,4.17290000000000,0.00000000000000,0.05960000000000,3.7254,9361.4924,4.0817,4.0817,0.0000,0.0175,4.1238,0.1920,3.9318,0.1224,9361.4924,NA,NA,NA
dwm.exe,2752,0x0,Other,-1,0,0,Hardware: Legacy Flip,9369.7010,NA,4.12690000000000,4.15940000000000,0.00000000000000,0.07980000000000,3.7579,9365.5741,4.1269,4.1269,0.0000,0.0596,4.1471,0.2349,3.9122,-0.0777,9365.5741,NA,NA,NA
dwm.exe,2752,0x0,Other,-1,0,0,Hardware: Legacy Flip,9373.8384,NA,4.13740000000000,4.16140000000000,0.00000000000000,0.07730000000000,3.7819,9369.7010,4.1374,4.1374,0.0000,0.0798,4.1349,0.2305,3.9044,-0.0345,9369.7010,NA,NA,NA
dwm.exe,2752,0x0,Other,-1,0,0,Hardware: Legacy Flip,9377.9897,NA,4.15130000000000,4.17310000000000,0.00000000000000,0.06540000000000,3.8037,9373.8384,4.1513,4.1513,0.0000,0.0773,4.1394,0.2113,3.9281,-0.0357,9373.8384,NA,NA,NA
dwm.exe,2752,0x0,Other,-1,0,0,Hardware: Legacy Flip,9382.1571,NA,4.16740000000000,4.16830000000000,0.00000000000000,0.06460000000000,3.8046,9377.9897,4.1674,4.1674,0.0000,0.0654,4.1666,0.2037,3.9629,-0.0170,9377.9897,NA,NA,NA
dwm.exe,2752,0x0,Other,-1,0,0,Hardware: Legacy Flip,9386.3270,NA,4.16990000000000,4.16110000000000,0.00000000000000,0.05750000000000,3.7958,9382.1571,4.1699,4.1699,0.0000,0.0646,4.1628,0.1971,3.9657,0.0063,9382.1571,NA,NA,NA
dwm.exe,2752,0x0,Other,-1,0,0,Hardware: Legacy Flip,9390.4857,NA,4.15870000000000,4.14700000000000,0.00000000000000,0.07770000000000,3.7841,9386.3270,4.1587,4.1587,0.0000,0.0575,4.1789,0.2267,3.9522,0.0229,9386.3270,NA,NA,NA
dwm.exe,2752,0x0,Other,-1,0,0,Hardware: Legacy Flip,9394.6357,NA,4.15000000000000,4.20370000000000,0.00000000000000,0.01610000000000,3.8378,9390.4857,4.1500,4.1500,0.0000,0.0777,4.0884,0.1998,3.8886,-0.0450,9390.4857,NA,NA,NA
dwm.exe,2752,0x0,Other,-1,0,0,Hardware: Legacy Flip,9399.3113,NA,4.67560000000000,4.14620000000000,0.00000000000000,0.01860000000000,3.3084,9394.6357,4.6756,4.6756,0.0000,0.0161,4.6781,0.2614,4.4167,0.0038,9394.6357,NA,NA,NA
dwm.exe,2752,0x0,Other,-1,0,0,Hardware: Legacy Flip,9403.2116,NA,3.90030000000000,4.17200000000000,0.00000000000000,0.02880000000000,3.5801,9399.3113,3.9003,3.9003,0.0000,0.0186,3.9105,0.1595,3.7510,0.5036,9399.3113,NA,NA,NA
dwm.exe,2752,0x0,Other,-1,0,0,Hardware: Legacy Flip,9407.2709,NA,4.05930000000000,4.16500000000000,0.00000000000000,0.04500000000000,3.6858,9403.2116,4.0593,4.0593,0.0000,0.0288,4.0755,0.2103,3.8652,-0.2647,9403.2116,NA,NA,NA
dwm.exe,2752,0x0,Other,-1,0,0,Hardware: Legacy Flip,9411.5075,NA,4.23660000000000,4.16250000000000,0.00000000000000,0.02520000000000,3.6117,9407.2709,4.2366,4.2366,0.0000,0.0450,4.2168,0.2134,4.0034,-0.1032,9407.2709,NA,NA,NA
dwm.exe,2752,0x0,Other,-1,0,0,Hardware: Legacy Flip,9415.6919,NA,4.18440000000000,4.17550000000000,0.00000000000000,0.02610000000000,3.6028,9411.5075,4.1844,4.1844,0.0000,0.0252,4.1853,0.2008,3.9845,0.0611,9411.5075,NA,NA,NA
dwm.exe,2752,0x0,Other,-1,0,0,Hardware: Legacy Flip,9419.8186,NA,4.12670000000000,4.16650000000000,0.00000000000000,0.03830000000000,3.6426,9415.6919,4.1267,4.1267,0.0000,0.0261,4.1389,0.2063,3.9326,0.0179,9415.6919,NA,NA,NA
dwm.exe,2752,0x0,Other,-1,0,0,Hardware: Legacy Flip,9423.9596,NA,4.14100000000000,4.16990000000000,0.00000000000000,0.05430000000000,3.6715,9419.8186,4.1410,4.1410,0.0000,0.0383,4.1570,0.2153,3.9417,-0.0432,9419.8186,NA,NA,NA
dwm.exe,2752,0x0,Other,-1,0,0,Hardware: Legacy Flip,9428.1114,NA,4.15180000000000,4.16150000000000,0.00000000000000,0.09300000000000,3.6812,9423.9596,4.1518,4.1518,0.0000,0.0543,4.1905,0.2338,3.9567,-0.0205,9423.9596,NA,NA,NA
dwm.exe,2752,0x0,Other,-1,0,0,Hardware: Legacy Flip,9432.1813,NA,4.06990000000000,4.16570000000000,0.00000000000000,0.06260000000000,3.7770,9428.1114,4.0699,4.0699,0.0000,0.0930,4.0395,0.1966,3.8429,-0.0139,9428.1114,NA,NA,NA
dwm.exe,2752,0x0,Other,-1,0,0,Hardware: Legacy Flip,9436.3468,NA,4.16550000000000,4.16370000000000,0.00000000000000,0.05630000000000,3.7752,9432.1813,4.1655,4.1655,0.0000,0.0626,4.1592,0.2080,3.9512,-0.0938,9432.1813,NA,NA,NA
dwm.exe,2752,0x0,Other,-1,0,0,Hardware: Legacy Flip,9440.9308,NA,4.58400000000000,4.18750000000000,0.00000000000000,0.01790000000000,3.3787,9436.3468,4.5840,4.5840,0.0000,0.0563,4.5456,0.2396,4.3060,-0.0220,9436.3468,NA,NA,NA
dwm.exe,2752,0x0,Other,-1,0,0,Hardware: Legacy Flip,9445.0438,NA,4.11300000000000,4.14560000000000,0.00000000000000,0.01680000000000,3.4113,9440.9308,4.1130,4.1130,0.0000,0.0179,4.1119,0.2082,3.9037,0.4384,9440.9308,NA,NA,NA
dwm.exe,2752,0x0,Other,-1,0,0,Hardware: Legacy Flip,9449.0784,NA,4.03460000000000,4.15900000000000,0.00000000000000,0.05440000000000,3.5357,9445.0438,4.0346,4.0346,0.0000,0.0168,4.0722,0.2113,3.8609,-0.0460,9445.0438,NA,NA,NA
dwm.exe,2752,0x0,Other,-1,0,0,Hardware: Legacy Flip,9453.1731,NA,4.09470000000000,4.17660000000000,0.00000000000000,0.05200000000000,3.6176,9449.0784,4.0947,4.0947,0.0000,0.0544,4.0923,0.1967,3.8956,-0.1420,9449.0784,NA,NA,NA
dwm.exe,2752,0x0,Other,-1,0,0,Hardware: Legacy Flip,9457.4285,NA,4.25540000000000,4.17550000000000,0.00000000000000,0.02820000000000,3.5377,9453.1731,4.2554,4.2554,0.0000,0.0520,4.2316,0.2160,4.0156,-0.0808,9453.1731,NA,NA,NA
dwm.exe,2752,0x0,Other,-1,0,0,Hardware: Legacy Flip,9461.5467,NA,4.11820000000000,4.15060000000000,0.00000000000000,0.02870000000000,3.5701,9457.4285,4.1182,4.1182,0.0000,0.0282,4.1187,0.2749,3.8438,0.1048,9457.4285,NA,NA,NA
dwm.exe,2752,0x0,Other,-1,0,0,Hardware: Legacy Flip,9465.6589,NA,4.11220000000000,4.17190000000000,0.00000000000000,0.06030000000000,3.6298,9461.5467,4.1122,4.1122,0.0000,0.0287,4.1438,0.2152,3.9286,-0.0537,9461.5467,NA,NA,NA
dwm.exe,2752,0x0,Other,-1,0,0,Hardware: Legacy Flip,9469.7565,NA,4.09760000000000,4.15380000000000,0.00000000000000,0.06130000000000,3.6860,9465.6589,4.0976,4.0976,0.0000,0.0603,4.0986,0.2092,3.8894,-0.0416,9465.6589,NA,NA,NA
dwm.exe,2752,0x0,Other,-1,0,0,Hardware: Legacy Flip,9473.9696,NA,4.21310000000000,4.19450000000000,0.00000000000000,0.01980000000000,3.6674,9469.7565,4.2131,4.2131,0.0000,0.0613,4.1716,0.1987,3.9729,-0.0969,9469.7565,NA,NA,NA
dwm.exe,2752,0x0,Other,-1,0,0,Hardware: Legacy Flip,9478.2004,NA,4.23080000000000,4.15750000000000,0.00000000000000,0.02300000000000,3.5941,9473.9696,4.2308,4.2308,0.0000,0.0198,4.2340,0.1955,4.0385,0.0556,9473.9696,NA,NA,NA
dwm.exe,2752,0x0,Other,-1,0,0,Hardware: Legacy Flip,9482.3592,NA,4.15880000000000,4.14860000000000,0.00000000000000,0.05050000000000,3.5839,9478.2004,4.1588,4.1588,0.0000,0.0230,4.1863,0.2174,3.9689,0.0822,9478.2004,NA,NA,NA
dwm.exe,2752,0x0,Other,-1,0,0,Hardware: Legacy Flip,9486.4023,NA,4.04310000000000,4.19540000000000,0.00000000000000,0.04440000000000,3.7362,9482.3592,4.0431,4.0431,0.0000,0.0505,4.0370,0.1924,3.8446,-0.0366,9482.3592,NA,NA,NA
dwm.exe,2752,0x0,Other,-1,0,0,Hardware: Legacy Flip,9490.6438,NA,4.24150000000000,4.13830000000000,0.00000000000000,0.05900000000000,3.6330,9486.4023,4.2415,4.2415,0.0000,0.0444,4.2561,0.2446,4.0115,-0.0952,9486.4023,NA,NA,NA
dwm.exe,2752,0x0,Other,-1,0,0,Hardware: Legacy Flip,9494.8206,NA,4.17680000000000,4.16160000000000,0.00000000000000,0.04790000000000,3.6178,9490.6438,4.1768,4.1768,0.0000,0.0590,4.1657,0.2785,3.8872,0.0799,9490.6438,NA,NA,NA
dwm.exe,2752,0x0,Other,-1,0,0,Hardware: Legacy Flip,9498.8886,NA,4.06800000000000,4.19940000000000,0.00000000000000,0.05060000000000,3.7492,9494.8206,4.0680,4.0680,0.0000,0.0479,4.0707,0.2056,3.8651,-0.0226,9494.8206,NA,NA,NA
dwm.exe,2752,0x0,Other,-1,0,0,Hardware: Legacy Flip,9503.1498,NA,4.26120000000000,4.15400000000000,0.00000000000000,0.07020000000000,3.6420,9498.8886,4.2612,4.2612,0.0000,0.0506,4.2808,0.2305,4.0503,-0.0860,9498.8886,NA,NA,NA
dwm.exe,2752,0x0,Other,-1,0,0,Hardware: Legacy Flip,9507.6630,NA,4.51320000000000,4.17840000000000,0.00000000000000,0.01890000000000,3.3072,9503.1498,4.5132,4.5132,0.0000,0.0702,4.4619,0.2471,4.2148,0.0828,9503.1498,NA,NA,NA
dwm.exe,2752,0x0,Other,-1,0,0,Hardware: Legacy Flip,9512.0103,NA,4.34730000000000,4.14760000000000,0.00000000000000,0.14960000000000,3.1075,9507.6630,4.3473,4.3473,0.0000,0.0189,4.4780,0.4176,4.0604,0.3656,9507.6630,NA,NA,NA
dwm.exe,2752,0x0,Other,-1,0,0,Hardware: Legacy Flip,9516.1088,NA,4.09850000000000,4.17130000000000,0.00000000000000,0.12680000000000,3.1803,9512.0103,4.0985,4.0985,0.0000,0.1496,4.0757,0.4020,3.6737,0.1760,9512.0103,NA,NA,NA
dwm.exe,2752,0x0,Other,-1,0,0,Hardware: Legacy Flip,9519.9788,NA,3.87000000000000,4.18430000000000,0.00000000000000,0.93160000000000,3.4946,9516.1088,3.8700,3.8700,0.0000,0.1268,4.6748,1.0549,3.6199,-0.0858,9516.1088,NA,NA,NA
dwm.exe,2752,0x0,Other,-1,0,0,Hardware: Legacy Flip,9524.2476,NA,4.26880000000000,4.15370000000000,0.00000000000000,0.08140000000000,3.3795,9519.9788,4.2688,4.2688,0.0000,0.9316,3.4186,0.3096,3.1090,-0.2837,9519.9788,NA,NA,NA
dwm.exe,2752,0x0,Other,-1,0,0,Hardware: Legacy Flip,9528.5761,NA,4.32850000000000,4.17340000000000,0.00000000000000,0.04360000000000,3.2244,9524.2476,4.3285,4.3285,0.0000,0.0814,4.2907,0.2766,4.0141,0.0954,9524.2476,NA,NA,NA
dwm.exe,2752,0x0,Other,-1,0,0,Hardware: Legacy Flip,9532.7112,NA,4.13510000000000,4.16650000000000,0.00000000000000,0.05700000000000,3.2558,9528.5761,4.1351,4.1351,0.0000,0.0436,4.1485,0.2678,3.8807,0.1620,9528.5761,NA,NA,NA
FlyingBird.exe,46456,0x1E2504FE000,DXGI,0,0,0,Composed: Copy with GPU GDI,8537.5871,NA,926.30420000000004,866.65620000000001,0.07410000000000,0.43550000000000,6.6989,7611.3453,926.3159,926.2418,0.0741,0.2571,926.4202,0.4138,926.0064,-777.2486,7611.3453,NA,NA,NA
dwm.exe,2752,0x0,Other,-1,0,0,Hardware: Legacy Flip,9536.7868,NA,4.07560000000000,4.16860000000000,0.00000000000000,0.03190000000000,3.3488,9532.7112,4.0756,4.0756,0.0000,0.0570,4.0505,0.2595,3.7910,-0.0335,9532.7112,NA,NA,NA
dwm.exe,2752,0x0,Other,-1,0,0,Hardware: Legacy Flip,9541.1176,NA,4.33080000000000,4.17030000000000,0.00000000000000,0.02050000000000,3.1883,9536.7868,4.3308,4.3308,0.0000,0.0319,4.3194,0.2453,4.0741,-0.0947,9536.7868,NA,NA,NA
dwm.exe,2752,0x0,Other,-1,0,0,Hardware: Legacy Flip,9545.0107,NA,3.89310000000000,4.13820000000000,0.00000000000000,1.52130000000000,3.4334,9541.1176,3.8931,3.8931,0.0000,0.0205,5.3939,1.6771,3.7168,0.1926,9541.1176,NA,NA,NA
dwm.exe,2752,0x0,Other,-1,0,0,Hardware: Legacy Flip,9549.2820,NA,4.27130000000000,4.19400000000000,0.00000000000000,0.10600000000000,3.3561,9545.0107,4.2713,4.2713,0.0000,1.5213,2.8560,0.3225,2.5335,-0.3009,9545.0107,NA,NA,NA
dwm.exe,2752,0x0,Other,-1,0,0,Hardware: Legacy Flip,9553.4268,NA,4.14480000000000,4.16420000000000,0.00000000000000,0.19320000000000,3.3755,9549.2820,4.1448,4.1448,0.0000,0.1060,4.2320,0.3914,3.8406,0.1071,9549.2820,NA,NA,NA
dwm.exe,2752,0x0,Other,-1,0,0,Hardware: Legacy Flip,9557.5923,NA,4.16550000000000,4.15840000000000,0.00000000000000,0.49210000000000,3.3684,9553.4268,4.1655,4.1655,0.0000,0.1932,4.4644,0.6994,3.7650,-0.0136,9553.4268,NA,NA,NA
dwm.exe,2752,0x0,Other,-1,0,0,Hardware: Legacy Flip,9561.7431,NA,4.15080000000000,4.15370000000000,0.00000000000000,0.03650000000000,3.3713,9557.5923,4.1508,4.1508,0.0000,0.4921,3.6952,0.2668,3.4284,0.0118,9557.5923,NA,NA,NA
dwm.exe,2752,0x0,Other,-1,0,0,Hardware: Legacy Flip,9565.8741,NA,4.13100000000000,4.18920000000000,0.00000000000000,0.03860000000000,3.4295,9561.7431,4.1310,4.1310,0.0000,0.0365,4.1331,0.2561,3.8770,-0.0384,9561.7431,NA,NA,NA
dwm.exe,2752,0x0,Other,-1,0,0,Hardware: Legacy Flip,9569.8957,NA,4.02160000000000,4.16820000000000,0.00000000000000,0.11620000000000,3.5761,9565.8741,4.0216,4.0216,0.0000,0.0386,4.0992,0.3334,3.7658,-0.0372,9565.8741,NA,NA,NA
dwm.exe,2752,0x0,Other,-1,0,0,Hardware: Legacy Flip,9574.0933,NA,4.19760000000000,4.16340000000000,0.00000000000000,0.09910000000000,3.5419,9569.8957,4.1976,4.1976,0.0000,0.1162,4.1805,0.3492,3.8313,-0.1418,9569.8957,NA,NA,NA
dwm.exe,2752,0x0,Other,-1,0,0,Hardware: Legacy Flip,9578.1711,NA,4.07780000000000,4.15520000000000,0.00000000000000,0.16490000000000,3.6193,9574.0933,4.0778,4.0778,0.0000,0.0991,4.1436,0.3910,3.7526,0.0424,9574.0933,NA,NA,NA
FlyingBird.exe,46456,0x1E2504FE000,DXGI,0,0,0,Composed: Copy with GPU GDI,9537.5868,NA,999.99969999999996,1000.01990000000001,0.08550000000000,0.29730000000000,6.7191,8537.6612,1000.0111,999.9256,0.0855,0.3675,999.8554,0.3309,999.5245,-73.7040,8537.6612,NA,NA,NA
dwm.exe,2752,0x0,Other,-1,0,0,Hardware: Legacy Flip,9582.2322,NA,4.06110000000000,4.18360000000000,0.00000000000000,0.02220000000000,3.7418,9578.1711,4.0611,4.0611,0.0000,0.1649,3.9184,0.2206,3.6978,-0.1058,9578.1711,NA,NA,NA
dwm.exe,2752,0x0,Other,-1,0,0,Hardware: Legacy Flip,9640.6706,NA,58.43840000000000,58.33420000000000,0.00000000000000,0.02580000000000,3.6376,9582.2322,58.4384,58.4384,0.0000,0.0222,58.4420,0.2209,58.2211,-54.2731,9582.2322,NA,NA,NA
dwm.exe,2752,0x0,Other,-1,0,0,Hardware: Legacy Flip,9644.7809,NA,4.11030000000000,4.16210000000000,0.00000000000000,0.06490000000000,3.6894,9640.6706,4.1103,4.1103,0.0000,0.0258,4.1494,0.2281,3.9213,54.2763,9640.6706,NA,NA,NA
dwm.exe,2752,0x0,Other,-1,0,0,Hardware: Legacy Flip,9657.7351,NA,12.95420000000000,12.47120000000000,0.00000000000000,0.05380000000000,3.2064,9644.7809,12.9542,12.9542,0.0000,0.0649,12.9431,0.2117,12.7314,-8.3609,9644.7809,NA,NA,NA
dwm.exe,2752,0x0,Other,-1,0,0,Hardware: Legacy Flip,9661.4736,NA,3.73850000000000,4.18950000000000,0.00000000000000,0.07580000000000,3.6574,9657.7351,3.7385,3.7385,0.0000,0.0538,3.7605,0.2270,3.5335,8.7647,9657.7351,NA,NA,NA
dwm.exe,2752,0x0,Other,-1,0,0,Hardware: Legacy Flip,9665.9352,NA,4.46160000000000,4.17420000000000,0.00000000000000,0.34180000000000,3.3700,9661.4736,4.4616,4.4616,0.0000,0.0758,4.7276,0.5774,4.1502,-0.4357,9661.4736,NA,NA,NA
dwm.exe,2752,0x0,Other,-1,0,0,Hardware: Legacy Flip,9669.6790,NA,3.74380000000000,4.15350000000000,0.00000000000000,0.07080000000000,3.7797,9665.9352,3.7438,3.7438,0.0000,0.3418,3.4728,0.2578,3.2150,0.3081,9665.9352,NA,NA,NA
dwm.exe,2752,0x0,Other,-1,0,0,Hardware: Legacy Flip,9673.9310,NA,4.25200000000000,4.19100000000000,0.00000000000000,0.09100000000000,3.7187,9669.6790,4.2520,4.2520,0.0000,0.0708,4.2722,0.2883,3.9839,-0.4472,9669.6790,NA,NA,NA
dwm.exe,2752,0x0,Other,-1,0,0,Hardware: Legacy Flip,9677.9702,NA,4.03920000000000,4.14990000000000,0.00000000000000,0.09470000000000,3.8294,9673.9310,4.0392,4.0392,0.0000,0.0910,4.0429,0.2433,3.7996,0.1021,9673.9310,NA,NA,NA
dwm.exe,2752,0x0,Other,-1,0,0,Hardware: Legacy Flip,9694.8959,NA,16.92570000000000,16.65000000000000,0.00000000000000,0.02770000000000,3.5537,9677.9702,16.9257,16.9257,0.0000,0.0947,16.8587,0.2254,16.6333,-12.6108,9677.9702,NA,NA,NA
dwm.exe,2752,0x0,Other,-1,0,0,Hardware: Legacy Flip,9719.8471,NA,24.95120000000000,25.01320000000000,0.00000000000000,0.01710000000000,3.6157,9694.8959,24.9512,24.9512,0.0000,0.0277,24.9406,0.2270,24.7136,-8.0875,9694.8959,NA,NA,NA
dwm.exe,2752,0x0,Other,-1,0,0,Hardware: Legacy Flip,9749.0201,NA,29.17300000000000,29.16170000000000,0.00000000000000,0.02310000000000,3.6044,9719.8471,29.1730,29.1730,0.0000,0.0171,29.1790,0.2493,28.9297,-4.2105,9719.8471,NA,NA,NA
dwm.exe,2752,0x0,Other,-1,0,0,Hardware: Legacy Flip,9770.1253,NA,21.10520000000000,20.85010000000000,0.00000000000000,0.11810000000000,3.3493,9749.0201,21.1052,21.1052,0.0000,0.0231,21.2002,0.3659,20.8343,8.3229,9749.0201,NA,NA,NA
dwm.exe,2752,0x0,Other,-1,0,0,Hardware: Legacy Flip,9774.0711,NA,3.94580000000000,4.15930000000000,0.00000000000000,0.03090000000000,3.5628,9770.1253,3.9458,3.9458,0.0000,0.1181,3.8586,0.1632,3.6954,16.9459,9770.1253,NA,NA,NA
dwm.exe,2752,0x0,Other,-1,0,0,Hardware: Legacy Flip,9799.2456,NA,25.17450000000000,24.99800000000000,0.00000000000000,0.01670000000000,3.3863,9774.0711,25.1745,25.1745,0.0000,0.0309,25.1603,0.2444,24.9159,-21.0522,9774.0711,NA,NA,NA
dwm.exe,2752,0x0,Other,-1,0,0,Hardware: Legacy Flip,9807.6623,NA,8.41670000000000,8.32750000000000,0.00000000000000,0.01620000000000,3.2971,9799.2456,8.4167,8.4167,0.0000,0.0167,8.4162,0.1995,8.2167,16.8470,9799.2456,NA,NA,NA
dwm.exe,2752,0x0,Other,-1,0,0,Hardware: Legacy Flip,9824.3917,NA,16.72940000000000,16.65420000000000,0.00000000000000,0.01710000000000,3.2219,9807.6623,16.7294,16.7294,0.0000,0.0162,16.7303,0.2026,16.5277,-8.2375,9807.6623,NA,NA,NA
dwm.exe,2752,0x0,Other,-1,0,0,Hardware: Legacy Flip,9844.9090,NA,20.51730000000000,20.84400000000000,0.00000000000000,0.02040000000000,3.5486,9824.3917,20.5173,20.5173,0.0000,0.0171,20.5206,0.1620,20.3586,-4.1146,9824.3917,NA,NA,NA
dwm.exe,2752,0x0,Other,-1,0,0,Hardware: Legacy Flip,9849.4497,NA,4.54070000000000,4.18950000000000,0.00000000000000,0.06300000000000,3.1974,9844.9090,4.5407,4.5407,0.0000,0.0204,4.5833,0.2039,4.3794,16.3278,9844.9090,NA,NA,NA
dwm.exe,2752,0x0,Other,-1,0,0,Hardware: Legacy Flip,9872.4007,NA,22.95100000000000,20.81360000000000,0.00000000000000,0.01910000000000,1.0600,9849.4497,22.9510,22.9510,0.0000,0.0630,22.9071,0.2802,22.6269,-16.2729,9849.4497,NA,NA,NA
dwm.exe,2752,0x0,Other,-1,0,0,Hardware: Legacy Flip,9873.9960,NA,1.59530000000000,4.16090000000000,0.00000000000000,0.04580000000000,3.6256,9872.4007,1.5953,1.5953,0.0000,0.0191,1.6220,0.1602,1.4618,18.7901,9872.4007,NA,NA,NA
dwm.exe,2752,0x0,Other,-1,0,0,Hardware: Legacy Flip,9883.2072,NA,9.21120000000000,8.35870000000000,0.00000000000000,0.02460000000000,2.7731,9873.9960,9.2112,9.2112,0.0000,0.0458,9.1900,0.2484,8.9416,-6.7634,9873.9960,NA,NA,NA
dwm.exe,2752,0x0,Other,-1,0,0,Hardware: Legacy Flip,9886.3887,NA,3.18150000000000,4.15730000000000,0.00000000000000,0.05250000000000,3.7489,9883.2072,3.1815,3.1815,0.0000,0.0246,3.2094,0.1864,3.0230,5.0539,9883.2072,NA,NA,NA
dwm.exe,2752,0x0,Other,-1,0,0,Hardware: Legacy Flip,9903.4039,NA,17.01520000000000,16.65990000000000,0.00000000000000,0.01710000000000,3.3936,9886.3887,17.0152,17.0152,0.0000,0.0525,16.9798,0.2553,16.7245,-13.4784,9886.3887,NA,NA,NA
dwm.exe,2752,0x0,Other,-1,0,0,Hardware: Legacy Flip,9907.4385,NA,4.03460000000000,4.18430000000000,0.00000000000000,0.01670000000000,3.5433,9903.4039,4.0346,4.0346,0.0000,0.0171,4.0342,0.1609,3.8733,12.8309,9903.4039,NA,NA,NA
dwm.exe,2752,0x0,Other,-1,0,0,Hardware: Legacy Flip,9911.8647,NA,4.42620000000000,4.14780000000000,0.00000000000000,0.02270000000000,3.2649,9907.4385,4.4262,4.4262,0.0000,0.0167,4.4322,0.2730,4.1592,-0.1132,9907.4385,NA,NA,NA
dwm.exe,2752,0x0,Other,-1,0,0,Hardware: Legacy Flip,9915.6831,NA,3.81840000000000,4.17230000000000,0.00000000000000,0.02460000000000,3.6188,9911.8647,3.8184,3.8184,0.0000,0.0227,3.8203,0.1326,3.6877,0.2539,9911.8647,NA,NA,NA
dwm.exe,2752,0x0,Other,-1,0,0,Hardware: Legacy Flip,9919.8281,NA,4.14500000000000,4.16180000000000,0.00000000000000,0.03960000000000,3.6356,9915.6831,4.1450,4.1450,0.0000,0.0246,4.1600,0.2089,3.9511,-0.3434,9915.6831,NA,NA,NA
dwm.exe,2752,0x0,Other,-1,0,0,Hardware: Legacy Flip,9923.9434,NA,4.11530000000000,4.17160000000000,0.00000000000000,0.05180000000000,3.6919,9919.8281,4.1153,4.1153,0.0000,0.0396,4.1275,0.2186,3.9089,-0.0266,9919.8281,NA,NA,NA
dwm.exe,2752,0x0,Other,-1,0,0,Hardware: Legacy Flip,9928.1426,NA,4.19920000000000,4.15510000000000,0.00000000000000,0.03930000000000,3.6478,9923.9434,4.1992,4.1992,0.0000,0.0518,4.1867,0.1911,3.9956,-0.0398,9923.9434,NA,NA,NA
dwm.exe,2752,0x0,Other,-1,0,0,Hardware: Legacy Flip,9932.3175,NA,4.17490000000000,4.16210000000000,0.00000000000000,0.03620000000000,3.6350,9928.1426,4.1749,4.1749,0.0000,0.0393,4.1718,0.2026,3.9692,0.0371,9928.1426,NA,NA,NA
dwm.exe,2752,0x0,Other,-1,0,0,Hardware: Legacy Flip,9936.4654,NA,4.14790000000000,4.16090000000000,0.00000000000000,0.02480000000000,3.6480,9932.3175,4.1479,4.1479,0.0000,0.0362,4.1365,0.2021,3.9344,0.0140,9932.3175,NA,NA,NA
dwm.exe,2752,0x0,Other,-1,0,0,Hardware: Legacy Flip,9940.6276,NA,4.16220000000000,4.19250000000000,0.00000000000000,0.03350000000000,3.6783,9936.4654,4.1622,4.1622,0.0000,0.0248,4.1709,0.2311,3.9398,-0.0446,9936.4654,NA,NA,NA
dwm.exe,2752,0x0,Other,-1,0,0,Hardware: Legacy Flip,9944.9468,NA,4.31920000000000,4.16780000000000,0.00000000000000,0.01760000000000,3.5269,9940.6276,4.3192,4.3192,0.0000,0.0335,4.3033,0.1978,4.1055,-0.0056,9940.6276,NA,NA,NA
dwm.exe,2752,0x0,Other,-1,0,0,Hardware: Legacy Flip,9949.0300,NA,4.08320000000000,4.15720000000000,0.00000000000000,0.04200000000000,3.6009,9944.9468,4.0832,4.0832,0.0000,0.0176,4.1076,0.2042,3.9034,0.1620,9944.9468,NA,NA,NA
dwm.exe,2752,0x0,Other,-1,0,0,Hardware: Legacy Flip,9953.1475,NA,4.11750000000000,4.19310000000000,0.00000000000000,0.05640000000000,3.6765,9949.0300,4.1175,4.1175,0.0000,0.0420,4.1319,0.2603,3.8716,-0.1099,9949.0300,NA,NA,NA
dwm.exe,2752,0x0,Other,-1,0,0,Hardware: Legacy Flip,9957.6253,NA,4.47780000000000,4.14780000000000,0.00000000000000,0.01980000000000,3.3465,9953.1475,4.4778,4.4778,0.0000,0.0564,4.4412,0.2698,4.1714,-0.0303,9953.1475,NA,NA,NA
dwm.exe,2752,0x0,Other,-1,0,0,Hardware: Legacy Flip,9961.5898,NA,3.96450000000000,4.15490000000000,0.00000000000000,0.02360000000000,3.5369,9957.6253,3.9645,3.9645,0.0000,0.0198,3.9683,0.1447,3.8236,0.3229,9957.6253,NA,NA,NA
dwm.exe,2752,0x0,Other,-1,0,0,Hardware: Legacy Flip,9965.6505,NA,4.06070000000000,4.17960000000000,0.00000000000000,0.03720000000000,3.6558,9961.5898,4.0607,4.0607,0.0000,0.0236,4.0743,0.1980,3.8763,-0.2151,9961.5898,NA,NA,NA
dwm.exe,2752,0x0,Other,-1,0,0,Hardware: Legacy Flip,9969.8172,NA,4.16670000000000,4.15040000000000,0.00000000000000,0.03080000000000,3.6395,9965.6505,4.1667,4.1667,0.0000,0.0372,4.1603,0.1966,3.9637,-0.0897,9965.6505,NA,NA,NA
dwm.exe,2752,0x0,Other,-1,0,0,Hardware: Legacy Flip,9973.9505,NA,4.13330000000000,4.18400000000000,0.00000000000000,0.04400000000000,3.6902,9969.8172,4.1333,4.1333,0.0000,0.0308,4.1465,0.2090,3.9375,-0.0173,9969.8172,NA,NA,NA
dwm.exe,2752,0x0,Other,-1,0,0,Hardware: Legacy Flip,9978.1918,NA,4.24130000000000,4.16190000000000,0.00000000000000,0.01380000000000,3.6108,9973.9505,4.2413,4.2413,0.0000,0.0440,4.2111,0.2633,3.9478,-0.0286,9973.9505,NA,NA,NA
dwm.exe,2752,0x0,Other,-1,0,0,Hardware: Legacy Flip,9982.2624,NA,4.07060000000000,4.16260000000000,0.00000000000000,0.05010000000000,3.7028,9978.1918,4.0706,4.0706,0.0000,0.0138,4.1069,0.1609,3.9460,0.0787,9978.1918,NA,NA,NA
dwm.exe,2752,0x0,Other,-1,0,0,Hardware: Legacy Flip,9986.3879,NA,4.12550000000000,4.18840000000000,0.00000000000000,0.05230000000000,3.7657,9982.2624,4.1255,4.1255,0.0000,0.0501,4.1277,0.2012,3.9265,-0.1178,9982.2624,NA,NA,NA
dwm.exe,2752,0x0,Other,-1,0,0,Hardware: Legacy Flip,9990.7125,NA,4.32460000000000,4.14540000000000,0.00000000000000,0.07810000000000,3.5865,9986.3879,4.3246,4.3246,0.0000,0.0523,4.3504,0.2537,4.0967,-0.0199,9986.3879,NA,NA,NA
dwm.exe,2752,0x0,Other,-1,0,0,Hardware: Legacy Flip,9994.7923,NA,4.07980000000000,4.15620000000000,0.00000000000000,0.03030000000000,3.6629,9990.7125,4.0798,4.0798,0.0000,0.0781,4.0320,0.1923,3.8397,0.1684,9990.7125,NA,NA,NA
dwm.exe,2752,0x0,Other,-1,0,0,Hardware: Legacy Flip,9998.9234,NA,4.13110000000000,4.19690000000000,0.00000000000000,0.04990000000000,3.7287,9994.7923,4.1311,4.1311,0.0000,0.0303,4.1507,0.2094,3.9413,-0.1171,9994.7923,NA,NA,NA
dwm.exe,2752,0x0,Other,-1,0,0,Hardware: Legacy Flip,10003.2377,NA,4.31430000000000,4.15460000000000,0.00000000000000,0.02660000000000,3.5690,9998.9234,4.3143,4.3143,0.0000,0.0499,4.2910,0.2139,4.0771,-0.0235,9998.9234,NA,NA,NA
dwm.exe,2752,0x0,Other,-1,0,0,Hardware: Legacy Flip,10007.6192,NA,4.38150000000000,4.17530000000000,0.00000000000000,0.01540000000000,3.3628,10003.2377,4.3815,4.3815,0.0000,0.0266,4.3703,0.2101,4.1602,0.1390,10003.2377,NA,NA,NA
dwm.exe,2752,0x0,Other,-1,0,0,Hardware: Legacy Flip,10011.9139,NA,4.29470000000000,4.16530000000000,0.00000000000000,0.01870000000000,3.2334,10007.6192,4.2947,4.2947,0.0000,0.0154,4.2980,0.2503,4.0477,0.2162,10007.6192,NA,NA,NA
dwm.exe,2752,0x0,Other,-1,0,0,Hardware: Legacy Flip,10015.8234,NA,3.90950000000000,4.15040000000000,0.00000000000000,0.01780000000000,3.4743,10011.9139,3.9095,3.9095,0.0000,0.0187,3.9086,0.1867,3.7219,0.1443,10011.9139,NA,NA,NA
dwm.exe,2752,0x0,Other,-1,0,0,Hardware: Legacy Flip,10020.3422,NA,4.51880000000000,4.18090000000000,0.00000000000000,0.16060000000000,3.1364,10015.8234,4.5188,4.5188,0.0000,0.0178,4.6616,0.5332,4.1284,-0.2714,10015.8234,NA,NA,NA
dwm.exe,2752,0x0,Other,-1,0,0,Hardware: Legacy Flip,10024.2918,NA,3.94960000000000,4.16470000000000,0.00000000000000,0.01730000000000,3.3515,10020.3422,3.9496,3.9496,0.0000,0.1606,3.8063,0.2057,3.6006,0.3541,10020.3422,NA,NA,NA
dwm.exe,2752,0x0,Other,-1,0,0,Hardware: Legacy Flip,10028.5935,NA,4.30170000000000,4.17740000000000,0.00000000000000,0.01780000000000,3.2272,10024.2918,4.3017,4.3017,0.0000,0.0173,4.3022,0.1955,4.1067,-0.2278,10024.2918,NA,NA,NA
dwm.exe,2752,0x0,Other,-1,0,0,Hardware: Legacy Flip,10032.6781,NA,4.08460000000000,4.17450000000000,0.00000000000000,0.75930000000000,3.3171,10028.5935,4.0846,4.0846,0.0000,0.0178,4.8261,0.9248,3.9013,0.1272,10028.5935,NA,NA,NA
dwm.exe,2752,0x0,Other,-1,0,0,Hardware: Legacy Flip,10036.8116,NA,4.13350000000000,4.14240000000000,0.00000000000000,0.10970000000000,3.3260,10032.6781,4.1335,4.1335,0.0000,0.7593,3.4839,0.3435,3.1404,-0.0578,10032.6781,NA,NA,NA
dwm.exe,2752,0x0,Other,-1,0,0,Hardware: Legacy Flip,10040.9384,NA,4.12680000000000,4.16290000000000,0.00000000000000,0.10450000000000,3.3621,10036.8116,4.1268,4.1268,0.0000,0.1097,4.1216,0.2942,3.8274,-0.0294,10036.8116,NA,NA,NA
dwm.exe,2752,0x0,Other,-1,0,0,Hardware: Legacy Flip,10045.2353,NA,4.29690000000000,4.16750000000000,0.00000000000000,0.03780000000000,3.2327,10040.9384,4.2969,4.2969,0.0000,0.1045,4.2302,0.3012,3.9290,-0.0407,10040.9384,NA,NA,NA
dwm.exe,2752,0x0,Other,-1,0,0,Hardware: Legacy Flip,10049.0427,NA,3.80740000000000,4.19220000000000,0.00000000000000,0.59480000000000,3.6175,10045.2353,3.8074,3.8074,0.0000,0.0378,4.3644,0.7762,3.5882,0.1047,10045.2353,NA,NA,NA
dwm.exe,2752,0x0,Other,-1,0,0,Hardware: Legacy Flip,10053.2110,NA,4.16830000000000,4.14700000000000,0.00000000000000,0.07340000000000,3.5962,10049.0427,4.1683,4.1683,0.0000,0.5948,3.6469,0.2581,3.3888,-0.3396,10049.0427,NA,NA,NA
dwm.exe,2752,0x0,Other,-1,0,0,Hardware: Legacy Flip,10057.3168,NA,4.10580000000000,4.15580000000000,0.00000000000000,0.06990000000000,3.6462,10053.2110,4.1058,4.1058,0.0000,0.0734,4.1023,0.2444,3.8579,0.0125,10053.2110,NA,NA,NA
dwm.exe,2752,0x0,Other,-1,0,0,Hardware: Legacy Flip,10061.4288,NA,4.11200000000000,4.17080000000000,0.00000000000000,0.06400000000000,3.7050,10057.3168,4.1120,4.1120,0.0000,0.0699,4.1061,0.2453,3.8608,-0.0650,10057.3168,NA,NA,NA
dwm.exe,2752,0x0,Other,-1,0,0,Hardware: Legacy Flip,10065.6380,NA,4.20920000000000,4.17530000000000,0.00000000000000,0.03940000000000,3.6711,10061.4288,4.2092,4.2092,0.0000,0.0640,4.1846,0.2084,3.9762,-0.0633,10061.4288,NA,NA,NA
dwm.exe,2752,0x0,Other,-1,0,0,Hardware: Legacy Flip,10070.0562,NA,4.41820000000000,4.15480000000000,0.00000000000000,0.01900000000000,3.4077,10065.6380,4.4182,4.4182,0.0000,0.0394,4.3978,0.2353,4.1625,0.0544,10065.6380,NA,NA,NA
dwm.exe,2752,0x0,Other,-1,0,0,Hardware: Legacy Flip,10074.1588,NA,4.10260000000000,4.16660000000000,0.00000000000000,0.01640000000000,3.4717,10070.0562,4.1026,4.1026,0.0000,0.0190,4.1000,0.1922,3.9078,0.2516,10070.0562,NA,NA,NA
dwm.exe,2752,0x0,Other,-1,0,0,Hardware: Legacy Flip,10078.1887,NA,4.02990000000000,4.16620000000000,0.00000000000000,0.03300000000000,3.6080,10074.1588,4.0299,4.0299,0.0000,0.0164,4.0465,0.1974,3.8491,-0.0636,10074.1588,NA,NA,NA
dwm.exe,2752,0x0,Other,-1,0,0,Hardware: Legacy Flip,10082.3350,NA,4.14630000000000,4.16870000000000,0.00000000000000,0.02360000000000,3.6304,10078.1887,4.1463,4.1463,0.0000,0.0330,4.1369,0.2116,3.9253,-0.1388,10078.1887,NA,NA,NA
dwm.exe,2752,0x0,Other,-1,0,0,Hardware: Legacy Flip,10086.5280,NA,4.19300000000000,4.14400000000000,0.00000000000000,0.02210000000000,3.5814,10082.3350,4.1930,4.1930,0.0000,0.0236,4.1915,0.2982,3.8933,0.0023,10082.3350,NA,NA,NA
dwm.exe,2752,0x0,Other,-1,0,0,Hardware: Legacy Flip,10090.6516,NA,4.12360000000000,4.18830000000000,0.00000000000000,0.03090000000000,3.6461,10086.5280,4.1236,4.1236,0.0000,0.0221,4.1324,0.1957,3.9367,0.0047,10086.5280,NA,NA,NA
dwm.exe,2752,0x0,Other,-1,0,0,Hardware: Legacy Flip,10094.7771,NA,4.12550000000000,4.16350000000000,0.00000000000000,0.05080000000000,3.6841,10090.6516,4.1255,4.1255,0.0000,0.0309,4.1454,0.2191,3.9263,-0.0399,10090.6516,NA,NA,NA
dwm.exe,2752,0x0,Other,-1,0,0,Hardware: Legacy Flip,10098.9887,NA,4.21160000000000,4.15980000000000,0.00000000000000,0.03120000000000,3.6323,10094.7771,4.2116,4.2116,0.0000,0.0508,4.1920,0.2124,3.9796,-0.0343,10094.7771,NA,NA,NA
dwm.exe,2752,0x0,Other,-1,0,0,Hardware: Legacy Flip,10103.3931,NA,4.40440000000000,4.16410000000000,0.00000000000000,0.03070000000000,3.3920,10098.9887,4.4044,4.4044,0.0000,0.0312,4.4039,0.2178,4.1861,0.0475,10098.9887,NA,NA,NA
dwm.exe,2752,0x0,Other,-1,0,0,Hardware: Legacy Flip,10107.5206,NA,4.12750000000000,4.17900000000000,0.00000000000000,1.25020000000000,3.4435,10103.3931,4.1275,4.1275,0.0000,0.0307,5.3470,1.4670,3.8800,0.2254,10103.3931,NA,NA,NA
dwm.exe,2752,0x0,Other,-1,0,0,Hardware: Legacy Flip,10111.5234,NA,4.00280000000000,4.16220000000000,0.00000000000000,0.02660000000000,3.6029,10107.5206,4.0028,4.0028,0.0000,1.2502,2.7792,0.2279,2.5513,-0.0347,10107.5206,NA,NA,NA
dwm.exe,2752,0x0,Other,-1,0,0,Hardware: Legacy Flip,10115.7007,NA,4.17730000000000,4.17520000000000,0.00000000000000,0.02920000000000,3.6008,10111.5234,4.1773,4.1773,0.0000,0.0266,4.1799,0.2242,3.9557,-0.1724,10111.5234,NA,NA,NA
dwm.exe,2752,0x0,Other,-1,0,0,Hardware: Legacy Flip,10119.8880,NA,4.18730000000000,4.16600000000000,0.00000000000000,0.02980000000000,3.5795,10115.7007,4.1873,4.1873,0.0000,0.0292,4.1879,0.2762,3.9117,0.0113,10115.7007,NA,NA,NA
dwm.exe,2752,0x0,Other,-1,0,0,Hardware: Legacy Flip,10123.9108,NA,4.02280000000000,4.14890000000000,0.00000000000000,0.04530000000000,3.7056,10119.8880,4.0228,4.0228,0.0000,0.0298,4.0383,0.2035,3.8348,0.0384,10119.8880,NA,NA,NA
dwm.exe,2752,0x0,Other,-1,0,0,Hardware: Legacy Flip,10128.4341,NA,4.52330000000000,4.20150000000000,0.00000000000000,0.01700000000000,3.3838,10123.9108,4.5233,4.5233,0.0000,0.0453,4.4950,0.2513,4.2437,-0.1787,10123.9108,NA,NA,NA
dwm.exe,2752,0x0,Other,-1,0,0,Hardware: Legacy Flip,10132.2973,NA,3.86320000000000,4.14860000000000,0.00000000000000,0.05500000000000,3.6692,10128.4341,3.8632,3.8632,0.0000,0.0170,3.9012,0.1815,3.7197,0.3747,10128.4341,NA,NA,NA
dwm.exe,2752,0x0,Other,-1,0,0,Hardware: Legacy Flip,10136.4018,NA,4.10450000000000,4.16590000000000,0.00000000000000,0.05260000000000,3.7306,10132.2973,4.1045,4.1045,0.0000,0.0550,4.1021,0.2008,3.9013,-0.3027,10132.2973,NA,NA,NA
dwm.exe,2752,0x0,Other,-1,0,0,Hardware: Legacy Flip,10140.9866,NA,4.58480000000000,4.18700000000000,0.00000000000000,0.01800000000000,3.3328,10136.4018,4.5848,4.5848,0.0000,0.0526,4.5502,0.2526,4.2976,-0.0825,10136.4018,NA,NA,NA
dwm.exe,2752,0x0,Other,-1,0,0,Hardware: Legacy Flip,10145.0934,NA,4.10680000000000,4.15520000000000,0.00000000000000,0.01680000000000,3.3812,10140.9866,4.1068,4.1068,0.0000,0.0180,4.1056,0.2023,3.9033,0.4296,10140.9866,NA,NA,NA
dwm.exe,2752,0x0,Other,-1,0,0,Hardware: Legacy Flip,10149.1431,NA,4.04970000000000,4.16740000000000,0.00000000000000,0.02450000000000,3.4989,10145.0934,4.0497,4.0497,0.0000,0.0168,4.0574,0.1851,3.8723,-0.0606,10145.0934,NA,NA,NA
dwm.exe,2752,0x0,Other,-1,0,0,Hardware: Legacy Flip,10153.2282,NA,4.08510000000000,4.14770000000000,0.00000000000000,0.04530000000000,3.5615,10149.1431,4.0851,4.0851,0.0000,0.0245,4.1059,0.3074,3.7985,-0.0980,10149.1431,NA,NA,NA
dwm.exe,2752,0x0,Other,-1,0,0,Hardware: Legacy Flip,10157.4662,NA,4.23800000000000,4.18810000000000,0.00000000000000,0.02450000000000,3.5116,10153.2282,4.2380,4.2380,0.0000,0.0453,4.2172,0.2073,4.0099,-0.1030,10153.2282,NA,NA,NA
dwm.exe,2752,0x0,Other,-1,0,0,Hardware: Legacy Flip,10161.7164,NA,4.25020000000000,4.14990000000000,0.00000000000000,0.02930000000000,3.4113,10157.4662,4.2502,4.2502,0.0000,0.0245,4.2550,0.2401,4.0149,0.0881,10157.4662,NA,NA,NA
dwm.exe,2752,0x0,Other,-1,0,0,Hardware: Legacy Flip,10165.9662,NA,4.24980000000000,4.17420000000000,0.00000000000000,0.01580000000000,3.3357,10161.7164,4.2498,4.2498,0.0000,0.0293,4.2363,0.2872,3.9491,0.0760,10161.7164,NA,NA,NA
dwm.exe,2752,0x0,Other,-1,0,0,Hardware: Legacy Flip,10169.8617,NA,3.89550000000000,4.15470000000000,0.00000000000000,0.06500000000000,3.5949,10165.9662,3.8955,3.8955,0.0000,0.0158,3.9447,0.1666,3.7781,0.0951,10165.9662,NA,NA,NA
dwm.exe,2752,0x0,Other,-1,0,0,Hardware: Legacy Flip,10173.9502,NA,4.08850000000000,4.18950000000000,0.00000000000000,0.04310000000000,3.6959,10169.8617,4.0885,4.0885,0.0000,0.0650,4.0666,0.1996,3.8670,-0.2940,10169.8617,NA,NA,NA
dwm.exe,2752,0x0,Other,-1,0,0,Hardware: Legacy Flip,10178.3508,NA,4.40060000000000,4.15570000000000,0.00000000000000,0.01760000000000,3.4510,10173.9502,4.4006,4.4006,0.0000,0.0431,4.3751,0.2270,4.1481,-0.0672,10173.9502,NA,NA,NA
dwm.exe,2752,0x0,Other,-1,0,0,Hardware: Legacy Flip,10182.4278,NA,4.07700000000000,4.14990000000000,0.00000000000000,0.04520000000000,3.5239,10178.3508,4.0770,4.0770,0.0000,0.0176,4.1046,0.1926,3.9120,0.2507,10178.3508,NA,NA,NA
dwm.exe,2752,0x0,Other,-1,0,0,Hardware: Legacy Flip,10186.4326,NA,4.00480000000000,4.19550000000000,0.00000000000000,0.03930000000000,3.7146,10182.4278,4.0048,4.0048,0.0000,0.0452,3.9989,0.2032,3.7957,-0.1185,10182.4278,NA,NA,NA
dwm.exe,2752,0x0,Other,-1,0,0,Hardware: Legacy Flip,10191.1832,NA,4.75060000000000,4.16780000000000,0.00000000000000,0.02520000000000,3.1318,10186.4326,4.7506,4.7506,0.0000,0.0393,4.7365,0.2854,4.4511,-0.1630,10186.4326,NA,NA,NA
dwm.exe,2752,0x0,Other,-1,0,0,Hardware: Legacy Flip,10195.2060,NA,4.02280000000000,4.16270000000000,0.00000000000000,0.01980000000000,3.2717,10191.1832,4.0228,4.0228,0.0000,0.0252,4.0174,0.1884,3.8290,0.5879,10191.1832,NA,NA,NA
dwm.exe,2752,0x0,Other,-1,0,0,Hardware: Legacy Flip,10199.4564,NA,4.25040000000000,4.16600000000000,0.00000000000000,0.02070000000000,3.1873,10195.2060,4.2504,4.2504,0.0000,0.0198,4.2513,0.2690,3.9823,-0.1432,10195.2060,NA,NA,NA
dwm.exe,2752,0x0,Other,-1,0,0,Hardware: Legacy Flip,10203.4246,NA,3.96820000000000,4.14740000000000,0.00000000000000,0.33080000000000,3.3665,10199.4564,3.9682,3.9682,0.0000,0.0207,4.2783,0.4946,3.7837,0.1030,10199.4564,NA,NA,NA
dwm.exe,2752,0x0,Other,-1,0,0,Hardware: Legacy Flip,10207.3290,NA,3.90440000000000,4.18280000000000,0.00000000000000,0.05190000000000,3.6449,10203.4246,3.9044,3.9044,0.0000,0.3308,3.6255,0.2621,3.3634,-0.2146,10203.4246,NA,NA,NA
dwm.exe,2752,0x0,Other,-1,0,0,Hardware: Legacy Flip,10211.9306,NA,4.60160000000000,4.16760000000000,0.00000000000000,0.03690000000000,3.2109,10207.3290,4.6016,4.6016,0.0000,0.0519,4.5866,0.2690,4.3176,-0.2632,10207.3290,NA,NA,NA
dwm.exe,2752,0x0,Other,-1,0,0,Hardware: Legacy Flip,10215.9299,NA,3.99930000000000,4.16870000000000,0.00000000000000,0.03700000000000,3.3803,10211.9306,3.9993,3.9993,0.0000,0.0369,3.9994,0.2548,3.7446,0.4329,10211.9306,NA,NA,NA
dwm.exe,2752,0x0,Other,-1,0,0,Hardware: Legacy Flip,10219.8038,NA,3.87390000000000,4.16080000000000,0.00000000000000,0.05550000000000,3.6672,10215.9299,3.8739,3.8739,0.0000,0.0370,3.8924,0.2835,3.6089,-0.1615,10215.9299,NA,NA,NA
dwm.exe,2752,0x0,Other,-1,0,0,Hardware: Legacy Flip,10224.3252,NA,4.52140000000000,4.17210000000000,0.00000000000000,0.01810000000000,3.3179,10219.8038,4.5214,4.5214,0.0000,0.0555,4.4840,0.2584,4.2256,-0.2982,10219.8038,NA,NA,NA
dwm.exe,2752,0x0,Other,-1,0,0,Hardware: Legacy Flip,10228.4024,NA,4.07720000000000,4.15620000000000,0.00000000000000,0.01840000000000,3.3969,10224.3252,4.0772,4.0772,0.0000,0.0181,4.0775,0.1961,3.8814,0.3652,10224.3252,NA,NA,NA
dwm.exe,2752,0x0,Other,-1,0,0,Hardware: Legacy Flip,10232.5341,NA,4.13170000000000,4.16440000000000,0.00000000000000,0.02030000000000,3.4296,10228.4024,4.1317,4.1317,0.0000,0.0184,4.1336,0.2113,3.9223,-0.0872,10228.4024,NA,NA,NA
dwm.exe,2752,0x0,Other,-1,0,0,Hardware: Legacy Flip,10236.6644,NA,4.13030000000000,4.17780000000000,0.00000000000000,0.01630000000000,3.4771,10232.5341,4.1303,4.1303,0.0000,0.0203,4.1263,0.2125,3.9138,-0.0461,10232.5341,NA,NA,NA
dwm.exe,2752,0x0,Other,-1,0,0,Hardware: Legacy Flip,10240.8928,NA,4.22840000000000,4.16270000000000,0.00000000000000,0.01700000000000,3.4114,10236.6644,4.2284,4.2284,0.0000,0.0163,4.2291,0.2249,4.0042,-0.0324,10236.6644,NA,NA,NA
dwm.exe,2752,0x0,Other,-1,0,0,Hardware: Legacy Flip,10245.0295,NA,4.13670000000000,4.15500000000000,0.00000000000000,0.01850000000000,3.4297,10240.8928,4.1367,4.1367,0.0000,0.0170,4.1382,0.2138,3.9244,0.0734,10240.8928,NA,NA,NA
dwm.exe,2752,0x0,Other,-1,0,0,Hardware: Legacy Flip,10249.1636,NA,4.13410000000000,4.18110000000000,0.00000000000000,0.01680000000000,3.4767,10245.0295,4.1341,4.1341,0.0000,0.0185,4.1324,0.2149,3.9175,-0.0444,10245.0295,NA,NA,NA
dwm.exe,2752,0x0,Other,-1,0,0,Hardware: Legacy Flip,10253.2738,NA,4.11020000000000,4.17710000000000,0.00000000000000,0.03670000000000,3.5436,10249.1636,4.1102,4.1102,0.0000,0.0168,4.1301,0.2768,3.8533,-0.0430,10249.1636,NA,NA,NA
dwm.exe,2752,0x0,Other,-1,0,0,Hardware: Legacy Flip,10257.3792,NA,4.10540000000000,4.15880000000000,0.00000000000000,0.04390000000000,3.5970,10253.2738,4.1054,4.1054,0.0000,0.0367,4.1126,0.2288,3.8838,-0.0486,10253.2738,NA,NA,NA
dwm.exe,2752,0x0,Other,-1,0,0,Hardware: Legacy Flip,10261.7797,NA,4.40050000000000,4.14720000000000,0.00000000000000,0.01770000000000,3.3437,10257.3792,4.4005,4.4005,0.0000,0.0439,4.3743,0.2330,4.1413,-0.0418,10257.3792,NA,NA,NA
dwm.exe,2752,0x0,Other,-1,0,0,Hardware: Legacy Flip,10265.9675,NA,4.18780000000000,4.19870000000000,0.00000000000000,0.01430000000000,3.3546,10261.7797,4.1878,4.1878,0.0000,0.0177,4.1844,0.2871,3.8973,0.2018,10261.7797,NA,NA,NA
dwm.exe,2752,0x0,Other,-1,0,0,Hardware: Legacy Flip,10269.9500,NA,3.98250000000000,4.14470000000000,0.00000000000000,0.03120000000000,3.5168,10265.9675,3.9825,3.9825,0.0000,0.0143,3.9994,0.1811,3.8183,0.0431,10265.9675,NA,NA,NA
dwm.exe,2752,0x0,Other,-1,0,0,Hardware: Legacy Flip,10274.0964,NA,4.14640000000000,4.18340000000000,0.00000000000000,0.05140000000000,3.5538,10269.9500,4.1464,4.1464,0.0000,0.0312,4.1666,0.2245,3.9421,-0.2009,10269.9500,NA,NA,NA
dwm.exe,2752,0x0,Other,-1,0,0,Hardware: Legacy Flip,10299.1206,NA,25.02420000000000,24.99540000000000,0.00000000000000,0.01780000000000,3.5250,10274.0964,25.0242,25.0242,0.0000,0.0514,24.9906,0.2485,24.7421,-20.8490,10274.0964,NA,NA,NA
dwm.exe,2752,0x0,Other,-1,0,0,Hardware: Legacy Flip,10303.2721,NA,4.15150000000000,4.15290000000000,0.00000000000000,0.02510000000000,3.5264,10299.1206,4.1515,4.1515,0.0000,0.0178,4.1588,0.1791,3.9797,20.8713,10299.1206,NA,NA,NA
dwm.exe,2752,0x0,Other,-1,0,0,Hardware: Legacy Flip,10318.1276,NA,14.85550000000000,12.51230000000000,0.00000000000000,0.02360000000000,1.1832,10303.2721,14.8555,14.8555,0.0000,0.0251,14.8540,0.3347,14.5193,-8.3608,10303.2721,NA,NA,NA
dwm.exe,2752,0x0,Other,-1,0,0,Hardware: Legacy Flip,10427.4331,NA,109.30549999999999,108.32270000000000,0.00000000000000,0.01810000000000,0.2004,10318.1276,109.3055,109.3055,0.0000,0.0236,109.3000,0.2584,109.0416,-93.4672,10318.1276,NA,NA,NA
dwm.exe,2752,0x0,Other,-1,0,0,Hardware: Legacy Flip,10507.0189,NA,79.58580000000001,83.35260000000000,0.00000000000000,0.12310000000000,3.9672,10427.4331,79.5858,79.5858,0.0000,0.0181,79.6908,0.3420,79.3488,25.9529,10427.4331,NA,NA,NA
dwm.exe,2752,0x0,Other,-1,0,0,Hardware: Legacy Flip,10512.0078,NA,4.98890000000000,4.14250000000000,0.00000000000000,0.06730000000000,3.1208,10507.0189,4.9889,4.9889,0.0000,0.1231,4.9331,0.2504,4.6827,75.4433,10507.0189,NA,NA,NA
dwm.exe,2752,0x0,Other,-1,0,0,Hardware: Legacy Flip,10521.5990,NA,9.59120000000000,8.33400000000000,0.00000000000000,0.03090000000000,1.8636,10512.0078,9.5912,9.5912,0.0000,0.0673,9.5548,0.2354,9.3194,-3.3451,10512.0078,NA,NA,NA
dwm.exe,2752,0x0,Other,-1,0,0,Hardware: Legacy Flip,10524.3322,NA,2.73320000000000,4.16990000000000,0.00000000000000,0.03390000000000,3.3003,10521.5990,2.7332,2.7332,0.0000,0.0309,2.7362,0.2475,2.4887,5.4213,10521.5990,NA,NA,NA
dwm.exe,2752,0x0,Other,-1,0,0,Hardware: Legacy Flip,10528.2799,NA,3.94770000000000,4.18700000000000,0.00000000000000,0.08090000000000,3.5396,10524.3322,3.9477,3.9477,0.0000,0.0339,3.9947,0.2983,3.6964,-1.4538,10524.3322,NA,NA,NA
FlyingBird.exe,46456,0x1E2504FE000,DXGI,0,0,0,Composed: Copy with GPU GDI,9618.5730,NA,80.98620000000000,100.00230000000001,0.11040000000000,0.34770000000000,25.7352,9537.6723,81.0111,80.9007,0.1104,0.2166,81.0318,0.3820,80.6498,900.0088,9537.6723,NA,NA,NA
dwm.exe,2752,0x0,Other,-1,0,0,Hardware: Legacy Flip,10536.6796,NA,8.39970000000000,8.32280000000000,0.00000000000000,0.04970000000000,3.4627,10528.2799,8.3997,8.3997,0.0000,0.0809,8.3685,0.2491,8.1194,-4.3751,10528.2799,NA,NA,NA
dwm.exe,2752,0x0,Other,-1,0,0,Hardware: Legacy Flip,10551.1686,NA,14.48900000000000,12.49760000000000,0.00000000000000,0.05440000000000,1.4713,10536.6796,14.4890,14.4890,0.0000,0.0497,14.4937,0.3034,14.1903,-4.0979,10536.6796,NA,NA,NA
dwm.exe,2752,0x0,Other,-1,0,0,Hardware: Legacy Flip,10595.2039,NA,44.03530000000000,45.84410000000000,0.00000000000000,0.06840000000000,3.2801,10551.1686,44.0353,44.0353,0.0000,0.0544,44.0493,0.3290,43.7203,-31.3551,10551.1686,NA,NA,NA
dwm.exe,2752,0x0,Other,-1,0,0,Hardware: Legacy Flip,10603.3015,NA,8.09760000000000,8.31210000000000,0.00000000000000,0.06070000000000,3.4946,10595.2039,8.0976,8.0976,0.0000,0.0684,8.0899,0.2706,7.8193,35.7232,10595.2039,NA,NA,NA
dwm.exe,2752,0x0,Other,-1,0,0,Hardware: Legacy Flip,10607.4200,NA,4.11850000000000,4.19170000000000,0.00000000000000,0.01560000000000,3.5678,10603.3015,4.1185,4.1185,0.0000,0.0607,4.0734,0.2074,3.8660,3.9059,10603.3015,NA,NA,NA
dwm.exe,2752,0x0,Other,-1,0,0,Hardware: Legacy Flip,10611.5829,NA,4.16290000000000,4.15950000000000,0.00000000000000,0.02420000000000,3.5644,10607.4200,4.1629,4.1629,0.0000,0.0156,4.1715,0.2157,3.9558,-0.0410,10607.4200,NA,NA,NA
dwm.exe,2752,0x0,Other,-1,0,0,Hardware: Legacy Flip,10615.6546,NA,4.07170000000000,4.17460000000000,0.00000000000000,0.04280000000000,3.6673,10611.5829,4.0717,4.0717,0.0000,0.0242,4.0903,0.1949,3.8954,-0.0117,10611.5829,NA,NA,NA
dwm.exe,2752,0x0,Other,-1,0,0,Hardware: Legacy Flip,10619.7657,NA,4.11110000000000,4.15460000000000,0.00000000000000,0.04200000000000,3.7108,10615.6546,4.1111,4.1111,0.0000,0.0428,4.1103,0.1975,3.9128,-0.0829,10615.6546,NA,NA,NA
dwm.exe,2752,0x0,Other,-1,0,0,Hardware: Legacy Flip,10623.9498,NA,4.18410000000000,4.16470000000000,0.00000000000000,0.03980000000000,3.6914,10619.7657,4.1841,4.1841,0.0000,0.0420,4.1819,0.2028,3.9791,-0.0536,10619.7657,NA,NA,NA
dwm.exe,2752,0x0,Other,-1,0,0,Hardware: Legacy Flip,10628.1646,NA,4.21480000000000,4.17490000000000,0.00000000000000,0.02460000000000,3.6515,10623.9498,4.2148,4.2148,0.0000,0.0398,4.1996,0.2119,3.9877,0.0092,10623.9498,NA,NA,NA
dwm.exe,2752,0x0,Other,-1,0,0,Hardware: Legacy Flip,10632.3382,NA,4.17360000000000,4.16150000000000,0.00000000000000,0.02750000000000,3.6394,10628.1646,4.1736,4.1736,0.0000,0.0246,4.1765,0.1871,3.9894,0.0533,10628.1646,NA,NA,NA
dwm.exe,2752,0x0,Other,-1,0,0,Hardware: Legacy Flip,10636.4416,NA,4.10340000000000,4.14960000000000,0.00000000000000,0.04260000000000,3.6856,10632.3382,4.1034,4.1034,0.0000,0.0275,4.1185,0.2003,3.9182,0.0240,10632.3382,NA,NA,NA
dwm.exe,2752,0x0,Other,-1,0,0,Hardware: Legacy Flip,10640.5543,NA,4.11270000000000,4.19050000000000,0.00000000000000,0.05830000000000,3.7634,10636.4416,4.1127,4.1127,0.0000,0.0426,4.1284,0.2096,3.9188,-0.0871,10636.4416,NA,NA,NA
dwm.exe,2752,0x0,Other,-1,0,0,Hardware: Legacy Flip,10644.9145,NA,4.36020000000000,4.16860000000000,0.00000000000000,0.01720000000000,3.5718,10640.5543,4.3602,4.3602,0.0000,0.0583,4.3191,0.2148,4.1043,-0.0559,10640.5543,NA,NA,NA
dwm.exe,2752,0x0,Other,-1,0,0,Hardware: Legacy Flip,10649.0759,NA,4.16140000000000,4.16030000000000,0.00000000000000,0.02680000000000,3.5707,10644.9145,4.1614,4.1614,0.0000,0.0172,4.1710,0.1980,3.9730,0.1999,10644.9145,NA,NA,NA
dwm.exe,2752,0x0,Other,-1,0,0,Hardware: Legacy Flip,10653.2130,NA,4.13710000000000,4.16160000000000,0.00000000000000,0.02990000000000,3.5952,10649.0759,4.1371,4.1371,0.0000,0.0268,4.1402,0.1979,3.9423,-0.0002,10649.0759,NA,NA,NA
dwm.exe,2752,0x0,Other,-1,0,0,Hardware: Legacy Flip,10657.3576,NA,4.14460000000000,4.17760000000000,0.00000000000000,0.03820000000000,3.6282,10653.2130,4.1446,4.1446,0.0000,0.0299,4.1529,0.2102,3.9427,-0.0405,10653.2130,NA,NA,NA
dwm.exe,2752,0x0,Other,-1,0,0,Hardware: Legacy Flip,10661.5155,NA,4.15790000000000,4.17870000000000,0.00000000000000,0.04390000000000,3.6490,10657.3576,4.1579,4.1579,0.0000,0.0382,4.1636,0.1983,3.9653,-0.0341,10657.3576,NA,NA,NA
dwm.exe,2752,0x0,Other,-1,0,0,Hardware: Legacy Flip,10665.8613,NA,4.34580000000000,4.15280000000000,0.00000000000000,0.04260000000000,3.4560,10661.5155,4.3458,4.3458,0.0000,0.0439,4.3445,0.2130,4.1315,0.0051,10661.5155,NA,NA,NA
dwm.exe,2752,0x0,Other,-1,0,0,Hardware: Legacy Flip,10670.0008,NA,4.13950000000000,4.16340000000000,0.00000000000000,0.02100000000000,3.4799,10665.8613,4.1395,4.1395,0.0000,0.0426,4.1179,0.2618,3.8561,0.1824,10665.8613,NA,NA,NA
dwm.exe,2752,0x0,Other,-1,0,0,Hardware: Legacy Flip,10673.9739,NA,3.97310000000000,4.16760000000000,0.00000000000000,0.04330000000000,3.6744,10670.0008,3.9731,3.9731,0.0000,0.0210,3.9954,0.1648,3.8306,-0.0281,10670.0008,NA,NA,NA
dwm.exe,2752,0x0,Other,-1,0,0,Hardware: Legacy Flip,10678.1730,NA,4.19910000000000,4.16260000000000,0.00000000000000,0.03260000000000,3.6379,10673.9739,4.1991,4.1991,0.0000,0.0433,4.1884,0.1992,3.9892,-0.1895,10673.9739,NA,NA,NA
dwm.exe,2752,0x0,Other,-1,0,0,Hardware: Legacy Flip,10682.3451,NA,4.17210000000000,4.15510000000000,0.00000000000000,0.02490000000000,3.6209,10678.1730,4.1721,4.1721,0.0000,0.0326,4.1644,0.2114,3.9530,0.0440,10678.1730,NA,NA,NA
dwm.exe,2752,0x0,Other,-1,0,0,Hardware: Legacy Flip,10686.4578,NA,4.11270000000000,4.21900000000000,0.00000000000000,0.03130000000000,3.7272,10682.3451,4.1127,4.1127,0.0000,0.0249,4.1191,0.1892,3.9299,-0.0469,10682.3451,NA,NA,NA
dwm.exe,2752,0x0,Other,-1,0,0,Hardware: Legacy Flip,10690.9747,NA,4.51690000000000,4.13210000000000,0.00000000000000,0.01860000000000,3.3424,10686.4578,4.5169,4.5169,0.0000,0.0313,4.5042,0.2422,4.2620,-0.0194,10686.4578,NA,NA,NA
dwm.exe,2752,0x0,Other,-1,0,0,Hardware: Legacy Flip,10695.1322,NA,4.15750000000000,4.15720000000000,0.00000000000000,0.01800000000000,3.3421,10690.9747,4.1575,4.1575,0.0000,0.0186,4.1569,0.3995,3.7574,0.3597,10690.9747,NA,NA,NA
dwm.exe,2752,0x0,Other,-1,0,0,Hardware: Legacy Flip,10699.0968,NA,3.96460000000000,4.16310000000000,0.00000000000000,0.03640000000000,3.5406,10695.1322,3.9646,3.9646,0.0000,0.0180,3.9830,0.1570,3.8260,-0.0056,10695.1322,NA,NA,NA
dwm.exe,2752,0x0,Other,-1,0,0,Hardware: Legacy Flip,10703.1343,NA,4.03750000000000,4.17230000000000,0.00000000000000,0.04340000000000,3.6754,10699.0968,4.0375,4.0375,0.0000,0.0364,4.0445,0.1945,3.8500,-0.2077,10699.0968,NA,NA,NA
dwm.exe,2752,0x0,Other,-1,0,0,Hardware: Legacy Flip,10707.3433,NA,4.20900000000000,4.16420000000000,0.00000000000000,0.01560000000000,3.6306,10703.1343,4.2090,4.2090,0.0000,0.0434,4.1812,0.2002,3.9810,-0.1267,10703.1343,NA,NA,NA
dwm.exe,2752,0x0,Other,-1,0,0,Hardware: Legacy Flip,10711.3492,NA,4.00590000000000,4.17010000000000,0.00000000000000,0.06160000000000,3.7948,10707.3433,4.0059,4.0059,0.0000,0.0156,4.0519,0.1961,3.8558,0.0389,10707.3433,NA,NA,NA
dwm.exe,2752,0x0,Other,-1,0,0,Hardware: Legacy Flip,10715.5181,NA,4.16890000000000,4.18460000000000,0.00000000000000,0.05560000000000,3.8105,10711.3492,4.1689,4.1689,0.0000,0.0616,4.1629,0.1972,3.9657,-0.1787,10711.3492,NA,NA,NA
dwm.exe,2752,0x0,Other,-1,0,0,Hardware: Legacy Flip,10719.7158,NA,4.19770000000000,4.15450000000000,0.00000000000000,0.07080000000000,3.7673,10715.5181,4.1977,4.1977,0.0000,0.0556,4.2129,0.2218,3.9911,0.0144,10715.5181,NA,NA,NA
dwm.exe,2752,0x0,Other,-1,0,0,Hardware: Legacy Flip,10723.8581,NA,4.14230000000000,4.17250000000000,0.00000000000000,0.06730000000000,3.7975,10719.7158,4.1423,4.1423,0.0000,0.0708,4.1388,0.2131,3.9257,0.0252,10719.7158,NA,NA,NA
dwm.exe,2752,0x0,Other,-1,0,0,Hardware: Legacy Flip,10728.0150,NA,4.15690000000000,4.16390000000000,0.00000000000000,0.06250000000000,3.8045,10723.8581,4.1569,4.1569,0.0000,0.0673,4.1521,0.2152,3.9369,-0.0216,10723.8581,NA,NA,NA
dwm.exe,2752,0x0,Other,-1,0,0,Hardware: Legacy Flip,10732.1990,NA,4.18400000000000,4.16370000000000,0.00000000000000,0.08430000000000,3.7842,10728.0150,4.1840,4.1840,0.0000,0.0625,4.2058,0.2377,3.9681,-0.0068,10728.0150,NA,NA,NA
dwm.exe,2752,0x0,Other,-1,0,0,Hardware: Legacy Flip,10736.3711,NA,4.17210000000000,4.15960000000000,0.00000000000000,0.07020000000000,3.7717,10732.1990,4.1721,4.1721,0.0000,0.0843,4.1580,0.2050,3.9530,0.0244,10732.1990,NA,NA,NA
dwm.exe,2752,0x0,Other,-1,0,0,Hardware: Legacy Flip,10740.5007,NA,4.12960000000000,4.17660000000000,0.00000000000000,0.06510000000000,3.8187,10736.3711,4.1296,4.1296,0.0000,0.0702,4.1245,0.1995,3.9250,-0.0045,10736.3711,NA,NA,NA
dwm.exe,2752,0x0,Other,-1,0,0,Hardware: Legacy Flip,10744.6838,NA,4.18310000000000,4.16570000000000,0.00000000000000,0.06950000000000,3.8013,10740.5007,4.1831,4.1831,0.0000,0.0651,4.1875,0.2114,3.9761,-0.0361,10740.5007,NA,NA,NA
dwm.exe,2752,0x0,Other,-1,0,0,Hardware: Legacy Flip,10748.8477,NA,4.16390000000000,4.17470000000000,0.00000000000000,0.75090000000000,3.8121,10744.6838,4.1639,4.1639,0.0000,0.0695,4.8453,0.8835,3.9618,0.0084,10744.6838,NA,NA,NA
dwm.exe,2752,0x0,Other,-1,0,0,Hardware: Legacy Flip,10753.5711,NA,4.72340000000000,4.15660000000000,0.00000000000000,0.01900000000000,3.2453,10748.8477,4.7234,4.7234,0.0000,0.7509,3.9915,0.2887,3.7028,0.0073,10748.8477,NA,NA,NA
dwm.exe,2752,0x0,Other,-1,0,0,Hardware: Legacy Flip,10757.3317,NA,3.76060000000000,4.18050000000000,0.00000000000000,0.09140000000000,3.6652,10753.5711,3.7606,3.7606,0.0000,0.0190,3.8330,0.2396,3.5934,0.5429,10753.5711,NA,NA,NA
dwm.exe,2752,0x0,Other,-1,0,0,Hardware: Legacy Flip,10761.4465,NA,4.11480000000000,4.14640000000000,0.00000000000000,0.25420000000000,3.6968,10757.3317,4.1148,4.1148,0.0000,0.0914,4.2776,0.4149,3.8627,-0.3858,10757.3317,NA,NA,NA
dwm.exe,2752,0x0,Other,-1,0,0,Hardware: Legacy Flip,10766.1198,NA,4.67330000000000,4.16680000000000,0.00000000000000,0.02870000000000,3.1903,10761.4465,4.6733,4.6733,0.0000,0.2542,4.4478,0.3124,4.1354,-0.0520,10761.4465,NA,NA,NA
dwm.exe,2752,0x0,Other,-1,0,0,Hardware: Legacy Flip,10770.1769,NA,4.05710000000000,4.17780000000000,0.00000000000000,0.01870000000000,3.3110,10766.1198,4.0571,4.0571,0.0000,0.0287,4.0471,0.2848,3.7623,0.4955,10766.1198,NA,NA,NA
dwm.exe,2752,0x0,Other,-1,0,0,Hardware: Legacy Flip,10774.0612,NA,3.88430000000000,4.15550000000000,0.00000000000000,0.22550000000000,3.5822,10770.1769,3.8843,3.8843,0.0000,0.0187,4.0911,0.3536,3.7375,-0.0984,10770.1769,NA,NA,NA
dwm.exe,2752,0x0,Other,-1,0,0,Hardware: Legacy Flip,10778.7826,NA,4.72140000000000,4.17340000000000,0.00000000000000,0.03440000000000,3.0342,10774.0612,4.7214,4.7214,0.0000,0.2255,4.5303,0.3145,4.2158,-0.2891,10774.0612,NA,NA,NA
dwm.exe,2752,0x0,Other,-1,0,0,Hardware: Legacy Flip,10782.3008,NA,3.51820000000000,4.17830000000000,0.00000000000000,0.07130000000000,3.6943,10778.7826,3.5182,3.5182,0.0000,0.0344,3.5551,0.2188,3.3363,0.5431,10778.7826,NA,NA,NA
dwm.exe,2752,0x0,Other,-1,0,0,Hardware: Legacy Flip,10786.8693,NA,4.56850000000000,4.15670000000000,0.00000000000000,0.03160000000000,3.2825,10782.3008,4.5685,4.5685,0.0000,0.0713,4.5288,0.2842,4.2446,-0.6385,10782.3008,NA,NA,NA
dwm.exe,2752,0x0,Other,-1,0,0,Hardware: Legacy Flip,10790.9265,NA,4.05720000000000,4.15710000000000,0.00000000000000,0.03590000000000,3.3824,10786.8693,4.0572,4.0572,0.0000,0.0316,4.0615,0.2298,3.8317,0.4114,10786.8693,NA,NA,NA
dwm.exe,2752,0x0,Other,-1,0,0,Hardware: Legacy Flip,10795.0981,NA,4.17160000000000,4.17910000000000,0.00000000000000,0.03260000000000,3.3899,10790.9265,4.1716,4.1716,0.0000,0.0359,4.1683,0.2794,3.8889,-0.1219,10790.9265,NA,NA,NA
dwm.exe,2752,0x0,Other,-1,0,0,Hardware: Legacy Flip,10799.1364,NA,4.03830000000000,4.16230000000000,0.00000000000000,0.04440000000000,3.5139,10795.0981,4.0383,4.0383,0.0000,0.0326,4.0501,0.2645,3.7856,0.0093,10795.0981,NA,NA,NA
dwm.exe,2752,0x0,Other,-1,0,0,Hardware: Legacy Flip,10803.3516,NA,4.21520000000000,4.15470000000000,0.00000000000000,0.01510000000000,3.4534,10799.1364,4.2152,4.2152,0.0000,0.0444,4.1859,0.2705,3.9154,-0.1164,10799.1364,NA,NA,NA
dwm.exe,2752,0x0,Other,-1,0,0,Hardware: Legacy Flip,10807.5129,NA,4.16130000000000,4.16110000000000,0.00000000000000,0.04290000000000,3.4532,10803.3516,4.1613,4.1613,0.0000,0.0151,4.1891,0.1632,4.0259,0.0541,10803.3516,NA,NA,NA
dwm.exe,2752,0x0,Other,-1,0,0,Hardware: Legacy Flip,10811.5630,NA,4.05010000000000,4.18320000000000,0.00000000000000,0.03040000000000,3.5863,10807.5129,4.0501,4.0501,0.0000,0.0429,4.0376,0.2095,3.8281,-0.0219,10807.5129,NA,NA,NA
dwm.exe,2752,0x0,Other,-1,0,0,Hardware: Legacy Flip,10815.7909,NA,4.22790000000000,4.17140000000000,0.00000000000000,0.02800000000000,3.5298,10811.5630,4.2279,4.2279,0.0000,0.0304,4.2255,0.2186,4.0069,-0.1213,10811.5630,NA,NA,NA
dwm.exe,2752,0x0,Other,-1,0,0,Hardware: Legacy Flip,10819.9949,NA,4.20400000000000,4.16570000000000,0.00000000000000,0.02520000000000,3.4915,10815.7909,4.2040,4.2040,0.0000,0.0280,4.2012,0.2255,3.9757,0.0622,10815.7909,NA,NA,NA
dwm.exe,2752,0x0,Other,-1,0,0,Hardware: Legacy Flip,10824.1054,NA,4.11050000000000,4.15370000000000,0.00000000000000,0.02600000000000,3.5347,10819.9949,4.1105,4.1105,0.0000,0.0252,4.1113,0.1936,3.9177,0.0503,10819.9949,NA,NA,NA
dwm.exe,2752,0x0,Other,-1,0,0,Hardware: Legacy Flip,10828.3624,NA,4.25700000000000,4.16820000000000,0.00000000000000,0.02490000000000,3.4459,10824.1054,4.2570,4.2570,0.0000,0.0260,4.2559,0.2175,4.0384,-0.0577,10824.1054,NA,NA,NA
dwm.exe,2752,0x0,Other,-1,0,0,Hardware: Legacy Flip,10832.6316,NA,4.26920000000000,4.17660000000000,0.00000000000000,0.01740000000000,3.3533,10828.3624,4.2692,4.2692,0.0000,0.0249,4.2617,0.2604,4.0013,0.0804,10828.3624,NA,NA,NA
dwm.exe,2752,0x0,Other,-1,0,0,Hardware: Legacy Flip,10836.7436,NA,4.11200000000000,4.16750000000000,0.00000000000000,0.01680000000000,3.4088,10832.6316,4.1120,4.1120,0.0000,0.0174,4.1114,0.1794,3.9320,0.1017,10832.6316,NA,NA,NA
dwm.exe,2752,0x0,Other,-1,0,0,Hardware: Legacy Flip,10840.8802,NA,4.13660000000000,4.15430000000000,0.00000000000000,0.01680000000000,3.4265,10836.7436,4.1366,4.1366,0.0000,0.0168,4.1366,0.1952,3.9414,-0.0423,10836.7436,NA,NA,NA
dwm.exe,2752,0x0,Other,-1,0,0,Hardware: Legacy Flip,10844.9889,NA,4.10870000000000,4.17670000000000,0.00000000000000,0.01600000000000,3.4945,10840.8802,4.1087,4.1087,0.0000,0.0168,4.1079,0.1816,3.9263,-0.0401,10840.8802,NA,NA,NA
dwm.exe,2752,0x0,Other,-1,0,0,Hardware: Legacy Flip,10849.1873,NA,4.19840000000000,4.17280000000000,0.00000000000000,0.01700000000000,3.4689,10844.9889,4.1984,4.1984,0.0000,0.0160,4.1994,0.2040,3.9954,-0.0641,10844.9889,NA,NA,NA
dwm.exe,2752,0x0,Other,-1,0,0,Hardware: Legacy Flip,10853.3662,NA,4.17890000000000,4.16320000000000,0.00000000000000,0.01740000000000,3.4532,10849.1873,4.1789,4.1789,0.0000,0.0170,4.1793,0.2159,3.9634,0.0352,10849.1873,NA,NA,NA
dwm.exe,2752,0x0,Other,-1,0,0,Hardware: Legacy Flip,10857.4999,NA,4.13370000000000,4.16640000000000,0.00000000000000,0.01950000000000,3.4859,10853.3662,4.1337,4.1337,0.0000,0.0174,4.1358,0.2086,3.9272,0.0125,10853.3662,NA,NA,NA
dwm.exe,2752,0x0,Other,-1,0,0,Hardware: Legacy Flip,10861.5994,NA,4.09950000000000,4.17880000000000,0.00000000000000,0.03960000000000,3.5652,10857.4999,4.0995,4.0995,0.0000,0.0195,4.1196,0.2815,3.8381,-0.0451,10857.4999,NA,NA,NA
dwm.exe,2752,0x0,Other,-1,0,0,Hardware: Legacy Flip,10865.8789,NA,4.27950000000000,4.16120000000000,0.00000000000000,0.01710000000000,3.4469,10861.5994,4.2795,4.2795,0.0000,0.0396,4.2570,0.2269,4.0301,-0.0617,10861.5994,NA,NA,NA
dwm.exe,2752,0x0,Other,-1,0,0,Hardware: Legacy Flip,10870.0234,NA,4.14450000000000,4.15960000000000,0.00000000000000,0.02240000000000,3.4620,10865.8789,4.1445,4.1445,0.0000,0.0171,4.1498,0.2163,3.9335,0.1199,10865.8789,NA,NA,NA
dwm.exe,2752,0x0,Other,-1,0,0,Hardware: Legacy Flip,10874.1187,NA,4.09530000000000,4.17010000000000,0.00000000000000,0.03280000000000,3.5368,10870.0234,4.0953,4.0953,0.0000,0.0224,4.1057,0.2301,3.8756,-0.0256,10870.0234,NA,NA,NA
dwm.exe,2752,0x0,Other,-1,0,0,Hardware: Legacy Flip,10878.3044,NA,4.18570000000000,4.16330000000000,0.00000000000000,0.02600000000000,3.5144,10874.1187,4.1857,4.1857,0.0000,0.0328,4.1789,0.1948,3.9841,-0.0680,10874.1187,NA,NA,NA
dwm.exe,2752,0x0,Other,-1,0,0,Hardware: Legacy Flip,10882.5463,NA,4.24190000000000,4.15800000000000,0.00000000000000,0.03990000000000,3.4305,10878.3044,4.2419,4.2419,0.0000,0.0260,4.2558,0.2296,4.0262,0.0277,10878.3044,NA,NA,NA
dwm.exe,2752,0x0,Other,-1,0,0,Hardware: Legacy Flip,10886.5757,NA,4.02940000000000,4.16540000000000,0.00000000000000,0.05300000000000,3.5665,10882.5463,4.0294,4.0294,0.0000,0.0399,4.0425,0.2257,3.8168,0.0765,10882.5463,NA,NA,NA
dwm.exe,2752,0x0,Other,-1,0,0,Hardware: Legacy Flip,10890.7109,NA,4.13520000000000,4.16810000000000,0.00000000000000,0.04310000000000,3.5994,10886.5757,4.1352,4.1352,0.0000,0.0530,4.1253,0.2013,3.9240,-0.1387,10886.5757,NA,NA,NA
dwm.exe,2752,0x0,Other,-1,0,0,Hardware: Legacy Flip,10894.8876,NA,4.17670000000000,4.16630000000000,0.00000000000000,0.01550000000000,3.5890,10890.7109,4.1767,4.1767,0.0000,0.0431,4.1491,0.2044,3.9447,-0.0311,10890.7109,NA,NA,NA
dwm.exe,2752,0x0,Other,-1,0,0,Hardware: Legacy Flip,10899.0524,NA,4.16480000000000,4.17710000000000,0.00000000000000,0.04090000000000,3.6013,10894.8876,4.1648,4.1648,0.0000,0.0155,4.1902,0.2038,3.9864,-0.0004,10894.8876,NA,NA,NA
dwm.exe,2752,0x0,Other,-1,0,0,Hardware: Legacy Flip,10903.1876,NA,4.13520000000000,4.16870000000000,0.00000000000000,0.04310000000000,3.6348,10899.0524,4.1352,4.1352,0.0000,0.0409,4.1374,0.2087,3.9287,-0.0039,10899.0524,NA,NA,NA
dwm.exe,2752,0x0,Other,-1,0,0,Hardware: Legacy Flip,10907.3433,NA,4.15570000000000,4.16010000000000,0.00000000000000,0.03700000000000,3.6392,10903.1876,4.1557,4.1557,0.0000,0.0431,4.1496,0.2057,3.9439,-0.0249,10903.1876,NA,NA,NA
dwm.exe,2752,0x0,Other,-1,0,0,Hardware: Legacy Flip,10911.5190,NA,4.17570000000000,4.17550000000000,0.00000000000000,0.04070000000000,3.6390,10907.3433,4.1757,4.1757,0.0000,0.0370,4.1794,0.2050,3.9744,-0.0198,10907.3433,NA,NA,NA
dwm.exe,2752,0x0,Other,-1,0,0,Hardware: Legacy Flip,10915.6808,NA,4.16180000000000,4.15630000000000,0.00000000000000,0.04800000000000,3.6335,10911.5190,4.1618,4.1618,0.0000,0.0407,4.1691,0.2164,3.9527,0.0194,10911.5190,NA,NA,NA
dwm.exe,2752,0x0,Other,-1,0,0,Hardware: Legacy Flip,10920.0442,NA,4.36340000000000,4.17150000000000,0.00000000000000,0.01270000000000,3.4416,10915.6808,4.3634,4.3634,0.0000,0.0480,4.3281,0.2203,4.1078,-0.0097,10915.6808,NA,NA,NA
dwm.exe,2752,0x0,Other,-1,0,0,Hardware: Legacy Flip,10924.1714,NA,4.12720000000000,4.17760000000000,0.00000000000000,0.02610000000000,3.4920,10920.0442,4.1272,4.1272,0.0000,0.0127,4.1406,0.2146,3.9260,0.1858,10920.0442,NA,NA,NA
dwm.exe,2752,0x0,Other,-1,0,0,Hardware: Legacy Flip,10928.2330,NA,4.06160000000000,4.16570000000000,0.00000000000000,0.04370000000000,3.5961,10924.1714,4.0616,4.0616,0.0000,0.0261,4.0792,0.2729,3.8063,-0.0385,10924.1714,NA,NA,NA
dwm.exe,2752,0x0,Other,-1,0,0,Hardware: Legacy Flip,10932.6040,NA,4.37100000000000,4.16600000000000,0.00000000000000,0.01640000000000,3.3911,10928.2330,4.3710,4.3710,0.0000,0.0437,4.3437,0.2204,4.1233,-0.1044,10928.2330,NA,NA,NA
dwm.exe,2752,0x0,Other,-1,0,0,Hardware: Legacy Flip,10936.6517,NA,4.04770000000000,4.16390000000000,0.00000000000000,0.01390000000000,3.5073,10932.6040,4.0477,4.0477,0.0000,0.0164,4.0452,0.2507,3.7945,0.2071,10932.6040,NA,NA,NA
dwm.exe,2752,0x0,Other,-1,0,0,Hardware: Legacy Flip,10940.7830,NA,4.13130000000000,4.16140000000000,0.00000000000000,0.02660000000000,3.5374,10936.6517,4.1313,4.1313,0.0000,0.0139,4.1440,0.1780,3.9660,-0.1137,10936.6517,NA,NA,NA
dwm.exe,2752,0x0,Other,-1,0,0,Hardware: Legacy Flip,10944.9692,NA,4.18620000000000,4.17070000000000,0.00000000000000,0.03840000000000,3.5219,10940.7830,4.1862,4.1862,0.0000,0.0266,4.1980,0.2295,3.9685,-0.0394,10940.7830,NA,NA,NA
dwm.exe,2752,0x0,Other,-1,0,0,Hardware: Legacy Flip,10949.1281,NA,4.15890000000000,4.15820000000000,0.00000000000000,0.02590000000000,3.5212,10944.9692,4.1589,4.1589,0.0000,0.0384,4.1464,0.2022,3.9442,0.0280,10944.9692,NA,NA,NA
dwm.exe,2752,0x0,Other,-1,0,0,Hardware: Legacy Flip,10953.2653,NA,4.13720000000000,4.17440000000000,0.00000000000000,0.01780000000000,3.5584,10949.1281,4.1372,4.1372,0.0000,0.0259,4.1291,0.2301,3.8990,-0.0155,10949.1281,NA,NA,NA
dwm.exe,2752,0x0,Other,-1,0,0,Hardware: Legacy Flip,10957.4633,NA,4.19800000000000,4.15520000000000,0.00000000000000,0.01500000000000,3.5156,10953.2653,4.1980,4.1980,0.0000,0.0178,4.1952,0.2026,3.9926,-0.0180,10953.2653,NA,NA,NA
dwm.exe,2752,0x0,Other,-1,0,0,Hardware: Legacy Flip,10961.5890,NA,4.12570000000000,4.16860000000000,0.00000000000000,0.04390000000000,3.5585,10957.4633,4.1257,4.1257,0.0000,0.0150,4.1546,0.2162,3.9384,0.0294,10957.4633,NA,NA,NA
dwm.exe,2752,0x0,Other,-1,0,0,Hardware: Legacy Flip,10965.9532,NA,4.36420000000000,4.17350000000000,0.00000000000000,0.02220000000000,3.3678,10961.5890,4.3642,4.3642,0.0000,0.0439,4.3425,0.2512,4.0913,-0.0478,10961.5890,NA,NA,NA
dwm.exe,2752,0x0,Other,-1,0,0,Hardware: Legacy Flip,10970.0742,NA,4.12100000000000,4.18980000000000,0.00000000000000,0.01750000000000,3.4366,10965.9532,4.1210,4.1210,0.0000,0.0222,4.1163,0.1980,3.9183,0.1744,10965.9532,NA,NA,NA
dwm.exe,2752,0x0,Other,-1,0,0,Hardware: Legacy Flip,10974.2692,NA,4.19500000000000,4.16450000000000,0.00000000000000,0.04050000000000,3.4061,10970.0742,4.1950,4.1950,0.0000,0.0175,4.2180,0.2405,3.9775,-0.0435,10970.0742,NA,NA,NA
dwm.exe,2752,0x0,Other,-1,0,0,Hardware: Legacy Flip,10978.4908,NA,4.22160000000000,4.14570000000000,0.00000000000000,0.04610000000000,3.3302,10974.2692,4.2216,4.2216,0.0000,0.0405,4.2272,0.2667,3.9605,0.0493,10974.2692,NA,NA,NA
dwm.exe,2752,0x0,Other,-1,0,0,Hardware: Legacy Flip,10982.5903,NA,4.09950000000000,4.17850000000000,0.00000000000000,0.03130000000000,3.4092,10978.4908,4.0995,4.0995,0.0000,0.0461,4.0847,0.2577,3.8270,0.0431,10978.4908,NA,NA,NA
dwm.exe,2752,0x0,Other,-1,0,0,Hardware: Legacy Flip,10986.8215,NA,4.23120000000000,4.17110000000000,0.00000000000000,0.03910000000000,3.3491,10982.5903,4.2312,4.2312,0.0000,0.0313,4.2390,0.2573,3.9817,-0.0716,10982.5903,NA,NA,NA
dwm.exe,2752,0x0,Other,-1,0,0,Hardware: Legacy Flip,10990.9850,NA,4.16350000000000,4.15610000000000,0.00000000000000,0.05810000000000,3.3417,10986.8215,4.1635,4.1635,0.0000,0.0391,4.1825,0.2761,3.9064,0.0751,10986.8215,NA,NA,NA
dwm.exe,2752,0x0,Other,-1,0,0,Hardware: Legacy Flip,10994.9769,NA,3.99190000000000,4.15440000000000,0.00000000000000,0.06610000000000,3.5042,10990.9850,3.9919,3.9919,0.0000,0.0581,3.9999,0.3732,3.6267,0.0091,10990.9850,NA,NA,NA
dwm.exe,2752,0x0,Other,-1,0,0,Hardware: Legacy Flip,10998.9701,NA,3.99320000000000,4.16690000000000,0.00000000000000,0.21560000000000,3.6779,10994.9769,3.9932,3.9932,0.0000,0.0661,4.1427,0.4104,3.7323,-0.1750,10994.9769,NA,NA,NA
dwm.exe,2752,0x0,Other,-1,0,0,Hardware: Legacy Flip,11003.1033,NA,4.13320000000000,4.18530000000000,0.00000000000000,0.02450000000000,3.7300,10998.9701,4.1332,4.1332,0.0000,0.2156,3.9421,0.2336,3.7085,-0.1921,10998.9701,NA,NA,NA
dwm.exe,2752,0x0,Other,-1,0,0,Hardware: Legacy Flip,11011.6782,NA,8.57490000000000,8.30300000000000,0.00000000000000,0.01860000000000,3.4581,11003.1033,8.5749,8.5749,0.0000,0.0245,8.5690,0.2768,8.2922,-4.1698,11003.1033,NA,NA,NA
dwm.exe,2752,0x0,Other,-1,0,0,Hardware: Legacy Flip,11021.8317,NA,10.15350000000000,8.34230000000000,0.00000000000000,0.02790000000000,1.6469,11011.6782,10.1535,10.1535,0.0000,0.0186,10.1628,0.2370,9.9258,0.2326,11011.6782,NA,NA,NA
dwm.exe,2752,0x0,Other,-1,0,0,Hardware: Legacy Flip,11024.8061,NA,2.97440000000000,4.16970000000000,0.00000000000000,0.12230000000000,2.8422,11021.8317,2.9744,2.9744,0.0000,0.0279,3.0688,0.3261,2.7427,5.9838,11021.8317,NA,NA,NA
dwm.exe,2752,0x0,Other,-1,0,0,Hardware: Legacy Flip,11042.8361,NA,18.03000000000000,16.67650000000000,0.00000000000000,0.07480000000000,1.4887,11024.8061,18.0300,18.0300,0.0000,0.1223,17.9825,0.3089,17.6736,-13.7021,11024.8061,NA,NA,NA
dwm.exe,2752,0x0,Other,-1,0,0,Hardware: Legacy Flip,11100.1098,NA,57.27370000000000,58.33550000000000,0.00000000000000,0.02840000000000,2.5505,11042.8361,57.2737,57.2737,0.0000,0.0748,57.2273,0.3061,56.9212,-40.3055,11042.8361,NA,NA,NA
dwm.exe,2752,0x0,Other,-1,0,0,Hardware: Legacy Flip,11115.1005,NA,14.99070000000000,16.67290000000000,0.00000000000000,0.07510000000000,4.2327,11100.1098,14.9907,14.9907,0.0000,0.0284,15.0374,0.4100,14.6274,40.6008,11100.1098,NA,NA,NA
dwm.exe,2752,0x0,Other,-1,0,0,Hardware: Legacy Flip,11120.6433,NA,5.54280000000000,4.15100000000000,0.00000000000000,0.02710000000000,2.8409,11115.1005,5.5428,5.5428,0.0000,0.0751,5.4948,0.2523,5.2425,10.8397,11115.1005,NA,NA,NA
dwm.exe,2752,0x0,Other,-1,0,0,Hardware: Legacy Flip,11129.4794,NA,8.83610000000000,8.34140000000000,0.00000000000000,0.04570000000000,2.3462,11120.6433,8.8361,8.8361,0.0000,0.0271,8.8547,0.2832,8.5715,-2.7986,11120.6433,NA,NA,NA
dwm.exe,2752,0x0,Other,-1,0,0,Hardware: Legacy Flip,11133.1289,NA,3.64950000000000,4.14660000000000,0.00000000000000,0.07020000000000,2.8433,11129.4794,3.6495,3.6495,0.0000,0.0457,3.6740,0.2781,3.3959,4.6895,11129.4794,NA,NA,NA
dwm.exe,2752,0x0,Other,-1,0,0,Hardware: Legacy Flip,11157.6227,NA,24.49380000000000,25.00120000000000,0.00000000000000,0.02710000000000,3.3507,11133.1289,24.4938,24.4938,0.0000,0.0702,24.4507,0.2712,24.1795,-21.3517,11133.1289,NA,NA,NA
dwm.exe,2752,0x0,Other,-1,0,0,Hardware: Legacy Flip,11178.6372,NA,21.01450000000000,20.85120000000000,0.00000000000000,0.12610000000000,3.1874,11157.6227,21.0145,21.0145,0.0000,0.0271,21.1135,0.3931,20.7204,3.6426,11157.6227,NA,NA,NA
dwm.exe,2752,0x0,Other,-1,0,0,Hardware: Legacy Flip,11207.7035,NA,29.06630000000000,29.17490000000000,0.00000000000000,0.01970000000000,3.2960,11178.6372,29.0663,29.0663,0.0000,0.1261,28.9599,0.2127,28.7472,-8.1604,11178.6372,NA,NA,NA
dwm.exe,2752,0x0,Other,-1,0,0,Hardware: Legacy Flip,11224.2358,NA,16.53230000000000,16.64270000000000,0.00000000000000,0.01920000000000,3.4064,11207.7035,16.5323,16.5323,0.0000,0.0197,16.5318,0.2003,16.3315,12.4236,11207.7035,NA,NA,NA
dwm.exe,2752,0x0,Other,-1,0,0,Hardware: Legacy Flip,11232.5582,NA,8.32240000000000,8.35390000000000,0.00000000000000,0.01680000000000,3.4379,11224.2358,8.3224,8.3224,0.0000,0.0192,8.3200,0.2965,8.0235,8.1784,11224.2358,NA,NA,NA
dwm.exe,2752,0x0,Other,-1,0,0,Hardware: Legacy Flip,11261.7431,NA,29.18490000000000,29.15250000000000,0.00000000000000,0.12040000000000,3.4055,11232.5582,29.1849,29.1849,0.0000,0.0168,29.2885,0.3236,28.9649,-20.8301,11232.5582,NA,NA,NA
dwm.exe,2752,0x0,Other,-1,0,0,Hardware: Legacy Flip,11282.5870,NA,20.84390000000000,20.83200000000000,0.00000000000000,0.02020000000000,3.3936,11261.7431,20.8439,20.8439,0.0000,0.1204,20.7437,0.1949,20.5488,8.3529,11261.7431,NA,NA,NA
dwm.exe,2752,0x0,Other,-1,0,0,Hardware: Legacy Flip,11308.2078,NA,25.62080000000000,25.00960000000000,0.00000000000000,0.01860000000000,2.7824,11282.5870,25.6208,25.6208,0.0000,0.0202,25.6192,0.1994,25.4198,-4.1657,11282.5870,NA,NA,NA
dwm.exe,2752,0x0,Other,-1,0,0,Hardware: Legacy Flip,11311.5396,NA,3.33180000000000,4.16690000000000,0.00000000000000,0.04490000000000,3.6175,11308.2078,3.3318,3.3318,0.0000,0.0186,3.3581,0.1933,3.1648,21.4539,11308.2078,NA,NA,NA
dwm.exe,2752,0x0,Other,-1,0,0,Hardware: Legacy Flip,11336.7088,NA,25.16920000000000,24.99290000000000,0.00000000000000,0.01710000000000,3.4412,11311.5396,25.1692,25.1692,0.0000,0.0449,25.1414,0.2634,24.8780,-21.6611,11311.5396,NA,NA,NA
dwm.exe,2752,0x0,Other,-1,0,0,Hardware: Legacy Flip,11346.2655,NA,9.55670000000000,8.34570000000000,0.00000000000000,0.01780000000000,2.2302,11336.7088,9.5567,9.5567,0.0000,0.0171,9.5574,0.1885,9.3689,16.8235,11336.7088,NA,NA,NA
dwm.exe,2752,0x0,Other,-1,0,0,Hardware: Legacy Flip,11361.6961,NA,15.43060000000000,16.65960000000000,0.00000000000000,0.01750000000000,3.4592,11346.2655,15.4306,15.4306,0.0000,0.0178,15.4303,0.2361,15.1942,-7.1029,11346.2655,NA,NA,NA
dwm.exe,2752,0x0,Other,-1,0,0,Hardware: Legacy Flip,11386.5918,NA,24.89570000000000,25.00520000000000,0.00000000000000,0.01350000000000,3.5687,11361.6961,24.8957,24.8957,0.0000,0.0175,24.8917,0.2665,24.6252,-9.5746,11361.6961,NA,NA,NA
dwm.exe,2752,0x0,Other,-1,0,0,Hardware: Legacy Flip,11411.9614,NA,25.36960000000000,25.00810000000000,0.00000000000000,0.14580000000000,3.2072,11386.5918,25.3696,25.3696,0.0000,0.0135,25.5019,0.4036,25.0983,-0.1124,11386.5918,NA,NA,NA
dwm.exe,2752,0x0,Other,-1,0,0,Hardware: Legacy Flip,11436.7976,NA,24.83620000000000,24.99400000000000,0.00000000000000,0.01800000000000,3.3650,11411.9614,24.8362,24.8362,0.0000,0.1458,24.7084,0.1978,24.5106,0.3756,11411.9614,NA,NA,NA
dwm.exe,2752,0x0,Other,-1,0,0,Hardware: Legacy Flip,11440.7429,NA,3.94530000000000,4.17040000000000,0.00000000000000,0.02470000000000,3.5901,11436.7976,3.9453,3.9453,0.0000,0.0180,3.9520,0.1591,3.7929,20.6658,11436.7976,NA,NA,NA
dwm.exe,2752,0x0,Other,-1,0,0,Hardware: Legacy Flip,11465.8962,NA,25.15330000000000,25.03360000000000,0.00000000000000,0.01770000000000,3.4704,11440.7429,25.1533,25.1533,0.0000,0.0247,25.1463,0.2549,24.8914,-21.0883,11440.7429,NA,NA,NA
dwm.exe,2752,0x0,Other,-1,0,0,Hardware: Legacy Flip,11490.9659,NA,25.06970000000000,24.94710000000000,0.00000000000000,0.11860000000000,3.3478,11465.8962,25.0697,25.0697,0.0000,0.0177,25.1706,0.3125,24.8581,0.2062,11465.8962,NA,NA,NA
dwm.exe,2752,0x0,Other,-1,0,0,Hardware: Legacy Flip,11506.0634,NA,15.09750000000000,12.52140000000000,0.00000000000000,0.01760000000000,0.7717,11490.9659,15.0975,15.0975,0.0000,0.1186,14.9965,0.2075,14.7890,12.5483,11490.9659,NA,NA,NA
dwm.exe,2752,0x0,Other,-1,0,0,Hardware: Legacy Flip,11507.6364,NA,1.57300000000000,4.16030000000000,0.00000000000000,0.01470000000000,3.3590,11506.0634,1.5730,1.5730,0.0000,0.0176,1.5701,0.1652,1.4049,10.9372,11506.0634,NA,NA,NA
dwm.exe,2752,0x0,Other,-1,0,0,Hardware: Legacy Flip,11521.1531,NA,13.51670000000000,12.48320000000000,0.00000000000000,0.02650000000000,2.3255,11507.6364,13.5167,13.5167,0.0000,0.0147,13.5285,0.2759,13.2526,-10.9102,11507.6364,NA,NA,NA
FlyingBird.exe,46456,0x1E2504FE000,DXGI,0,0,0,Composed: Copy with GPU GDI,10537.5118,NA,918.93880000000001,908.33169999999996,0.08380000000000,0.34120000000000,15.1281,9618.6834,918.9122,918.8284,0.0838,0.2416,918.9280,0.3463,918.5817,-827.3206,9618.6834,NA,NA,NA
dwm.exe,2752,0x0,Other,-1,0,0,Hardware: Legacy Flip,11524.1688,NA,3.01570000000000,4.17140000000000,0.00000000000000,0.02900000000000,3.4812,11521.1531,3.0157,3.0157,0.0000,0.0265,3.0182,0.2893,2.7289,9.3453,11521.1531,NA,NA,NA
dwm.exe,2752,0x0,Other,-1,0,0,Hardware: Legacy Flip,11540.8107,NA,16.64190000000000,16.67470000000000,0.00000000000000,0.08830000000000,3.5140,11524.1688,16.6419,16.6419,0.0000,0.0290,16.7012,0.3220,16.3792,-13.6590,11524.1688,NA,NA,NA
dwm.exe,2752,0x0,Other,-1,0,0,Hardware: Legacy Flip,11544.7967,NA,3.98600000000000,4.18790000000000,0.00000000000000,0.14390000000000,3.7159,11540.8107,3.9860,3.9860,0.0000,0.0883,4.0416,0.3372,3.7044,12.4540,11540.8107,NA,NA,NA
dwm.exe,2752,0x0,Other,-1,0,0,Hardware: Legacy Flip,11563.4548,NA,18.65810000000000,16.65170000000000,0.00000000000000,0.01870000000000,1.7095,11544.7967,18.6581,18.6581,0.0000,0.1439,18.5329,0.3994,18.1335,-12.6657,11544.7967,NA,NA,NA
dwm.exe,2752,0x0,Other,-1,0,0,Hardware: Legacy Flip,11565.7093,NA,2.25450000000000,4.16990000000000,0.00000000000000,0.04550000000000,3.6249,11563.4548,2.2545,2.2545,0.0000,0.0187,2.2813,0.1993,2.0820,14.4882,11563.4548,NA,NA,NA
dwm.exe,2752,0x0,Other,-1,0,0,Hardware: Legacy Flip,11574.0156,NA,8.30630000000000,8.32100000000000,0.00000000000000,0.01570000000000,3.6396,11565.7093,8.3063,8.3063,0.0000,0.0455,8.2765,0.2376,8.0389,-6.0665,11565.7093,NA,NA,NA
dwm.exe,2752,0x0,Other,-1,0,0,Hardware: Legacy Flip,11583.5221,NA,9.50650000000000,8.32310000000000,0.00000000000000,0.01740000000000,2.4562,11574.0156,9.5065,9.5065,0.0000,0.0157,9.5082,0.1953,9.3129,-0.0168,11574.0156,NA,NA,NA
FlyingBird.exe,46456,0x1E2504FE000,DXGI,0,0,0,Composed: Copy with GPU GDI,11535.7638,NA,998.25199999999995,991.68480000000000,0.14290000000000,0.55940000000000,8.5609,10537.5956,998.3111,998.1682,0.1429,0.2617,998.4659,0.4497,998.0162,-72.7726,10537.5956,NA,NA,NA
dwm.exe,2752,0x0,Other,-1,0,0,Hardware: Legacy Flip,11590.8474,NA,7.32530000000000,8.32330000000000,0.00000000000000,0.01730000000000,3.4542,11583.5221,7.3253,7.3253,0.0000,0.0174,7.3252,0.2935,7.0317,1.1832,11583.5221,NA,NA,NA
dwm.exe,2752,0x0,Other,-1,0,0,Hardware: Legacy Flip,11616.0640,NA,25.21660000000000,25.04910000000000,0.00000000000000,0.02100000000000,3.2867,11590.8474,25.2166,25.2166,0.0000,0.0173,25.2203,0.2436,24.9767,-17.7238,11590.8474,NA,NA,NA
dwm.exe,2752,0x0,Other,-1,0,0,Hardware: Legacy Flip,11620.2243,NA,4.16030000000000,4.15000000000000,0.00000000000000,0.01840000000000,3.2764,11616.0640,4.1603,4.1603,0.0000,0.0210,4.1577,0.1964,3.9613,21.0666,11616.0640,NA,NA,NA
dwm.exe,2752,0x0,Other,-1,0,0,Hardware: Legacy Flip,11624.5437,NA,4.31940000000000,4.16980000000000,0.00000000000000,0.01890000000000,3.1268,11620.2243,4.3194,4.3194,0.0000,0.0184,4.3199,0.2214,4.0985,-0.0095,11620.2243,NA,NA,NA
dwm.exe,2752,0x0,Other,-1,0,0,Hardware: Legacy Flip,11628.4683,NA,3.92460000000000,4.17070000000000,0.00000000000000,0.15550000000000,3.3729,11624.5437,3.9246,3.9246,0.0000,0.0189,4.0612,0.3838,3.6774,0.1487,11624.5437,NA,NA,NA
dwm.exe,2752,0x0,Other,-1,0,0,Hardware: Legacy Flip,11632.6246,NA,4.15630000000000,4.15190000000000,0.00000000000000,0.01920000000000,3.3685,11628.4683,4.1563,4.1563,0.0000,0.1555,4.0200,0.1729,3.8471,-0.2273,11628.4683,NA,NA,NA
dwm.exe,2752,0x0,Other,-1,0,0,Hardware: Legacy Flip,11636.8557,NA,4.23110000000000,4.15850000000000,0.00000000000000,0.01460000000000,3.2959,11632.6246,4.2311,4.2311,0.0000,0.0192,4.2265,0.2200,4.0065,-0.0022,11632.6246,NA,NA,NA
dwm.exe,2752,0x0,Other,-1,0,0,Hardware: Legacy Flip,11641.2205,NA,4.36480000000000,4.19110000000000,0.00000000000000,0.01780000000000,3.1222,11636.8557,4.3648,4.3648,0.0000,0.0146,4.3680,0.2398,4.1282,0.0400,11636.8557,NA,NA,NA
dwm.exe,2752,0x0,Other,-1,0,0,Hardware: Legacy Flip,11645.2188,NA,3.99830000000000,4.15690000000000,0.00000000000000,0.02210000000000,3.2808,11641.2205,3.9983,3.9983,0.0000,0.0178,4.0026,0.3184,3.6842,0.2079,11641.2205,NA,NA,NA
dwm.exe,2752,0x0,Other,-1,0,0,Hardware: Legacy Flip,11649.2702,NA,4.05140000000000,4.15220000000000,0.00000000000000,0.01780000000000,3.3816,11645.2188,4.0514,4.0514,0.0000,0.0221,4.0471,0.2334,3.8137,-0.1539,11645.2188,NA,NA,NA
dwm.exe,2752,0x0,Other,-1,0,0,Hardware: Legacy Flip,11653.5362,NA,4.26600000000000,4.18480000000000,0.00000000000000,0.05490000000000,3.3004,11649.2702,4.2660,4.2660,0.0000,0.0178,4.3031,0.2991,4.0040,-0.1334,11649.2702,NA,NA,NA
dwm.exe,2752,0x0,Other,-1,0,0,Hardware: Legacy Flip,11657.6554,NA,4.11920000000000,4.20950000000000,0.00000000000000,0.06450000000000,3.3907,11653.5362,4.1192,4.1192,0.0000,0.0549,4.1288,0.2793,3.8495,0.0565,11653.5362,NA,NA,NA
dwm.exe,2752,0x0,Other,-1,0,0,Hardware: Legacy Flip,11662.6525,NA,4.99710000000000,4.12560000000000,0.00000000000000,0.11430000000000,2.5192,11657.6554,4.9971,4.9971,0.0000,0.0645,5.0469,0.4226,4.6243,-0.0064,11657.6554,NA,NA,NA
dwm.exe,2752,0x0,Other,-1,0,0,Hardware: Legacy Flip,11666.0353,NA,3.38280000000000,4.16570000000000,0.00000000000000,0.01900000000000,3.3021,11662.6525,3.3828,3.3828,0.0000,0.1143,3.2875,0.1959,3.0916,0.8314,11662.6525,NA,NA,NA
dwm.exe,2752,0x0,Other,-1,0,0,Hardware: Legacy Flip,11669.9854,NA,3.95010000000000,4.15740000000000,0.00000000000000,0.03210000000000,3.5094,11666.0353,3.9501,3.9501,0.0000,0.0190,3.9632,0.2159,3.7473,-0.7746,11666.0353,NA,NA,NA
dwm.exe,2752,0x0,Other,-1,0,0,Hardware: Legacy Flip,11674.4382,NA,4.45280000000000,4.17330000000000,0.00000000000000,0.01920000000000,3.2299,11669.9854,4.4528,4.4528,0.0000,0.0321,4.4399,0.2787,4.1612,-0.2232,11669.9854,NA,NA,NA
dwm.exe,2752,0x0,Other,-1,0,0,Hardware: Legacy Flip,11678.2637,NA,3.82550000000000,4.17830000000000,0.00000000000000,0.03190000000000,3.5827,11674.4382,3.8255,3.8255,0.0000,0.0192,3.8382,0.1977,3.6405,0.2745,11674.4382,NA,NA,NA
dwm.exe,2752,0x0,Other,-1,0,0,Hardware: Legacy Flip,11682.7139,NA,4.45020000000000,4.15820000000000,0.00000000000000,0.01800000000000,3.2907,11678.2637,4.4502,4.4502,0.0000,0.0319,4.4363,0.2617,4.1746,-0.3327,11678.2637,NA,NA,NA
dwm.exe,2752,0x0,Other,-1,0,0,Hardware: Legacy Flip,11686.7725,NA,4.05860000000000,4.15720000000000,0.00000000000000,0.04070000000000,3.3893,11682.7139,4.0586,4.0586,0.0000,0.0180,4.0813,0.1799,3.9014,0.2930,11682.7139,NA,NA,NA
dwm.exe,2752,0x0,Other,-1,0,0,Hardware: Legacy Flip,11690.7461,NA,3.97360000000000,4.18540000000000,0.00000000000000,0.03950000000000,3.6011,11686.7725,3.9736,3.9736,0.0000,0.0407,3.9724,0.2007,3.7717,-0.1268,11686.7725,NA,NA,NA
dwm.exe,2752,0x0,Other,-1,0,0,Hardware: Legacy Flip,11695.1342,NA,4.38810000000000,4.15800000000000,0.00000000000000,0.01860000000000,3.3710,11690.7461,4.3881,4.3881,0.0000,0.0395,4.3672,0.2589,4.1083,-0.1844,11690.7461,NA,NA,NA
dwm.exe,2752,0x0,Other,-1,0,0,Hardware: Legacy Flip,11699.2014,NA,4.06720000000000,4.16200000000000,0.00000000000000,0.02020000000000,3.4658,11695.1342,4.0672,4.0672,0.0000,0.0186,4.0688,0.1882,3.8806,0.2261,11695.1342,NA,NA,NA
dwm.exe,2752,0x0,Other,-1,0,0,Hardware: Legacy Flip,11703.1394,NA,3.93800000000000,4.17260000000000,0.00000000000000,0.04420000000000,3.7004,11699.2014,3.9380,3.9380,0.0000,0.0202,3.9620,0.1885,3.7735,-0.1054,11699.2014,NA,NA,NA
dwm.exe,2752,0x0,Other,-1,0,0,Hardware: Legacy Flip,11707.6621,NA,4.52270000000000,4.14860000000000,0.00000000000000,0.01740000000000,3.3263,11703.1394,4.5227,4.5227,0.0000,0.0442,4.4959,0.2719,4.2240,-0.2106,11703.1394,NA,NA,NA
dwm.exe,2752,0x0,Other,-1,0,0,Hardware: Legacy Flip,11711.7050,NA,4.04290000000000,4.18260000000000,0.00000000000000,0.01660000000000,3.4660,11707.6621,4.0429,4.0429,0.0000,0.0174,4.0421,0.2996,3.7425,0.3401,11707.6621,NA,NA,NA
dwm.exe,2752,0x0,Other,-1,0,0,Hardware: Legacy Flip,11715.8014,NA,4.09640000000000,4.15340000000000,0.00000000000000,0.03160000000000,3.5230,11711.7050,4.0964,4.0964,0.0000,0.0166,4.1114,0.2005,3.9109,-0.1105,11711.7050,NA,NA,NA
dwm.exe,2752,0x0,Other,-1,0,0,Hardware: Legacy Flip,11719.8119,NA,4.01050000000000,4.17610000000000,0.00000000000000,0.05250000000000,3.6886,11715.8014,4.0105,4.0105,0.0000,0.0316,4.0314,0.2060,3.8254,-0.0797,11715.8014,NA,NA,NA
dwm.exe,2752,0x0,Other,-1,0,0,Hardware: Legacy Flip,11723.9042,NA,4.09230000000000,4.17510000000000,0.00000000000000,0.07520000000000,3.7714,11719.8119,4.0923,4.0923,0.0000,0.0525,4.1150,0.2210,3.8940,-0.1646,11719.8119,NA,NA,NA
dwm.exe,2752,0x0,Other,-1,0,0,Hardware: Legacy Flip,11728.7342,NA,4.83000000000000,4.17100000000000,0.00000000000000,0.13800000000000,3.1124,11723.9042,4.8300,4.8300,0.0000,0.0752,4.8928,0.3961,4.4967,-0.0787,11723.9042,NA,NA,NA
dwm.exe,2752,0x0,Other,-1,0,0,Hardware: Legacy Flip,11732.6349,NA,3.90070000000000,4.15160000000000,0.00000000000000,0.01740000000000,3.3633,11728.7342,3.9007,3.9007,0.0000,0.1380,3.7801,0.1682,3.6119,0.6784,11728.7342,NA,NA,NA
dwm.exe,2752,0x0,Other,-1,0,0,Hardware: Legacy Flip,11736.4832,NA,3.84830000000000,4.16170000000000,0.00000000000000,0.02830000000000,3.6767,11732.6349,3.8483,3.8483,0.0000,0.0174,3.8592,0.1760,3.6832,-0.2610,11732.6349,NA,NA,NA
dwm.exe,2752,0x0,Other,-1,0,0,Hardware: Legacy Flip,11740.9828,NA,4.49960000000000,4.18010000000000,0.00000000000000,0.01780000000000,3.3572,11736.4832,4.4996,4.4996,0.0000,0.0283,4.4891,0.2604,4.2287,-0.3318,11736.4832,NA,NA,NA
dwm.exe,2752,0x0,Other,-1,0,0,Hardware: Legacy Flip,11745.0268,NA,4.04400000000000,4.17120000000000,0.00000000000000,0.01550000000000,3.4844,11740.9828,4.0440,4.0440,0.0000,0.0178,4.0417,0.2605,3.7812,0.3284,11740.9828,NA,NA,NA
dwm.exe,2752,0x0,Other,-1,0,0,Hardware: Legacy Flip,11749.1698,NA,4.14300000000000,4.15130000000000,0.00000000000000,1.57400000000000,3.4927,11745.0268,4.1430,4.1430,0.0000,0.0155,5.7015,1.7415,3.9600,-0.1073,11745.0268,NA,NA,NA
dwm.exe,2752,0x0,Other,-1,0,0,Hardware: Legacy Flip,11753.6763,NA,4.50650000000000,4.18540000000000,0.00000000000000,0.17030000000000,3.1716,11749.1698,4.5065,4.5065,0.0000,1.5740,3.1028,0.3391,2.7637,-0.0424,11749.1698,NA,NA,NA
dwm.exe,2752,0x0,Other,-1,0,0,Hardware: Legacy Flip,11757.4367,NA,3.76040000000000,4.16060000000000,0.00000000000000,0.15610000000000,3.5718,11753.6763,3.7604,3.7604,0.0000,0.1703,3.7462,0.3319,3.4143,0.3459,11753.6763,NA,NA,NA
dwm.exe,2752,0x0,Other,-1,0,0,Hardware: Legacy Flip,11761.5867,NA,4.15000000000000,4.15160000000000,0.00000000000000,0.16520000000000,3.5734,11757.4367,4.1500,4.1500,0.0000,0.1561,4.1591,0.3463,3.8128,-0.3912,11757.4367,NA,NA,NA
dwm.exe,2752,0x0,Other,-1,0,0,Hardware: Legacy Flip,11765.7905,NA,4.20380000000000,4.19100000000000,0.00000000000000,0.03330000000000,3.5606,11761.5867,4.2038,4.2038,0.0000,0.1652,4.0719,0.2310,3.8409,-0.0410,11761.5867,NA,NA,NA
dwm.exe,2752,0x0,Other,-1,0,0,Hardware: Legacy Flip,11769.9845,NA,4.19400000000000,4.15670000000000,0.00000000000000,0.01590000000000,3.5233,11765.7905,4.1940,4.1940,0.0000,0.0333,4.1766,0.2024,3.9742,0.0471,11765.7905,NA,NA,NA
dwm.exe,2752,0x0,Other,-1,0,0,Hardware: Legacy Flip,11774.0974,NA,4.11290000000000,4.16580000000000,0.00000000000000,0.02960000000000,3.5762,11769.9845,4.1129,4.1129,0.0000,0.0159,4.1266,0.2070,3.9196,0.0282,11769.9845,NA,NA,NA
dwm.exe,2752,0x0,Other,-1,0,0,Hardware: Legacy Flip,11778.2706,NA,4.17320000000000,4.15810000000000,0.00000000000000,0.03760000000000,3.5611,11774.0974,4.1732,4.1732,0.0000,0.0296,4.1812,0.2144,3.9668,-0.0452,11774.0974,NA,NA,NA
dwm.exe,2752,0x0,Other,-1,0,0,Hardware: Legacy Flip,11782.3561,NA,4.08550000000000,4.15950000000000,0.00000000000000,0.05690000000000,3.6351,11778.2706,4.0855,4.0855,0.0000,0.0376,4.1048,0.2248,3.8800,0.0137,11778.2706,NA,NA,NA
dwm.exe,2752,0x0,Other,-1,0,0,Hardware: Legacy Flip,11786.5263,NA,4.17020000000000,4.16540000000000,0.00000000000000,0.03240000000000,3.6303,11782.3561,4.1702,4.1702,0.0000,0.0569,4.1457,0.2004,3.9453,-0.0799,11782.3561,NA,NA,NA
dwm.exe,2752,0x0,Other,-1,0,0,Hardware: Legacy Flip,11790.6136,NA,4.08730000000000,4.18240000000000,0.00000000000000,0.05410000000000,3.7254,11786.5263,4.0873,4.0873,0.0000,0.0324,4.1090,0.2121,3.8969,-0.0122,11786.5263,NA,NA,NA
dwm.exe,2752,0x0,Other,-1,0,0,Hardware: Legacy Flip,11795.0677,NA,4.45410000000000,4.15930000000000,0.00000000000000,0.02370000000000,3.4306,11790.6136,4.4541,4.4541,0.0000,0.0541,4.4237,0.2259,4.1978,-0.0720,11790.6136,NA,NA,NA
dwm.exe,2752,0x0,Other,-1,0,0,Hardware: Legacy Flip,11799.0316,NA,3.96390000000000,4.17250000000000,0.00000000000000,0.04130000000000,3.6392,11795.0677,3.9639,3.9639,0.0000,0.0237,3.9815,0.2046,3.7769,0.2816,11795.0677,NA,NA,NA
dwm.exe,2752,0x0,Other,-1,0,0,Hardware: Legacy Flip,11803.5021,NA,4.47050000000000,4.17040000000000,0.00000000000000,0.01940000000000,3.3391,11799.0316,4.4705,4.4705,0.0000,0.0413,4.4486,0.2567,4.1919,-0.2065,11799.0316,NA,NA,NA
dwm.exe,2752,0x0,Other,-1,0,0,Hardware: Legacy Flip,11807.5652,NA,4.06310000000000,4.15700000000000,0.00000000000000,0.01670000000000,3.4330,11803.5021,4.0631,4.0631,0.0000,0.0194,4.0604,0.1658,3.8946,0.3135,11803.5021,NA,NA,NA
dwm.exe,2752,0x0,Other,-1,0,0,Hardware: Legacy Flip,11811.5625,NA,3.99730000000000,4.16780000000000,0.00000000000000,0.03290000000000,3.6035,11807.5652,3.9973,3.9973,0.0000,0.0167,4.0135,0.2632,3.7503,-0.1047,11807.5652,NA,NA,NA
dwm.exe,2752,0x0,Other,-1,0,0,Hardware: Legacy Flip,11815.9499,NA,4.38740000000000,4.17430000000000,0.00000000000000,0.01790000000000,3.3904,11811.5625,4.3874,4.3874,0.0000,0.0329,4.3724,0.2442,4.1282,-0.1770,11811.5625,NA,NA,NA
dwm.exe,2752,0x0,Other,-1,0,0,Hardware: Legacy Flip,11820.0418,NA,4.09190000000000,4.16190000000000,0.00000000000000,0.01870000000000,3.4604,11815.9499,4.0919,4.0919,0.0000,0.0179,4.0927,0.1966,3.8961,0.2255,11815.9499,NA,NA,NA
dwm.exe,2752,0x0,Other,-1,0,0,Hardware: Legacy Flip,11824.1870,NA,4.14520000000000,4.16810000000000,0.00000000000000,0.02120000000000,3.4833,11820.0418,4.1452,4.1452,0.0000,0.0187,4.1477,0.2135,3.9342,-0.0762,11820.0418,NA,NA,NA
dwm.exe,2752,0x0,Other,-1,0,0,Hardware: Legacy Flip,11828.3786,NA,4.19160000000000,4.15550000000000,0.00000000000000,0.03070000000000,3.4472,11824.1870,4.1916,4.1916,0.0000,0.0212,4.2011,0.2215,3.9796,-0.0103,11824.1870,NA,NA,NA
dwm.exe,2752,0x0,Other,-1,0,0,Hardware: Legacy Flip,11832.7885,NA,4.40990000000000,4.17970000000000,0.00000000000000,0.01730000000000,3.2170,11828.3786,4.4099,4.4099,0.0000,0.0307,4.3965,0.2413,4.1552,0.0119,11828.3786,NA,NA,NA
dwm.exe,2752,0x0,Other,-1,0,0,Hardware: Legacy Flip,11836.5570,NA,3.76850000000000,4.16390000000000,0.00000000000000,0.07890000000000,3.6124,11832.7885,3.7685,3.7685,0.0000,0.0173,3.8301,0.1970,3.6331,0.2460,11832.7885,NA,NA,NA
dwm.exe,2752,0x0,Other,-1,0,0,Hardware: Legacy Flip,11841.0660,NA,4.50900000000000,4.15750000000000,0.00000000000000,0.17020000000000,3.2609,11836.5570,4.5090,4.5090,0.0000,0.0789,4.6003,0.3155,4.2848,-0.3890,11836.5570,NA,NA,NA
dwm.exe,2752,0x0,Other,-1,0,0,Hardware: Legacy Flip,11844.8612,NA,3.79520000000000,4.17930000000000,0.00000000000000,0.08840000000000,3.6450,11841.0660,3.7952,3.7952,0.0000,0.1702,3.7134,0.3282,3.3852,0.3297,11841.0660,NA,NA,NA
dwm.exe,2752,0x0,Other,-1,0,0,Hardware: Legacy Flip,11849.0641,NA,4.20290000000000,4.16470000000000,0.00000000000000,0.19290000000000,3.6068,11844.8612,4.2029,4.2029,0.0000,0.0884,4.3074,0.3953,3.9121,-0.3695,11844.8612,NA,NA,NA
dwm.exe,2752,0x0,Other,-1,0,0,Hardware: Legacy Flip,11853.2715,NA,4.20740000000000,4.16250000000000,0.00000000000000,0.06190000000000,3.5619,11849.0641,4.2074,4.2074,0.0000,0.1929,4.0764,0.2118,3.8646,0.0404,11849.0641,NA,NA,NA
dwm.exe,2752,0x0,Other,-1,0,0,Hardware: Legacy Flip,11857.5477,NA,4.27620000000000,4.17710000000000,0.00000000000000,0.01790000000000,3.4628,11853.2715,4.2762,4.2762,0.0000,0.0619,4.2322,0.2184,4.0138,0.0303,11853.2715,NA,NA,NA
dwm.exe,2752,0x0,Other,-1,0,0,Hardware: Legacy Flip,11861.6340,NA,4.08630000000000,4.15900000000000,0.00000000000000,0.02430000000000,3.5355,11857.5477,4.0863,4.0863,0.0000,0.0179,4.0927,0.1948,3.8979,0.1172,11857.5477,NA,NA,NA
dwm.exe,2752,0x0,Other,-1,0,0,Hardware: Legacy Flip,11865.7406,NA,4.10660000000000,4.16660000000000,0.00000000000000,0.02310000000000,3.5955,11861.6340,4.1066,4.1066,0.0000,0.0243,4.1054,0.2056,3.8998,-0.0803,11861.6340,NA,NA,NA
dwm.exe,2752,0x0,Other,-1,0,0,Hardware: Legacy Flip,11870.2130,NA,4.47240000000000,4.16780000000000,0.00000000000000,0.01820000000000,3.2909,11865.7406,4.4724,4.4724,0.0000,0.0231,4.4675,0.2529,4.2146,-0.0612,11865.7406,NA,NA,NA
dwm.exe,2752,0x0,Other,-1,0,0,Hardware: Legacy Flip,11874.2275,NA,4.01450000000000,4.16330000000000,0.00000000000000,0.01720000000000,3.4397,11870.2130,4.0145,4.0145,0.0000,0.0182,4.0135,0.1741,3.8394,0.3091,11870.2130,NA,NA,NA
dwm.exe,2752,0x0,Other,-1,0,0,Hardware: Legacy Flip,11878.3238,NA,4.09630000000000,4.16690000000000,0.00000000000000,0.03510000000000,3.5103,11874.2275,4.0963,4.0963,0.0000,0.0172,4.1142,0.3090,3.8052,-0.1524,11874.2275,NA,NA,NA
dwm.exe,2752,0x0,Other,-1,0,0,Hardware: Legacy Flip,11882.4623,NA,4.13850000000000,4.16940000000000,0.00000000000000,0.02570000000000,3.5412,11878.3238,4.1385,4.1385,0.0000,0.0351,4.1291,0.1974,3.9317,-0.0731,11878.3238,NA,NA,NA
dwm.exe,2752,0x0,Other,-1,0,0,Hardware: Legacy Flip,11886.5674,NA,4.10510000000000,4.17390000000000,0.00000000000000,0.05250000000000,3.6100,11882.4623,4.1051,4.1051,0.0000,0.0257,4.1319,0.2247,3.9072,-0.0354,11882.4623,NA,NA,NA
dwm.exe,2752,0x0,Other,-1,0,0,Hardware: Legacy Flip,11890.7227,NA,4.15530000000000,4.15680000000000,0.00000000000000,0.05640000000000,3.6115,11886.5674,4.1553,4.1553,0.0000,0.0525,4.1592,0.2037,3.9555,-0.0517,11886.5674,NA,NA,NA
dwm.exe,2752,0x0,Other,-1,0,0,Hardware: Legacy Flip,11895.1376,NA,4.41490000000000,4.16750000000000,0.00000000000000,0.16950000000000,3.3641,11890.7227,4.4149,4.4149,0.0000,0.0564,4.5280,0.3910,4.1370,-0.0122,11890.7227,NA,NA,NA
dwm.exe,2752,0x0,Other,-1,0,0,Hardware: Legacy Flip,11899.0689,NA,3.93130000000000,4.17090000000000,0.00000000000000,0.08810000000000,3.6037,11895.1376,3.9313,3.9313,0.0000,0.1695,3.8499,0.2309,3.6190,0.2440,11895.1376,NA,NA,NA
dwm.exe,2752,0x0,Other,-1,0,0,Hardware: Legacy Flip,11903.3031,NA,4.23420000000000,4.16910000000000,0.00000000000000,0.05430000000000,3.5386,11899.0689,4.2342,4.2342,0.0000,0.0881,4.2004,0.2303,3.9701,-0.2378,11899.0689,NA,NA,NA
dwm.exe,2752,0x0,Other,-1,0,0,Hardware: Legacy Flip,11907.4724,NA,4.16930000000000,4.15820000000000,0.00000000000000,0.05140000000000,3.5275,11903.3031,4.1693,4.1693,0.0000,0.0543,4.1664,0.2277,3.9387,0.0760,11903.3031,NA,NA,NA
dwm.exe,2752,0x0,Other,-1,0,0,Hardware: Legacy Flip,11911.5758,NA,4.10340000000000,4.17050000000000,0.00000000000000,0.03310000000000,3.5946,11907.4724,4.1034,4.1034,0.0000,0.0514,4.0851,0.2036,3.8815,-0.0012,11907.4724,NA,NA,NA
dwm.exe,2752,0x0,Other,-1,0,0,Hardware: Legacy Flip,11915.9102,NA,4.33440000000000,4.16270000000000,0.00000000000000,0.04760000000000,3.4229,11911.5758,4.3344,4.3344,0.0000,0.0331,4.3489,0.2318,4.1171,-0.0593,11911.5758,NA,NA,NA
dwm.exe,2752,0x0,Other,-1,0,0,Hardware: Legacy Flip,11919.9375,NA,4.02730000000000,4.16360000000000,0.00000000000000,0.03150000000000,3.5592,11915.9102,4.0273,4.0273,0.0000,0.0476,4.0112,0.2064,3.8048,0.1708,11915.9102,NA,NA,NA
dwm.exe,2752,0x0,Other,-1,0,0,Hardware: Legacy Flip,11924.0762,NA,4.13870000000000,4.18580000000000,0.00000000000000,0.02630000000000,3.6063,11919.9375,4.1387,4.1387,0.0000,0.0315,4.1335,0.2202,3.9133,-0.1585,11919.9375,NA,NA,NA
dwm.exe,2752,0x0,Other,-1,0,0,Hardware: Legacy Flip,11928.2927,NA,4.21650000000000,4.15220000000000,0.00000000000000,0.01580000000000,3.5420,11924.0762,4.2165,4.2165,0.0000,0.0263,4.2060,0.2641,3.9419,-0.0135,11924.0762,NA,NA,NA
dwm.exe,2752,0x0,Other,-1,0,0,Hardware: Legacy Flip,11932.3911,NA,4.09840000000000,4.15750000000000,0.00000000000000,0.04120000000000,3.6011,11928.2927,4.0984,4.0984,0.0000,0.0158,4.1238,0.1717,3.9521,0.0590,11928.2927,NA,NA,NA
dwm.exe,2752,0x0,Other,-1,0,0,Hardware: Legacy Flip,11936.5260,NA,4.13490000000000,4.17860000000000,0.00000000000000,0.04890000000000,3.6448,11932.3911,4.1349,4.1349,0.0000,0.0412,4.1426,0.2270,3.9156,-0.0802,11932.3911,NA,NA,NA
dwm.exe,2752,0x0,Other,-1,0,0,Hardware: Legacy Flip,11940.8085,NA,4.28250000000000,4.17100000000000,0.00000000000000,0.02350000000000,3.5333,11936.5260,4.2825,4.2825,0.0000,0.0489,4.2571,0.2294,4.0277,-0.0361,11936.5260,NA,NA,NA
dwm.exe,2752,0x0,Other,-1,0,0,Hardware: Legacy Flip,11945.0211,NA,4.21260000000000,4.16480000000000,0.00000000000000,0.02390000000000,3.4855,11940.8085,4.2126,4.2126,0.0000,0.0235,4.2130,0.2780,3.9350,0.1177,11940.8085,NA,NA,NA
dwm.exe,2752,0x0,Other,-1,0,0,Hardware: Legacy Flip,11949.1934,NA,4.17230000000000,4.17280000000000,0.00000000000000,0.03200000000000,3.4860,11945.0211,4.1723,4.1723,0.0000,0.0239,4.1804,0.2143,3.9661,0.0398,11945.0211,NA,NA,NA
dwm.exe,2752,0x0,Other,-1,0,0,Hardware: Legacy Flip,11953.6442,NA,4.45080000000000,4.15960000000000,0.00000000000000,0.11450000000000,3.1948,11949.1934,4.4508,4.4508,0.0000,0.0320,4.5333,0.4073,4.1260,0.0127,11949.1934,NA,NA,NA
dwm.exe,2752,0x0,Other,-1,0,0,Hardware: Legacy Flip,11957.6444,NA,4.00020000000000,4.16590000000000,0.00000000000000,0.13260000000000,3.3605,11953.6442,4.0002,4.0002,0.0000,0.1145,4.0183,0.3562,3.6621,0.2849,11953.6442,NA,NA,NA
dwm.exe,2752,0x0,Other,-1,0,0,Hardware: Legacy Flip,11961.7594,NA,4.11500000000000,4.14490000000000,0.00000000000000,0.19810000000000,3.3904,11957.6444,4.1150,4.1150,0.0000,0.1326,4.1805,0.3803,3.8002,-0.1447,11957.6444,NA,NA,NA
dwm.exe,2752,0x0,Other,-1,0,0,Hardware: Legacy Flip,11965.6710,NA,3.91160000000000,4.19170000000000,0.00000000000000,0.07130000000000,3.6705,11961.7594,3.9116,3.9116,0.0000,0.1981,3.7848,0.2240,3.5608,-0.0767,11961.7594,NA,NA,NA
dwm.exe,2752,0x0,Other,-1,0,0,Hardware: Legacy Flip,11978.4760,NA,12.80500000000000,12.49980000000000,0.00000000000000,0.02070000000000,3.3653,11965.6710,12.8050,12.8050,0.0000,0.0713,12.7544,0.2397,12.5147,-8.5882,11965.6710,NA,NA,NA
dwm.exe,2752,0x0,Other,-1,0,0,Hardware: Legacy Flip,12020.0930,NA,41.61700000000000,41.65810000000000,0.00000000000000,0.01780000000000,3.4064,11978.4760,41.6170,41.6170,0.0000,0.0207,41.6141,0.2482,41.3659,-28.8531,11978.4760,NA,NA,NA
dwm.exe,2752,0x0,Other,-1,0,0,Hardware: Legacy Flip,12024.0177,NA,3.92470000000000,4.17030000000000,0.00000000000000,0.05630000000000,3.6520,12020.0930,3.9247,3.9247,0.0000,0.0178,3.9632,0.1900,3.7732,37.4467,12020.0930,NA,NA,NA
dwm.exe,2752,0x0,Other,-1,0,0,Hardware: Legacy Flip,12029.1855,NA,5.16780000000000,4.17880000000000,0.00000000000000,0.01970000000000,2.6630,12024.0177,5.1678,5.1678,0.0000,0.0563,5.1312,0.2884,4.8428,-0.2541,12024.0177,NA,NA,NA
dwm.exe,2752,0x0,Other,-1,0,0,Hardware: Legacy Flip,12062.1147,NA,32.92920000000000,33.32620000000000,0.00000000000000,0.15970000000000,3.0600,12029.1855,32.9292,32.9292,0.0000,0.0197,33.0692,0.3209,32.7483,-28.1584,12029.1855,NA,NA,NA
dwm.exe,2752,0x0,Other,-1,0,0,Hardware: Legacy Flip,12066.0868,NA,3.97210000000000,4.16200000000000,0.00000000000000,0.65330000000000,3.2499,12062.1147,3.9721,3.9721,0.0000,0.1597,4.4657,0.8568,3.6089,28.7672,12062.1147,NA,NA,NA
dwm.exe,2752,0x0,Other,-1,0,0,Hardware: Legacy Flip,12070.2839,NA,4.19710000000000,4.16660000000000,0.00000000000000,0.68740000000000,3.2194,12066.0868,4.1971,4.1971,0.0000,0.6533,4.2312,0.8794,3.3518,-0.1945,12066.0868,NA,NA,NA
dwm.exe,2752,0x0,Other,-1,0,0,Hardware: Legacy Flip,12074.1448,NA,3.86090000000000,4.17360000000000,0.00000000000000,0.69570000000000,3.5321,12070.2839,3.8609,3.8609,0.0000,0.6874,3.8692,0.8400,3.0292,0.0235,12070.2839,NA,NA,NA
dwm.exe,2752,0x0,Other,-1,0,0,Hardware: Legacy Flip,12078.3287,NA,4.18390000000000,4.16750000000000,0.00000000000000,0.69440000000000,3.5157,12074.1448,4.1839,4.1839,0.0000,0.6957,4.1826,0.8579,3.3247,-0.3066,12074.1448,NA,NA,NA
dwm.exe,2752,0x0,Other,-1,0,0,Hardware: Legacy Flip,12082.8074,NA,4.47870000000000,4.16600000000000,0.00000000000000,0.61860000000000,3.2030,12078.3287,4.4787,4.4787,0.0000,0.6944,4.4029,0.8578,3.5451,0.0179,12078.3287,NA,NA,NA
dwm.exe,2752,0x0,Other,-1,0,0,Hardware: Legacy Flip,12087.0795,NA,4.27210000000000,4.15430000000000,0.00000000000000,1.25930000000000,3.0852,12082.8074,4.2721,4.2721,0.0000,0.6186,4.9128,1.4646,3.4482,0.3244,12082.8074,NA,NA,NA
dwm.exe,2752,0x0,Other,-1,0,0,Hardware: Legacy Flip,12091.1200,NA,4.04050000000000,4.19280000000000,0.00000000000000,0.63810000000000,3.2375,12087.0795,4.0405,4.0405,0.0000,1.2593,3.4193,0.8629,2.5564,0.0793,12087.0795,NA,NA,NA
dwm.exe,2752,0x0,Other,-1,0,0,Hardware: Legacy Flip,12095.2983,NA,4.17830000000000,4.15220000000000,0.00000000000000,0.65270000000000,3.2114,12091.1200,4.1783,4.1783,0.0000,0.6381,4.1929,0.8510,3.3419,-0.1117,12091.1200,NA,NA,NA
dwm.exe,2752,0x0,Other,-1,0,0,Hardware: Legacy Flip,12099.5330,NA,4.23470000000000,4.14200000000000,0.00000000000000,0.64710000000000,3.1187,12095.2983,4.2347,4.2347,0.0000,0.6527,4.2291,0.8561,3.3730,0.0363,12095.2983,NA,NA,NA
dwm.exe,2752,0x0,Other,-1,0,0,Hardware: Legacy Flip,12103.5462,NA,4.01320000000000,4.19310000000000,0.00000000000000,0.65340000000000,3.2986,12099.5330,4.0132,4.0132,0.0000,0.6471,4.0195,0.8471,3.1724,0.0416,12099.5330,NA,NA,NA
dwm.exe,2752,0x0,Other,-1,0,0,Hardware: Legacy Flip,12107.9719,NA,4.42570000000000,4.15370000000000,0.00000000000000,0.62500000000000,3.0266,12103.5462,4.4257,4.4257,0.0000,0.6534,4.3973,0.8673,3.5300,-0.1405,12103.5462,NA,NA,NA
dwm.exe,2752,0x0,Other,-1,0,0,Hardware: Legacy Flip,12112.0911,NA,4.11920000000000,4.19360000000000,0.00000000000000,0.63270000000000,3.1010,12107.9719,4.1192,4.1192,0.0000,0.6250,4.1269,0.8485,3.2784,0.2321,12107.9719,NA,NA,NA
dwm.exe,2752,0x0,Other,-1,0,0,Hardware: Legacy Flip,12116.3799,NA,4.28880000000000,4.15830000000000,0.00000000000000,0.58830000000000,2.9705,12112.0911,4.2888,4.2888,0.0000,0.6327,4.2444,0.8478,3.3966,-0.0391,12112.0911,NA,NA,NA
dwm.exe,2752,0x0,Other,-1,0,0,Hardware: Legacy Flip,12120.3657,NA,3.98580000000000,4.16910000000000,0.00000000000000,0.64990000000000,3.1538,12116.3799,3.9858,3.9858,0.0000,0.5883,4.0474,0.8485,3.1989,0.1197,12116.3799,NA,NA,NA
dwm.exe,2752,0x0,Other,-1,0,0,Hardware: Legacy Flip,12124.6695,NA,4.30380000000000,4.16050000000000,0.00000000000000,1.04840000000000,3.0105,12120.3657,4.3038,4.3038,0.0000,0.6499,4.7023,1.2724,3.4299,-0.1747,12120.3657,NA,NA,NA
dwm.exe,2752,0x0,Other,-1,0,0,Hardware: Legacy Flip,12128.6819,NA,4.01240000000000,4.15090000000000,0.00000000000000,0.63360000000000,3.1490,12124.6695,4.0124,4.0124,0.0000,1.0484,3.5976,0.8459,2.7517,0.1529,12124.6695,NA,NA,NA
dwm.exe,2752,0x0,Other,-1,0,0,Hardware: Legacy Flip,12132.7461,NA,4.06420000000000,4.17590000000000,0.00000000000000,0.64490000000000,3.2607,12128.6819,4.0642,4.0642,0.0000,0.6336,4.0755,0.8448,3.2307,-0.1635,12128.6819,NA,NA,NA
dwm.exe,2752,0x0,Other,-1,0,0,Hardware: Legacy Flip,12136.8311,NA,4.08500000000000,4.17880000000000,0.00000000000000,0.66110000000000,3.3545,12132.7461,4.0850,4.0850,0.0000,0.6449,4.1012,0.8376,3.2636,-0.1146,12132.7461,NA,NA,NA
dwm.exe,2752,0x0,Other,-1,0,0,Hardware: Legacy Flip,12140.9050,NA,4.07390000000000,4.14360000000000,0.00000000000000,0.68450000000000,3.4242,12136.8311,4.0739,4.0739,0.0000,0.6611,4.0973,0.8402,3.2571,-0.0586,12136.8311,NA,NA,NA
dwm.exe,2752,0x0,Other,-1,0,0,Hardware: Legacy Flip,12145.4558,NA,4.55080000000000,4.17590000000000,0.00000000000000,0.61120000000000,3.0493,12140.9050,4.5508,4.5508,0.0000,0.6845,4.4775,0.8572,3.6203,-0.1020,12140.9050,NA,NA,NA
dwm.exe,2752,0x0,Other,-1,0,0,Hardware: Legacy Flip,12149.5095,NA,4.05370000000000,4.17680000000000,0.00000000000000,0.63120000000000,3.1724,12145.4558,4.0537,4.0537,0.0000,0.6112,4.0737,0.8377,3.2360,0.3740,12145.4558,NA,NA,NA
dwm.exe,2752,0x0,Other,-1,0,0,Hardware: Legacy Flip,12153.8418,NA,4.33230000000000,4.16260000000000,0.00000000000000,0.65990000000000,3.0027,12149.5095,4.3323,4.3323,0.0000,0.6312,4.3610,0.8814,3.4796,-0.1089,12149.5095,NA,NA,NA
dwm.exe,2752,0x0,Other,-1,0,0,Hardware: Legacy Flip,12158.0140,NA,4.17220000000000,4.13960000000000,0.00000000000000,0.62070000000000,2.9701,12153.8418,4.1722,4.1722,0.0000,0.6599,4.1330,0.8294,3.3036,0.1927,12153.8418,NA,NA,NA
dwm.exe,2752,0x0,Other,-1,0,0,Hardware: Legacy Flip,12162.1003,NA,4.08630000000000,4.19370000000000,0.00000000000000,0.63380000000000,3.0775,12158.0140,4.0863,4.0863,0.0000,0.6207,4.0994,0.8503,3.2491,-0.0215,12158.0140,NA,NA,NA
dwm.exe,2752,0x0,Other,-1,0,0,Hardware: Legacy Flip,12166.3376,NA,4.23730000000000,4.15470000000000,0.00000000000000,0.61780000000000,2.9949,12162.1003,4.2373,4.2373,0.0000,0.6338,4.2213,0.8423,3.3790,-0.0684,12162.1003,NA,NA,NA
dwm.exe,2752,0x0,Other,-1,0,0,Hardware: Legacy Flip,12170.3961,NA,4.05850000000000,4.17430000000000,0.00000000000000,0.64720000000000,3.1107,12166.3376,4.0585,4.0585,0.0000,0.6178,4.0879,0.8565,3.2314,0.0630,12166.3376,NA,NA,NA
dwm.exe,2752,0x0,Other,-1,0,0,Hardware: Legacy Flip,12174.4436,NA,4.04750000000000,4.15910000000000,0.00000000000000,0.64770000000000,3.2223,12170.3961,4.0475,4.0475,0.0000,0.6472,4.0480,0.8432,3.2048,-0.1006,12170.3961,NA,NA,NA
dwm.exe,2752,0x0,Other,-1,0,0,Hardware: Legacy Flip,12178.5602,NA,4.11660000000000,4.16540000000000,0.00000000000000,0.64140000000000,3.2711,12174.4436,4.1166,4.1166,0.0000,0.6477,4.1103,0.8311,3.2792,-0.1179,12174.4436,NA,NA,NA
dwm.exe,2752,0x0,Other,-1,0,0,Hardware: Legacy Flip,12182.7274,NA,4.16720000000000,4.18010000000000,0.00000000000000,0.64180000000000,3.2840,12178.5602,4.1672,4.1672,0.0000,0.6414,4.1676,0.8445,3.3231,-0.0635,12178.5602,NA,NA,NA
dwm.exe,2752,0x0,Other,-1,0,0,Hardware: Legacy Flip,12186.8191,NA,4.09170000000000,4.16750000000000,0.00000000000000,0.66710000000000,3.3598,12182.7274,4.0917,4.0917,0.0000,0.6418,4.1170,0.8517,3.2653,-0.0003,12182.7274,NA,NA,NA
dwm.exe,2752,0x0,Other,-1,0,0,Hardware: Legacy Flip,12191.1171,NA,4.29800000000000,4.16900000000000,0.00000000000000,0.67240000000000,3.2308,12186.8191,4.2980,4.2980,0.0000,0.6671,4.3033,0.8705,3.4328,-0.0773,12186.8191,NA,NA,NA
dwm.exe,2752,0x0,Other,-1,0,0,Hardware: Legacy Flip,12195.1489,NA,4.03180000000000,4.15500000000000,0.00000000000000,0.67960000000000,3.3540,12191.1171,4.0318,4.0318,0.0000,0.6724,4.0390,0.8416,3.1974,0.1430,12191.1171,NA,NA,NA
dwm.exe,2752,0x0,Other,-1,0,0,Hardware: Legacy Flip,12199.1477,NA,3.99880000000000,4.16110000000000,0.00000000000000,0.69680000000000,3.5163,12195.1489,3.9988,3.9988,0.0000,0.6796,4.0160,0.8611,3.1549,-0.1293,12195.1489,NA,NA,NA
dwm.exe,2752,0x0,Other,-1,0,0,Hardware: Legacy Flip,12203.2651,NA,4.11740000000000,4.17010000000000,0.00000000000000,0.68720000000000,3.5690,12199.1477,4.1174,4.1174,0.0000,0.6968,4.1078,0.8467,3.2611,-0.1713,12199.1477,NA,NA,NA
dwm.exe,2752,0x0,Other,-1,0,0,Hardware: Legacy Flip,12207.4087,NA,4.14360000000000,4.16370000000000,0.00000000000000,0.67180000000000,3.5891,12203.2651,4.1436,4.1436,0.0000,0.6872,4.1282,0.8467,3.2815,-0.0463,12203.2651,NA,NA,NA
dwm.exe,2752,0x0,Other,-1,0,0,Hardware: Legacy Flip,12211.5598,NA,4.15110000000000,4.15410000000000,0.00000000000000,0.69180000000000,3.5921,12207.4087,4.1511,4.1511,0.0000,0.6718,4.1711,0.8484,3.3227,-0.0105,12207.4087,NA,NA,NA
dwm.exe,2752,0x0,Other,-1,0,0,Hardware: Legacy Flip,12215.6976,NA,4.13780000000000,4.19910000000000,0.00000000000000,0.70380000000000,3.6534,12211.5598,4.1378,4.1378,0.0000,0.6918,4.1498,0.8631,3.2867,-0.0480,12211.5598,NA,NA,NA
dwm.exe,2752,0x0,Other,-1,0,0,Hardware: Legacy Flip,12220.5173,NA,4.81970000000000,4.15800000000000,0.00000000000000,0.60760000000000,2.9917,12215.6976,4.8197,4.8197,0.0000,0.7038,4.7235,0.8511,3.8724,-0.0202,12215.6976,NA,NA,NA
dwm.exe,2752,0x0,Other,-1,0,0,Hardware: Legacy Flip,12224.4076,NA,3.89030000000000,4.15590000000000,0.00000000000000,0.65650000000000,3.2573,12220.5173,3.8903,3.8903,0.0000,0.6076,3.9392,0.8452,3.0940,0.6638,12220.5173,NA,NA,NA
dwm.exe,2752,0x0,Other,-1,0,0,Hardware: Legacy Flip,12228.5609,NA,4.15330000000000,4.18280000000000,0.00000000000000,0.65210000000000,3.2868,12224.4076,4.1533,4.1533,0.0000,0.6565,4.1489,0.8499,3.2990,-0.2925,12224.4076,NA,NA,NA
dwm.exe,2752,0x0,Other,-1,0,0,Hardware: Legacy Flip,12232.6312,NA,4.07030000000000,4.15130000000000,0.00000000000000,0.66760000000000,3.3678,12228.5609,4.0703,4.0703,0.0000,0.6521,4.0858,0.8420,3.2438,0.0020,12228.5609,NA,NA,NA
dwm.exe,2752,0x0,Other,-1,0,0,Hardware: Legacy Flip,12236.8259,NA,4.19470000000000,4.16580000000000,0.00000000000000,0.66500000000000,3.3389,12232.6312,4.1947,4.1947,0.0000,0.6676,4.1921,0.8371,3.3550,-0.0955,12232.6312,NA,NA,NA
dwm.exe,2752,0x0,Other,-1,0,0,Hardware: Legacy Flip,12241.2078,NA,4.38190000000000,4.17580000000000,0.00000000000000,0.63880000000000,3.1328,12236.8259,4.3819,4.3819,0.0000,0.6650,4.3557,0.8469,3.5088,0.0189,12236.8259,NA,NA,NA
dwm.exe,2752,0x0,Other,-1,0,0,Hardware: Legacy Flip,12245.1192,NA,3.91140000000000,4.15020000000000,0.00000000000000,0.66370000000000,3.3716,12241.2078,3.9114,3.9114,0.0000,0.6388,3.9363,0.8423,3.0940,0.2317,12241.2078,NA,NA,NA
dwm.exe,2752,0x0,Other,-1,0,0,Hardware: Legacy Flip,12249.2028,NA,4.08360000000000,4.17800000000000,0.00000000000000,0.69250000000000,3.4660,12245.1192,4.0836,4.0836,0.0000,0.6637,4.1124,0.8477,3.2647,-0.2666,12245.1192,NA,NA,NA
dwm.exe,2752,0x0,Other,-1,0,0,Hardware: Legacy Flip,12253.6172,NA,4.41440000000000,4.16480000000000,0.00000000000000,0.64550000000000,3.2164,12249.2028,4.4144,4.4144,0.0000,0.6925,4.3674,0.8598,3.5076,-0.0812,12249.2028,NA,NA,NA
dwm.exe,2752,0x0,Other,-1,0,0,Hardware: Legacy Flip,12257.4310,NA,3.81380000000000,4.17590000000000,0.00000000000000,0.69830000000000,3.5785,12253.6172,3.8138,3.8138,0.0000,0.6455,3.8666,0.8457,3.0209,0.2385,12253.6172,NA,NA,NA
dwm.exe,2752,0x0,Other,-1,0,0,Hardware: Legacy Flip,12261.7335,NA,4.30250000000000,4.16530000000000,0.00000000000000,0.68870000000000,3.4413,12257.4310,4.3025,4.3025,0.0000,0.6983,4.2929,0.8480,3.4449,-0.3515,12257.4310,NA,NA,NA
dwm.exe,2752,0x0,Other,-1,0,0,Hardware: Legacy Flip,12266.2304,NA,4.49690000000000,4.16660000000000,0.00000000000000,0.62410000000000,3.1110,12261.7335,4.4969,4.4969,0.0000,0.6887,4.4323,0.8542,3.5781,0.1359,12261.7335,NA,NA,NA
dwm.exe,2752,0x0,Other,-1,0,0,Hardware: Legacy Flip,12270.1784,NA,3.94800000000000,4.16740000000000,0.00000000000000,0.65040000000000,3.3304,12266.2304,3.9480,3.9480,0.0000,0.6241,3.9743,0.8530,3.1213,0.3295,12266.2304,NA,NA,NA
dwm.exe,2752,0x0,Other,-1,0,0,Hardware: Legacy Flip,12274.3547,NA,4.17630000000000,4.15280000000000,0.00000000000000,0.66220000000000,3.3069,12270.1784,4.1763,4.1763,0.0000,0.6504,4.1881,0.8406,3.3475,-0.2048,12270.1784,NA,NA,NA
dwm.exe,2752,0x0,Other,-1,0,0,Hardware: Legacy Flip,12278.4242,NA,4.06950000000000,4.17900000000000,0.00000000000000,0.66150000000000,3.4164,12274.3547,4.0695,4.0695,0.0000,0.6622,4.0688,0.8267,3.2421,-0.0027,12274.3547,NA,NA,NA
dwm.exe,2752,0x0,Other,-1,0,0,Hardware: Legacy Flip,12282.6066,NA,4.18240000000000,4.14670000000000,0.00000000000000,0.66240000000000,3.3807,12278.4242,4.1824,4.1824,0.0000,0.6615,4.1833,0.8417,3.3416,-0.0772,12278.4242,NA,NA,NA
dwm.exe,2752,0x0,Other,-1,0,0,Hardware: Legacy Flip,12286.7112,NA,4.10460000000000,4.17640000000000,0.00000000000000,0.66400000000000,3.4525,12282.6066,4.1046,4.1046,0.0000,0.6624,4.1062,0.8447,3.2615,0.0060,12282.6066,NA,NA,NA
dwm.exe,2752,0x0,Other,-1,0,0,Hardware: Legacy Flip,12290.9131,NA,4.20190000000000,4.18170000000000,0.00000000000000,0.66560000000000,3.4323,12286.7112,4.2019,4.2019,0.0000,0.6640,4.2035,0.8551,3.3484,-0.0771,12286.7112,NA,NA,NA
dwm.exe,2752,0x0,Other,-1,0,0,Hardware: Legacy Flip,12295.2639,NA,4.35080000000000,4.15940000000000,0.00000000000000,0.67150000000000,3.2409,12290.9131,4.3508,4.3508,0.0000,0.6656,4.3567,0.8750,3.4817,0.0425,12290.9131,NA,NA,NA
dwm.exe,2752,0x0,Other,-1,0,0,Hardware: Legacy Flip,12299.6201,NA,4.35620000000000,4.17570000000000,0.00000000000000,0.64010000000000,3.0604,12295.2639,4.3562,4.3562,0.0000,0.6715,4.3248,0.8641,3.4607,0.1751,12295.2639,NA,NA,NA
dwm.exe,2752,0x0,Other,-1,0,0,Hardware: Legacy Flip,12303.4150,NA,3.79490000000000,4.16490000000000,0.00000000000000,0.67760000000000,3.4304,12299.6201,3.7949,3.7949,0.0000,0.6401,3.8324,0.8378,2.9946,0.1913,12299.6201,NA,NA,NA
dwm.exe,2752,0x0,Other,-1,0,0,Hardware: Legacy Flip,12307.5604,NA,4.14540000000000,4.16680000000000,0.00000000000000,0.67380000000000,3.4518,12303.4150,4.1454,4.1454,0.0000,0.6776,4.1416,0.8496,3.2920,-0.3719,12303.4150,NA,NA,NA
dwm.exe,2752,0x0,Other,-1,0,0,Hardware: Legacy Flip,12311.6908,NA,4.13040000000000,4.15310000000000,0.00000000000000,0.69270000000000,3.4745,12307.5604,4.1304,4.1304,0.0000,0.6738,4.1493,0.8463,3.3030,-0.0077,12307.5604,NA,NA,NA
dwm.exe,2752,0x0,Other,-1,0,0,Hardware: Legacy Flip,12316.0274,NA,4.33660000000000,4.17750000000000,0.00000000000000,0.63670000000000,3.3154,12311.6908,4.3366,4.3366,0.0000,0.6927,4.2806,0.8304,3.4502,-0.0471,12311.6908,NA,NA,NA
dwm.exe,2752,0x0,Other,-1,0,0,Hardware: Legacy Flip,12320.2921,NA,4.26470000000000,4.15050000000000,0.00000000000000,0.63170000000000,3.2012,12316.0274,4.2647,4.2647,0.0000,0.6367,4.2597,0.8497,3.4100,0.1861,12316.0274,NA,NA,NA
dwm.exe,2752,0x0,Other,-1,0,0,Hardware: Legacy Flip,12324.3415,NA,4.04940000000000,4.17750000000000,0.00000000000000,0.66560000000000,3.3293,12320.2921,4.0494,4.0494,0.0000,0.6317,4.0833,0.8518,3.2315,0.0872,12320.2921,NA,NA,NA
dwm.exe,2752,0x0,Other,-1,0,0,Hardware: Legacy Flip,12328.4356,NA,4.09410000000000,4.18260000000000,0.00000000000000,0.67520000000000,3.4178,12324.3415,4.0941,4.0941,0.0000,0.6656,4.1037,0.8618,3.2419,-0.1332,12324.3415,NA,NA,NA
dwm.exe,2752,0x0,Other,-1,0,0,Hardware: Legacy Flip,12332.6654,NA,4.22980000000000,4.15350000000000,0.00000000000000,0.65180000000000,3.3415,12328.4356,4.2298,4.2298,0.0000,0.6752,4.2064,0.8421,3.3643,-0.0594,12328.4356,NA,NA,NA
dwm.exe,2752,0x0,Other,-1,0,0,Hardware: Legacy Flip,12336.7753,NA,4.10990000000000,4.16620000000000,0.00000000000000,0.68350000000000,3.3978,12332.6654,4.1099,4.1099,0.0000,0.6518,4.1416,0.8485,3.2931,0.0636,12332.6654,NA,NA,NA
dwm.exe,2752,0x0,Other,-1,0,0,Hardware: Legacy Flip,12340.9154,NA,4.14010000000000,4.17380000000000,0.00000000000000,0.67700000000000,3.4315,12336.7753,4.1401,4.1401,0.0000,0.6835,4.1336,0.8573,3.2763,-0.0639,12336.7753,NA,NA,NA
dwm.exe,2752,0x0,Other,-1,0,0,Hardware: Legacy Flip,12345.2162,NA,4.30080000000000,4.16770000000000,0.00000000000000,0.65760000000000,3.2984,12340.9154,4.3008,4.3008,0.0000,0.6770,4.2814,0.8415,3.4399,-0.0276,12340.9154,NA,NA,NA
dwm.exe,2752,0x0,Other,-1,0,0,Hardware: Legacy Flip,12349.3651,NA,4.14890000000000,4.15780000000000,0.00000000000000,0.65630000000000,3.3073,12345.2162,4.1489,4.1489,0.0000,0.6576,4.1476,0.8454,3.3022,0.1430,12345.2162,NA,NA,NA
dwm.exe,2752,0x0,Other,-1,0,0,Hardware: Legacy Flip,12353.4475,NA,4.08240000000000,4.16650000000000,0.00000000000000,0.66450000000000,3.3914,12349.3651,4.0824,4.0824,0.0000,0.6563,4.0906,0.8319,3.2587,-0.0176,12349.3651,NA,NA,NA
dwm.exe,2752,0x0,Other,-1,0,0,Hardware: Legacy Flip,12357.5717,NA,4.12420000000000,4.16730000000000,0.00000000000000,0.68380000000000,3.4345,12353.4475,4.1242,4.1242,0.0000,0.6645,4.1435,0.8645,3.2790,-0.0849,12353.4475,NA,NA,NA
dwm.exe,2752,0x0,Other,-1,0,0,Hardware: Legacy Flip,12361.7182,NA,4.14650000000000,4.16920000000000,0.00000000000000,0.68050000000000,3.4572,12357.5717,4.1465,4.1465,0.0000,0.6838,4.1432,0.8367,3.3065,-0.0450,12357.5717,NA,NA,NA
dwm.exe,2752,0x0,Other,-1,0,0,Hardware: Legacy Flip,12365.9803,NA,4.26210000000000,4.16920000000000,0.00000000000000,0.70400000000000,3.3643,12361.7182,4.2621,4.2621,0.0000,0.6805,4.2856,0.8870,3.3986,-0.0227,12361.7182,NA,NA,NA
dwm.exe,2752,0x0,Other,-1,0,0,Hardware: Legacy Flip,12370.0829,NA,4.10260000000000,4.16170000000000,0.00000000000000,0.68740000000000,3.4234,12365.9803,4.1026,4.1026,0.0000,0.7040,4.0860,0.8644,3.2216,0.1004,12365.9803,NA,NA,NA
dwm.exe,2752,0x0,Other,-1,0,0,Hardware: Legacy Flip,12374.3071,NA,4.22420000000000,4.17160000000000,0.00000000000000,0.70310000000000,3.3708,12370.0829,4.2242,4.2242,0.0000,0.6874,4.2399,0.8612,3.3787,-0.0690,12370.0829,NA,NA,NA
dwm.exe,2752,0x0,Other,-1,0,0,Hardware: Legacy Flip,12378.4682,NA,4.16110000000000,4.15910000000000,0.00000000000000,0.70160000000000,3.3688,12374.3071,4.1611,4.1611,0.0000,0.7031,4.1596,0.8626,3.2970,0.0651,12374.3071,NA,NA,NA
dwm.exe,2752,0x0,Other,-1,0,0,Hardware: Legacy Flip,12382.5137,NA,4.04550000000000,4.17370000000000,0.00000000000000,0.68410000000000,3.4970,12378.4682,4.0455,4.0455,0.0000,0.7016,4.0280,0.8534,3.1746,-0.0126,12378.4682,NA,NA,NA
dwm.exe,2752,0x0,Other,-1,0,0,Hardware: Legacy Flip,12386.6561,NA,4.14240000000000,4.16800000000000,0.00000000000000,0.69560000000000,3.5226,12382.5137,4.1424,4.1424,0.0000,0.6841,4.1539,0.8511,3.3028,-0.1225,12382.5137,NA,NA,NA
dwm.exe,2752,0x0,Other,-1,0,0,Hardware: Legacy Flip,12391.0009,NA,4.34480000000000,4.17500000000000,0.00000000000000,0.66880000000000,3.3528,12386.6561,4.3448,4.3448,0.0000,0.6956,4.3180,0.8455,3.4725,-0.0326,12386.6561,NA,NA,NA
dwm.exe,2752,0x0,Other,-1,0,0,Hardware: Legacy Flip,12395.1013,NA,4.10040000000000,4.14810000000000,0.00000000000000,0.64530000000000,3.4005,12391.0009,4.1004,4.1004,0.0000,0.6688,4.0769,0.8367,3.2402,0.1967,12391.0009,NA,NA,NA
dwm.exe,2752,0x0,Other,-1,0,0,Hardware: Legacy Flip,12399.0956,NA,3.99430000000000,4.16350000000000,0.00000000000000,0.71800000000000,3.5697,12395.1013,3.9943,3.9943,0.0000,0.6453,4.0670,0.8713,3.1957,-0.0631,12395.1013,NA,NA,NA
dwm.exe,2752,0x0,Other,-1,0,0,Hardware: Legacy Flip,12403.2756,NA,4.18000000000000,4.17900000000000,0.00000000000000,0.68790000000000,3.5687,12399.0956,4.1800,4.1800,0.0000,0.7180,4.1499,0.8377,3.3122,-0.1847,12399.0956,NA,NA,NA
dwm.exe,2752,0x0,Other,-1,0,0,Hardware: Legacy Flip,12407.7584,NA,4.48280000000000,4.15780000000000,0.00000000000000,0.63760000000000,3.2437,12403.2756,4.4828,4.4828,0.0000,0.6879,4.4325,0.8521,3.5804,0.0222,12403.2756,NA,NA,NA
dwm.exe,2752,0x0,Other,-1,0,0,Hardware: Legacy Flip,12411.7916,NA,4.03320000000000,4.16370000000000,0.00000000000000,0.64910000000000,3.3742,12407.7584,4.0332,4.0332,0.0000,0.6376,4.0447,0.8390,3.2057,0.3191,12407.7584,NA,NA,NA
dwm.exe,2752,0x0,Other,-1,0,0,Hardware: Legacy Flip,12415.9013,NA,4.10970000000000,4.17730000000000,0.00000000000000,0.66100000000000,3.4418,12411.7916,4.1097,4.1097,0.0000,0.6491,4.1216,0.8446,3.2770,-0.1441,12411.7916,NA,NA,NA
dwm.exe,2752,0x0,Other,-1,0,0,Hardware: Legacy Flip,12420.0754,NA,4.17410000000000,4.16620000000000,0.00000000000000,0.67720000000000,3.4339,12415.9013,4.1741,4.1741,0.0000,0.6610,4.1903,0.8690,3.3213,-0.0565,12415.9013,NA,NA,NA
dwm.exe,2752,0x0,Other,-1,0,0,Hardware: Legacy Flip,12424.3067,NA,4.23130000000000,4.16710000000000,0.00000000000000,0.70410000000000,3.3697,12420.0754,4.2313,4.2313,0.0000,0.6772,4.2582,0.8665,3.3917,0.0070,12420.0754,NA,NA,NA
dwm.exe,2752,0x0,Other,-1,0,0,Hardware: Legacy Flip,12428.5039,NA,4.19720000000000,4.17060000000000,0.00000000000000,0.67050000000000,3.3431,12424.3067,4.1972,4.1972,0.0000,0.7041,4.1636,0.8395,3.3241,0.0607,12424.3067,NA,NA,NA
dwm.exe,2752,0x0,Other,-1,0,0,Hardware: Legacy Flip,12432.6655,NA,4.16160000000000,4.16260000000000,0.00000000000000,0.64650000000000,3.3441,12428.5039,4.1616,4.1616,0.0000,0.6705,4.1376,0.8359,3.3017,0.0346,12428.5039,NA,NA,NA
dwm.exe,2752,0x0,Other,-1,0,0,Hardware: Legacy Flip,12436.7500,NA,4.08450000000000,4.16850000000000,0.00000000000000,0.68150000000000,3.4281,12432.6655,4.0845,4.0845,0.0000,0.6465,4.1195,0.8503,3.2692,-0.0069,12432.6655,NA,NA,NA
dwm.exe,2752,0x0,Other,-1,0,0,Hardware: Legacy Flip,12440.9216,NA,4.17160000000000,4.15560000000000,0.00000000000000,0.66990000000000,3.4121,12436.7500,4.1716,4.1716,0.0000,0.6815,4.1600,0.8357,3.3243,-0.0711,12436.7500,NA,NA,NA
dwm.exe,2752,0x0,Other,-1,0,0,Hardware: Legacy Flip,12445.0380,NA,4.11640000000000,4.16710000000000,0.00000000000000,0.67530000000000,3.4628,12440.9216,4.1164,4.1164,0.0000,0.6699,4.1218,0.8590,3.2628,0.0045,12440.9216,NA,NA,NA
dwm.exe,2752,0x0,Other,-1,0,0,Hardware: Legacy Flip,12449.2021,NA,4.16410000000000,4.17750000000000,0.00000000000000,0.68050000000000,3.4762,12445.0380,4.1641,4.1641,0.0000,0.6753,4.1693,0.8477,3.3216,-0.0611,12445.0380,NA,NA,NA
dwm.exe,2752,0x0,Other,-1,0,0,Hardware: Legacy Flip,12453.4246,NA,4.22250000000000,4.17000000000000,0.00000000000000,0.67560000000000,3.4237,12449.2021,4.2225,4.2225,0.0000,0.6805,4.2176,0.8365,3.3811,-0.0059,12449.2021,NA,NA,NA
dwm.exe,2752,0x0,Other,-1,0,0,Hardware: Legacy Flip,12457.6023,NA,4.17770000000000,4.16610000000000,0.00000000000000,0.65370000000000,3.4121,12453.4246,4.1777,4.1777,0.0000,0.6756,4.1558,0.8501,3.3057,0.0564,12453.4246,NA,NA,NA
dwm.exe,2752,0x0,Other,-1,0,0,Hardware: Legacy Flip,12461.7072,NA,4.10490000000000,4.17600000000000,0.00000000000000,0.68240000000000,3.4832,12457.6023,4.1049,4.1049,0.0000,0.6537,4.1336,0.8414,3.2922,0.0017,12457.6023,NA,NA,NA
dwm.exe,2752,0x0,Other,-1,0,0,Hardware: Legacy Flip,12466.3658,NA,4.65860000000000,4.14940000000000,0.00000000000000,0.62960000000000,2.9740,12461.7072,4.6586,4.6586,0.0000,0.6824,4.6058,0.8481,3.7577,-0.0445,12461.7072,NA,NA,NA
dwm.exe,2752,0x0,Other,-1,0,0,Hardware: Legacy Flip,12470.4535,NA,4.08770000000000,4.16210000000000,0.00000000000000,0.61000000000000,3.0484,12466.3658,4.0877,4.0877,0.0000,0.6296,4.0681,0.8328,3.2353,0.4965,12466.3658,NA,NA,NA
dwm.exe,2752,0x0,Other,-1,0,0,Hardware: Legacy Flip,12474.3161,NA,3.86260000000000,4.16950000000000,0.00000000000000,0.66250000000000,3.3553,12470.4535,3.8626,3.8626,0.0000,0.6100,3.9151,0.8420,3.0731,-0.0818,12470.4535,NA,NA,NA
dwm.exe,2752,0x0,Other,-1,0,0,Hardware: Legacy Flip,12478.4581,NA,4.14200000000000,4.17760000000000,0.00000000000000,0.65160000000000,3.3909,12474.3161,4.1420,4.1420,0.0000,0.6625,4.1311,0.8408,3.2903,-0.3150,12474.3161,NA,NA,NA
dwm.exe,2752,0x0,Other,-1,0,0,Hardware: Legacy Flip,12482.7109,NA,4.25280000000000,4.15500000000000,0.00000000000000,0.65330000000000,3.2931,12478.4581,4.2528,4.2528,0.0000,0.6516,4.2545,0.8550,3.3995,-0.0130,12478.4581,NA,NA,NA
dwm.exe,2752,0x0,Other,-1,0,0,Hardware: Legacy Flip,12486.8596,NA,4.14870000000000,4.17260000000000,0.00000000000000,0.69380000000000,3.3170,12482.7109,4.1487,4.1487,0.0000,0.6533,4.1892,0.8630,3.3262,0.0802,12482.7109,NA,NA,NA
dwm.exe,2752,0x0,Other,-1,0,0,Hardware: Legacy Flip,12491.0518,NA,4.19220000000000,4.16700000000000,0.00000000000000,0.65350000000000,3.2918,12486.8596,4.1922,4.1922,0.0000,0.6938,4.1519,0.8562,3.2957,-0.0183,12486.8596,NA,NA,NA
dwm.exe,2752,0x0,Other,-1,0,0,Hardware: Legacy Flip,12495.0939,NA,4.04210000000000,4.16060000000000,0.00000000000000,0.66740000000000,3.4103,12491.0518,4.0421,4.0421,0.0000,0.6535,4.0560,0.8267,3.2293,0.0316,12491.0518,NA,NA,NA
dwm.exe,2752,0x0,Other,-1,0,0,Hardware: Legacy Flip,12499.3040,NA,4.21010000000000,4.17260000000000,0.00000000000000,0.72630000000000,3.3728,12495.0939,4.2101,4.2101,0.0000,0.6674,4.2690,0.9118,3.3572,-0.1305,12495.0939,NA,NA,NA
dwm.exe,2752,0x0,Other,-1,0,0,Hardware: Legacy Flip,12503.4181,NA,4.11410000000000,4.15750000000000,0.00000000000000,0.66920000000000,3.4162,12499.3040,4.1141,4.1141,0.0000,0.7263,4.0570,0.7760,3.2810,0.0526,12499.3040,NA,NA,NA
dwm.exe,2752,0x0,Other,-1,0,0,Hardware: Legacy Flip,12507.5542,NA,4.13610000000000,4.17570000000000,0.00000000000000,0.68500000000000,3.4558,12503.4181,4.1361,4.1361,0.0000,0.6692,4.1519,0.8494,3.3025,-0.0616,12503.4181,NA,NA,NA
dwm.exe,2752,0x0,Other,-1,0,0,Hardware: Legacy Flip,12511.7931,NA,4.23890000000000,4.17110000000000,0.00000000000000,0.67430000000000,3.3880,12507.5542,4.2389,4.2389,0.0000,0.6850,4.2282,0.8348,3.3934,-0.0350,12507.5542,NA,NA,NA
FlyingBird.exe,46456,0x1E2504FE000,DXGI,0,0,0,Composed: Copy with GPU GDI,11607.5846,NA,71.82080000000001,75.02600000000000,0.09930000000000,0.40380000000000,11.7661,11535.9067,71.7772,71.6779,0.0993,0.4195,71.6622,0.3867,71.2755,923.2851,11535.9067,NA,NA,NA
dwm.exe,2752,0x0,Other,-1,0,0,Hardware: Legacy Flip,12516.1194,NA,4.32630000000000,4.17860000000000,0.00000000000000,0.64520000000000,3.2403,12511.7931,4.3263,4.3263,0.0000,0.6743,4.2972,0.8576,3.4396,0.0603,12511.7931,NA,NA,NA
dwm.exe,2752,0x0,Other,-1,0,0,Hardware: Legacy Flip,12520.3131,NA,4.19370000000000,4.15180000000000,0.00000000000000,0.67190000000000,3.1984,12516.1194,4.1937,4.1937,0.0000,0.6452,4.2204,0.8707,3.3497,0.1745,12516.1194,NA,NA,NA
dwm.exe,2752,0x0,Other,-1,0,0,Hardware: Legacy Flip,12524.3638,NA,4.05070000000000,4.16880000000000,0.00000000000000,0.70340000000000,3.3165,12520.3131,4.0507,4.0507,0.0000,0.6719,4.0822,0.8683,3.2139,0.0249,12520.3131,NA,NA,NA
dwm.exe,2752,0x0,Other,-1,0,0,Hardware: Legacy Flip,12528.5300,NA,4.16620000000000,4.16600000000000,0.00000000000000,0.66690000000000,3.3163,12524.3638,4.1662,4.1662,0.0000,0.7034,4.1297,0.8422,3.2875,-0.1153,12524.3638,NA,NA,NA
dwm.exe,2752,0x0,Other,-1,0,0,Hardware: Legacy Flip,12532.8688,NA,4.33880000000000,4.15150000000000,0.00000000000000,0.63740000000000,3.1290,12528.5300,4.3388,4.3388,0.0000,0.6669,4.3093,0.8441,3.4652,0.0147,12528.5300,NA,NA,NA
dwm.exe,2752,0x0,Other,-1,0,0,Hardware: Legacy Flip,12536.7049,NA,3.83610000000000,4.17250000000000,0.00000000000000,0.68290000000000,3.4654,12532.8688,3.8361,3.8361,0.0000,0.6374,3.8816,0.8334,3.0482,0.1663,12532.8688,NA,NA,NA
dwm.exe,2752,0x0,Other,-1,0,0,Hardware: Legacy Flip,12540.8293,NA,4.12440000000000,4.16550000000000,0.00000000000000,0.68450000000000,3.5065,12536.7049,4.1244,4.1244,0.0000,0.6829,4.1260,0.8592,3.2668,-0.3294,12536.7049,NA,NA,NA
dwm.exe,2752,0x0,Other,-1,0,0,Hardware: Legacy Flip,12545.7445,NA,4.91520000000000,4.17600000000000,0.00000000000000,0.60320000000000,2.7673,12540.8293,4.9152,4.9152,0.0000,0.6845,4.8339,0.8549,3.9790,-0.0516,12540.8293,NA,NA,NA
dwm.exe,2752,0x0,Other,-1,0,0,Hardware: Legacy Flip,12549.5703,NA,3.82580000000000,4.16240000000000,0.00000000000000,0.63850000000000,3.1039,12545.7445,3.8258,3.8258,0.0000,0.6032,3.8611,0.8481,3.0130,0.7528,12545.7445,NA,NA,NA
dwm.exe,2752,0x0,Other,-1,0,0,Hardware: Legacy Flip,12553.7549,NA,4.18460000000000,4.18000000000000,0.00000000000000,0.62520000000000,3.0993,12549.5703,4.1846,4.1846,0.0000,0.6385,4.1713,0.8489,3.3224,-0.3542,12549.5703,NA,NA,NA
dwm.exe,2752,0x0,Other,-1,0,0,Hardware: Legacy Flip,12557.8966,NA,4.14170000000000,4.15120000000000,0.00000000000000,1.21450000000000,3.1088,12553.7549,4.1417,4.1417,0.0000,0.6252,4.7310,1.4271,3.3039,0.0334,12553.7549,NA,NA,NA
dwm.exe,2752,0x0,Other,-1,0,0,Hardware: Legacy Flip,12562.1668,NA,4.27020000000000,4.17260000000000,0.00000000000000,0.62540000000000,3.0112,12557.8966,4.2702,4.2702,0.0000,1.2145,3.6811,0.8578,2.8233,-0.0309,12557.8966,NA,NA,NA
dwm.exe,2752,0x0,Other,-1,0,0,Hardware: Legacy Flip,12566.3654,NA,4.19860000000000,4.16570000000000,0.00000000000000,0.59700000000000,2.9783,12562.1668,4.1986,4.1986,0.0000,0.6254,4.1702,0.8466,3.3236,0.1045,12562.1668,NA,NA,NA
dwm.exe,2752,0x0,Other,-1,0,0,Hardware: Legacy Flip,12570.7354,NA,4.37000000000000,4.17760000000000,0.00000000000000,0.61450000000000,2.7859,12566.3654,4.3700,4.3700,0.0000,0.5970,4.3875,0.8665,3.5210,0.0210,12566.3654,NA,NA,NA
dwm.exe,2752,0x0,Other,-1,0,0,Hardware: Legacy Flip,12574.8103,NA,4.07490000000000,4.16120000000000,0.00000000000000,1.03420000000000,2.8722,12570.7354,4.0749,4.0749,0.0000,0.6145,4.4946,1.2306,3.2640,0.2088,12570.7354,NA,NA,NA
dwm.exe,2752,0x0,Other,-1,0,0,Hardware: Legacy Flip,12578.6921,NA,3.88180000000000,4.16130000000000,0.00000000000000,0.62770000000000,3.1517,12574.8103,3.8818,3.8818,0.0000,1.0342,3.4753,0.8601,2.6152,-0.0864,12574.8103,NA,NA,NA
dwm.exe,2752,0x0,Other,-1,0,0,Hardware: Legacy Flip,12582.7744,NA,4.08230000000000,4.15700000000000,0.00000000000000,0.63710000000000,3.2264,12578.6921,4.0823,4.0823,0.0000,0.6277,4.0917,0.8312,3.2605,-0.2752,12578.6921,NA,NA,NA
dwm.exe,2752,0x0,Other,-1,0,0,Hardware: Legacy Flip,12586.8663,NA,4.09190000000000,4.16590000000000,0.00000000000000,0.65800000000000,3.3004,12582.7744,4.0919,4.0919,0.0000,0.6371,4.1128,0.8512,3.2616,-0.0836,12582.7744,NA,NA,NA
dwm.exe,2752,0x0,Other,-1,0,0,Hardware: Legacy Flip,12591.0412,NA,4.17490000000000,4.16960000000000,0.00000000000000,0.65940000000000,3.2951,12586.8663,4.1749,4.1749,0.0000,0.6580,4.1763,0.8418,3.3345,-0.0777,12586.8663,NA,NA,NA
dwm.exe,2752,0x0,Other,-1,0,0,Hardware: Legacy Flip,12595.1804,NA,4.13920000000000,4.15720000000000,0.00000000000000,0.65750000000000,3.3131,12591.0412,4.1392,4.1392,0.0000,0.6594,4.1373,0.8375,3.2998,0.0177,12591.0412,NA,NA,NA
dwm.exe,2752,0x0,Other,-1,0,0,Hardware: Legacy Flip,12599.3095,NA,4.12910000000000,4.16660000000000,0.00000000000000,0.66880000000000,3.3506,12595.1804,4.1291,4.1291,0.0000,0.6575,4.1404,0.8402,3.3002,-0.0274,12595.1804,NA,NA,NA
dwm.exe,2752,0x0,Other,-1,0,0,Hardware: Legacy Flip,12603.4943,NA,4.18480000000000,4.18020000000000,0.00000000000000,0.66780000000000,3.3460,12599.3095,4.1848,4.1848,0.0000,0.6688,4.1838,0.8341,3.3497,-0.0511,12599.3095,NA,NA,NA
dwm.exe,2752,0x0,Other,-1,0,0,Hardware: Legacy Flip,12607.5960,NA,4.10170000000000,4.16310000000000,0.00000000000000,0.67310000000000,3.4074,12603.4943,4.1017,4.1017,0.0000,0.6678,4.1070,0.8437,3.2633,0.0217,12603.4943,NA,NA,NA
dwm.exe,2752,0x0,Other,-1,0,0,Hardware: Legacy Flip,12611.9904,NA,4.39440000000000,4.17700000000000,0.00000000000000,0.66620000000000,3.1900,12607.5960,4.3944,4.3944,0.0000,0.6731,4.3875,0.8372,3.5503,-0.0753,12607.5960,NA,NA,NA
dwm.exe,2752,0x0,Other,-1,0,0,Hardware: Legacy Flip,12616.3331,NA,4.34270000000000,4.16570000000000,0.00000000000000,0.61120000000000,3.0130,12611.9904,4.3427,4.3427,0.0000,0.6662,4.2877,0.8450,3.4427,0.2287,12611.9904,NA,NA,NA
dwm.exe,2752,0x0,Other,-1,0,0,Hardware: Legacy Flip,12620.5293,NA,4.19620000000000,4.16480000000000,0.00000000000000,0.61380000000000,2.9816,12616.3331,4.1962,4.1962,0.0000,0.6112,4.1988,0.8566,3.3422,0.1779,12616.3331,NA,NA,NA
dwm.exe,2752,0x0,Other,-1,0,0,Hardware: Legacy Flip,12624.9244,NA,4.39510000000000,4.16150000000000,0.00000000000000,0.60930000000000,2.7480,12620.5293,4.3951,4.3951,0.0000,0.6138,4.3906,0.8442,3.5464,0.0347,12620.5293,NA,NA,NA
dwm.exe,2752,0x0,Other,-1,0,0,Hardware: Legacy Flip,12628.9183,NA,3.99390000000000,4.17760000000000,0.00000000000000,0.63950000000000,2.9317,12624.9244,3.9939,3.9939,0.0000,0.6093,4.0241,0.8563,3.1678,0.2175,12624.9244,NA,NA,NA
dwm.exe,2752,0x0,Other,-1,0,0,Hardware: Legacy Flip,12633.4631,NA,4.54480000000000,4.17290000000000,0.00000000000000,0.62610000000000,2.5598,12628.9183,4.5448,4.5448,0.0000,0.6395,4.5314,0.8891,3.6423,-0.1790,12628.9183,NA,NA,NA
dwm.exe,2752,0x0,Other,-1,0,0,Hardware: Legacy Flip,12637.0195,NA,3.55640000000000,4.15130000000000,0.00000000000000,0.66170000000000,3.1547,12633.4631,3.5564,3.5564,0.0000,0.6261,3.5920,0.8495,2.7425,0.3935,12633.4631,NA,NA,NA
dwm.exe,2752,0x0,Other,-1,0,0,Hardware: Legacy Flip,12641.1273,NA,4.10780000000000,4.17440000000000,0.00000000000000,0.66690000000000,3.2213,12637.0195,4.1078,4.1078,0.0000,0.6617,4.1130,0.8445,3.2685,-0.6180,12637.0195,NA,NA,NA
dwm.exe,2752,0x0,Other,-1,0,0,Hardware: Legacy Flip,12645.2599,NA,4.13260000000000,4.13340000000000,0.00000000000000,0.63980000000000,3.2221,12641.1273,4.1326,4.1326,0.0000,0.6669,4.1055,0.8559,3.2496,-0.0256,12641.1273,NA,NA,NA
dwm.exe,2752,0x0,Other,-1,0,0,Hardware: Legacy Flip,12649.4371,NA,4.17720000000000,4.20100000000000,0.00000000000000,0.64580000000000,3.2459,12645.2599,4.1772,4.1772,0.0000,0.6398,4.1832,0.8364,3.3468,-0.0684,12645.2599,NA,NA,NA
dwm.exe,2752,0x0,Other,-1,0,0,Hardware: Legacy Flip,12653.5360,NA,4.09890000000000,4.16680000000000,0.00000000000000,0.66870000000000,3.3138,12649.4371,4.0989,4.0989,0.0000,0.6458,4.1218,0.8576,3.2642,0.0104,12649.4371,NA,NA,NA
dwm.exe,2752,0x0,Other,-1,0,0,Hardware: Legacy Flip,12657.8556,NA,4.31960000000000,4.18970000000000,0.00000000000000,0.65790000000000,3.1839,12653.5360,4.3196,4.3196,0.0000,0.6687,4.3088,0.8538,3.4550,-0.0908,12653.5360,NA,NA,NA
dwm.exe,2752,0x0,Other,-1,0,0,Hardware: Legacy Flip,12662.5361,NA,4.68050000000000,4.15030000000000,0.00000000000000,0.61280000000000,2.6537,12657.8556,4.6805,4.6805,0.0000,0.6579,4.6354,0.8665,3.7689,0.1693,12657.8556,NA,NA,NA
dwm.exe,2752,0x0,Other,-1,0,0,Hardware: Legacy Flip,12666.4280,NA,3.89190000000000,4.16350000000000,0.00000000000000,0.60230000000000,2.9253,12662.5361,3.8919,3.8919,0.0000,0.6128,3.8814,0.8555,3.0259,0.5170,12662.5361,NA,NA,NA
dwm.exe,2752,0x0,Other,-1,0,0,Hardware: Legacy Flip,12670.6048,NA,4.17680000000000,4.16230000000000,0.00000000000000,0.62160000000000,2.9108,12666.4280,4.1768,4.1768,0.0000,0.6023,4.1961,0.8595,3.3366,-0.2704,12666.4280,NA,NA,NA
dwm.exe,2752,0x0,Other,-1,0,0,Hardware: Legacy Flip,12674.5908,NA,3.98600000000000,4.15420000000000,0.00000000000000,0.64900000000000,3.0790,12670.6048,3.9860,3.9860,0.0000,0.6216,4.0134,0.8656,3.1478,0.0226,12670.6048,NA,NA,NA
dwm.exe,2752,0x0,Other,-1,0,0,Hardware: Legacy Flip,12678.9242,NA,4.33340000000000,4.17760000000000,0.00000000000000,0.61570000000000,2.9232,12674.5908,4.3334,4.3334,0.0000,0.6490,4.3001,0.8378,3.4623,-0.1916,12674.5908,NA,NA,NA
dwm.exe,2752,0x0,Other,-1,0,0,Hardware: Legacy Flip,12683.1758,NA,4.25160000000000,4.19650000000000,0.00000000000000,0.62020000000000,2.8681,12678.9242,4.2516,4.2516,0.0000,0.6157,4.2561,0.8715,3.3846,0.1369,12678.9242,NA,NA,NA
dwm.exe,2752,0x0,Other,-1,0,0,Hardware: Legacy Flip,12687.3945,NA,4.21870000000000,4.13630000000000,0.00000000000000,0.60780000000000,2.7857,12683.1758,4.2187,4.2187,0.0000,0.6202,4.2063,0.8535,3.3528,0.1153,12683.1758,NA,NA,NA
dwm.exe,2752,0x0,Other,-1,0,0,Hardware: Legacy Flip,12691.5793,NA,4.18480000000000,4.16450000000000,0.00000000000000,0.59830000000000,2.7654,12687.3945,4.1848,4.1848,0.0000,0.6078,4.1753,0.8474,3.3279,0.0542,12687.3945,NA,NA,NA
dwm.exe,2752,0x0,Other,-1,0,0,Hardware: Legacy Flip,12695.4361,NA,3.85680000000000,4.16250000000000,0.00000000000000,0.63320000000000,3.0711,12691.5793,3.8568,3.8568,0.0000,0.5983,3.8917,0.8518,3.0399,0.0223,12691.5793,NA,NA,NA
dwm.exe,2752,0x0,Other,-1,0,0,Hardware: Legacy Flip,12699.3025,NA,3.86640000000000,4.17200000000000,0.00000000000000,0.66780000000000,3.3767,12695.4361,3.8664,3.8664,0.0000,0.6332,3.9010,0.8597,3.0413,-0.3152,12695.4361,NA,NA,NA
dwm.exe,2752,0x0,Other,-1,0,0,Hardware: Legacy Flip,12703.5488,NA,4.24630000000000,4.15670000000000,0.00000000000000,0.66470000000000,3.2871,12699.3025,4.2463,4.2463,0.0000,0.6678,4.2432,0.8522,3.3910,-0.2903,12699.3025,NA,NA,NA
dwm.exe,2752,0x0,Other,-1,0,0,Hardware: Legacy Flip,12707.6726,NA,4.12380000000000,4.18700000000000,0.00000000000000,0.64850000000000,3.3503,12703.5488,4.1238,4.1238,0.0000,0.6647,4.1076,0.8337,3.2739,0.0593,12703.5488,NA,NA,NA
dwm.exe,2752,0x0,Other,-1,0,0,Hardware: Legacy Flip,12711.9175,NA,4.24490000000000,4.13730000000000,0.00000000000000,0.66800000000000,3.2427,12707.6726,4.2449,4.2449,0.0000,0.6485,4.2644,0.8554,3.4090,-0.0135,12707.6726,NA,NA,NA
dwm.exe,2752,0x0,Other,-1,0,0,Hardware: Legacy Flip,12716.0010,NA,4.08350000000000,4.17050000000000,0.00000000000000,0.63200000000000,3.3297,12711.9175,4.0835,4.0835,0.0000,0.6680,4.0475,0.8223,3.2252,0.0744,12711.9175,NA,NA,NA
dwm.exe,2752,0x0,Other,-1,0,0,Hardware: Legacy Flip,12720.2069,NA,4.20590000000000,4.18640000000000,0.00000000000000,0.64770000000000,3.3102,12716.0010,4.2059,4.2059,0.0000,0.6320,4.2216,0.8485,3.3731,-0.1029,12716.0010,NA,NA,NA
dwm.exe,2752,0x0,Other,-1,0,0,Hardware: Legacy Flip,12724.4794,NA,4.27250000000000,4.16320000000000,0.00000000000000,0.65580000000000,3.2009,12720.2069,4.2725,4.2725,0.0000,0.6477,4.2806,0.8426,3.4380,0.0427,12720.2069,NA,NA,NA
dwm.exe,2752,0x0,Other,-1,0,0,Hardware: Legacy Flip,12728.7902,NA,4.31080000000000,4.16970000000000,0.00000000000000,0.62340000000000,3.0598,12724.4794,4.3108,4.3108,0.0000,0.6558,4.2784,0.8424,3.4360,0.1028,12724.4794,NA,NA,NA
dwm.exe,2752,0x0,Other,-1,0,0,Hardware: Legacy Flip,12732.8575,NA,4.06730000000000,4.15520000000000,0.00000000000000,0.64140000000000,3.1477,12728.7902,4.0673,4.0673,0.0000,0.6234,4.0853,0.8478,3.2375,0.1556,12728.7902,NA,NA,NA
dwm.exe,2752,0x0,Other,-1,0,0,Hardware: Legacy Flip,12736.7761,NA,3.91860000000000,4.16790000000000,0.00000000000000,0.68180000000000,3.3970,12732.8575,3.9186,3.9186,0.0000,0.6414,3.9590,0.8663,3.0927,-0.1006,12732.8575,NA,NA,NA
dwm.exe,2752,0x0,Other,-1,0,0,Hardware: Legacy Flip,12740.9550,NA,4.17890000000000,4.18060000000000,0.00000000000000,0.67670000000000,3.3987,12736.7761,4.1789,4.1789,0.0000,0.6818,4.1738,0.8409,3.3329,-0.2620,12736.7761,NA,NA,NA
dwm.exe,2752,0x0,Other,-1,0,0,Hardware: Legacy Flip,12745.2484,NA,4.29340000000000,4.15620000000000,0.00000000000000,0.58400000000000,3.2615,12740.9550,4.2934,4.2934,0.0000,0.6767,4.2007,0.8934,3.3073,0.0227,12740.9550,NA,NA,NA
dwm.exe,2752,0x0,Other,-1,0,0,Hardware: Legacy Flip,12749.2760,NA,4.02760000000000,4.17660000000000,0.00000000000000,0.66650000000000,3.4105,12745.2484,4.0276,4.0276,0.0000,0.5840,4.1101,0.8423,3.2678,0.1168,12745.2484,NA,NA,NA
dwm.exe,2752,0x0,Other,-1,0,0,Hardware: Legacy Flip,12753.5679,NA,4.29190000000000,4.16700000000000,0.00000000000000,0.66810000000000,3.2856,12749.2760,4.2919,4.2919,0.0000,0.6665,4.2935,0.8489,3.4446,-0.1394,12749.2760,NA,NA,NA
dwm.exe,2752,0x0,Other,-1,0,0,Hardware: Legacy Flip,12757.7553,NA,4.18740000000000,4.16230000000000,0.00000000000000,0.65900000000000,3.2605,12753.5679,4.1874,4.1874,0.0000,0.6681,4.1783,0.8403,3.3380,0.1296,12753.5679,NA,NA,NA
dwm.exe,2752,0x0,Other,-1,0,0,Hardware: Legacy Flip,12761.8040,NA,4.04870000000000,4.15060000000000,0.00000000000000,0.65310000000000,3.3624,12757.7553,4.0487,4.0487,0.0000,0.6590,4.0428,0.8520,3.1908,0.0368,12757.7553,NA,NA,NA
dwm.exe,2752,0x0,Other,-1,0,0,Hardware: Legacy Flip,12766.4411,NA,4.63710000000000,4.19850000000000,0.00000000000000,0.60460000000000,2.9238,12761.8040,4.6371,4.6371,0.0000,0.6531,4.5886,0.8426,3.7460,-0.1498,12761.8040,NA,NA,NA
dwm.exe,2752,0x0,Other,-1,0,0,Hardware: Legacy Flip,12770.5450,NA,4.10390000000000,4.15270000000000,0.00000000000000,0.58340000000000,2.9726,12766.4411,4.1039,4.1039,0.0000,0.6046,4.0827,0.8433,3.2394,0.4844,12766.4411,NA,NA,NA
dwm.exe,2752,0x0,Other,-1,0,0,Hardware: Legacy Flip,12774.7206,NA,4.17560000000000,4.16230000000000,0.00000000000000,0.63680000000000,2.9593,12770.5450,4.1756,4.1756,0.0000,0.5834,4.2290,0.8517,3.3773,-0.0584,12770.5450,NA,NA,NA
dwm.exe,2752,0x0,Other,-1,0,0,Hardware: Legacy Flip,12778.6373,NA,3.91670000000000,4.15970000000000,0.00000000000000,0.65860000000000,3.2023,12774.7206,3.9167,3.9167,0.0000,0.6368,3.9385,0.8416,3.0969,0.0159,12774.7206,NA,NA,NA
dwm.exe,2752,0x0,Other,-1,0,0,Hardware: Legacy Flip,12782.7707,NA,4.13340000000000,4.18670000000000,0.00000000000000,0.64440000000000,3.2556,12778.6373,4.1334,4.1334,0.0000,0.6586,4.1192,0.8298,3.2894,-0.2700,12778.6373,NA,NA,NA
dwm.exe,2752,0x0,Other,-1,0,0,Hardware: Legacy Flip,12786.8539,NA,4.08320000000000,4.14100000000000,0.00000000000000,0.68100000000000,3.3134,12782.7707,4.0832,4.0832,0.0000,0.6444,4.1198,0.8573,3.2625,-0.0076,12782.7707,NA,NA,NA
dwm.exe,2752,0x0,Other,-1,0,0,Hardware: Legacy Flip,12791.1670,NA,4.31310000000000,4.18410000000000,0.00000000000000,0.63660000000000,3.1844,12786.8539,4.3131,4.3131,0.0000,0.6810,4.2687,0.8481,3.4206,-0.1009,12786.8539,NA,NA,NA
dwm.exe,2752,0x0,Other,-1,0,0,Hardware: Legacy Flip,12795.2929,NA,4.12590000000000,4.15480000000000,0.00000000000000,0.64180000000000,3.2133,12791.1670,4.1259,4.1259,0.0000,0.6366,4.1311,0.8476,3.2835,0.1583,12791.1670,NA,NA,NA
dwm.exe,2752,0x0,Other,-1,0,0,Hardware: Legacy Flip,12799.3159,NA,4.02300000000000,4.17700000000000,0.00000000000000,0.66230000000000,3.3673,12795.2929,4.0230,4.0230,0.0000,0.6418,4.0435,0.8337,3.2098,-0.0511,12795.2929,NA,NA,NA
dwm.exe,2752,0x0,Other,-1,0,0,Hardware: Legacy Flip,12803.5348,NA,4.21890000000000,4.16370000000000,0.00000000000000,0.65570000000000,3.3121,12799.3159,4.2189,4.2189,0.0000,0.6623,4.2123,0.8514,3.3609,-0.1407,12799.3159,NA,NA,NA
dwm.exe,2752,0x0,Other,-1,0,0,Hardware: Legacy Flip,12807.6487,NA,4.11390000000000,4.16340000000000,0.00000000000000,0.66750000000000,3.3616,12803.5348,4.1139,4.1139,0.0000,0.6557,4.1257,0.8522,3.2735,0.0555,12803.5348,NA,NA,NA
dwm.exe,2752,0x0,Other,-1,0,0,Hardware: Legacy Flip,12811.7608,NA,4.11210000000000,4.16220000000000,0.00000000000000,0.69020000000000,3.4117,12807.6487,4.1121,4.1121,0.0000,0.6675,4.1348,0.8399,3.2949,-0.0483,12807.6487,NA,NA,NA
dwm.exe,2752,0x0,Other,-1,0,0,Hardware: Legacy Flip,12816.1648,NA,4.40400000000000,4.18380000000000,0.00000000000000,0.63740000000000,3.1915,12811.7608,4.4040,4.4040,0.0000,0.6902,4.3512,0.8484,3.5028,-0.0717,12811.7608,NA,NA,NA
dwm.exe,2752,0x0,Other,-1,0,0,Hardware: Legacy Flip,12820.1920,NA,4.02720000000000,4.14860000000000,0.00000000000000,0.66760000000000,3.3129,12816.1648,4.0272,4.0272,0.0000,0.6374,4.0574,0.8461,3.2113,0.2554,12816.1648,NA,NA,NA
dwm.exe,2752,0x0,Other,-1,0,0,Hardware: Legacy Flip,12824.6388,NA,4.44680000000000,4.17360000000000,0.00000000000000,0.62100000000000,3.0397,12820.1920,4.4468,4.4468,0.0000,0.6676,4.4002,0.8459,3.5543,-0.1464,12820.1920,NA,NA,NA
dwm.exe,2752,0x0,Other,-1,0,0,Hardware: Legacy Flip,12828.3958,NA,3.75700000000000,4.15440000000000,0.00000000000000,0.66530000000000,3.4371,12824.6388,3.7570,3.7570,0.0000,0.6210,3.8013,0.8253,2.9760,0.2924,12824.6388,NA,NA,NA
dwm.exe,2752,0x0,Other,-1,0,0,Hardware: Legacy Flip,12832.6177,NA,4.22190000000000,4.18050000000000,0.00000000000000,0.66510000000000,3.3957,12828.3958,4.2219,4.2219,0.0000,0.6653,4.2217,0.8606,3.3611,-0.4235,12828.3958,NA,NA,NA
dwm.exe,2752,0x0,Other,-1,0,0,Hardware: Legacy Flip,12836.7665,NA,4.14880000000000,4.14520000000000,0.00000000000000,0.66970000000000,3.3921,12832.6177,4.1488,4.1488,0.0000,0.6651,4.1534,0.8347,3.3187,0.0767,12832.6177,NA,NA,NA
dwm.exe,2752,0x0,Other,-1,0,0,Hardware: Legacy Flip,12840.9988,NA,4.23230000000000,4.19340000000000,0.00000000000000,0.65230000000000,3.3532,12836.7665,4.2323,4.2323,0.0000,0.6697,4.2149,0.8551,3.3598,-0.0446,12836.7665,NA,NA,NA
dwm.exe,2752,0x0,Other,-1,0,0,Hardware: Legacy Flip,12845.6512,NA,4.65240000000000,4.15470000000000,0.00000000000000,0.61850000000000,2.8555,12840.9988,4.6524,4.6524,0.0000,0.6523,4.6186,0.8617,3.7569,0.0776,12840.9988,NA,NA,NA
dwm.exe,2752,0x0,Other,-1,0,0,Hardware: Legacy Flip,12849.4145,NA,3.76330000000000,4.17690000000000,0.00000000000000,0.65200000000000,3.2691,12845.6512,3.7633,3.7633,0.0000,0.6185,3.7968,0.8381,2.9587,0.4755,12845.6512,NA,NA,NA
dwm.exe,2752,0x0,Other,-1,0,0,Hardware: Legacy Flip,12853.4805,NA,4.06600000000000,4.17040000000000,0.00000000000000,0.64360000000000,3.3735,12849.4145,4.0660,4.0660,0.0000,0.6520,4.0576,0.8296,3.2280,-0.4071,12849.4145,NA,NA,NA
dwm.exe,2752,0x0,Other,-1,0,0,Hardware: Legacy Flip,12857.7692,NA,4.28870000000000,4.16220000000000,0.00000000000000,0.68340000000000,3.2470,12853.4805,4.2887,4.2887,0.0000,0.6436,4.3285,0.8881,3.4404,-0.0962,12853.4805,NA,NA,NA
dwm.exe,2752,0x0,Other,-1,0,0,Hardware: Legacy Flip,12862.1550,NA,4.38580000000000,4.28340000000000,0.00000000000000,0.65410000000000,3.1446,12857.7692,4.3858,4.3858,0.0000,0.6834,4.3565,0.8400,3.5165,0.0053,12857.7692,NA,NA,NA
dwm.exe,2752,0x0,Other,-1,0,0,Hardware: Legacy Flip,12865.9913,NA,3.83630000000000,4.04140000000000,0.00000000000000,0.67620000000000,3.3497,12862.1550,3.8363,3.8363,0.0000,0.6541,3.8584,0.8396,3.0188,0.3444,12862.1550,NA,NA,NA
dwm.exe,2752,0x0,Other,-1,0,0,Hardware: Legacy Flip,12870.0742,NA,4.08290000000000,4.18690000000000,0.00000000000000,0.65490000000000,3.4537,12865.9913,4.0829,4.0829,0.0000,0.6762,4.0616,0.8629,3.1987,-0.3506,12865.9913,NA,NA,NA
dwm.exe,2752,0x0,Other,-1,0,0,Hardware: Legacy Flip,12874.3822,NA,4.30800000000000,4.16150000000000,0.00000000000000,0.66230000000000,3.3072,12870.0742,4.3080,4.3080,0.0000,0.6549,4.3154,0.8482,3.4672,-0.0786,12870.0742,NA,NA,NA
dwm.exe,2752,0x0,Other,-1,0,0,Hardware: Legacy Flip,12878.7387,NA,4.35650000000000,4.17030000000000,0.00000000000000,0.62880000000000,3.1210,12874.3822,4.3565,4.3565,0.0000,0.6623,4.3230,0.8521,3.4709,0.1377,12874.3822,NA,NA,NA
dwm.exe,2752,0x0,Other,-1,0,0,Hardware: Legacy Flip,12882.5835,NA,3.84480000000000,4.13590000000000,0.00000000000000,0.67200000000000,3.4121,12878.7387,3.8448,3.8448,0.0000,0.6288,3.8880,0.8338,3.0542,0.2206,12878.7387,NA,NA,NA
dwm.exe,2752,0x0,Other,-1,0,0,Hardware: Legacy Flip,12886.9494,NA,4.36590000000000,4.17040000000000,0.00000000000000,0.64540000000000,3.2166,12882.5835,4.3659,4.3659,0.0000,0.6720,4.3393,0.8521,3.4872,-0.3256,12882.5835,NA,NA,NA
dwm.exe,2752,0x0,Other,-1,0,0,Hardware: Legacy Flip,12891.3448,NA,4.39540000000000,4.16670000000000,0.00000000000000,1.66350000000000,2.9879,12886.9494,4.3954,4.3954,0.0000,0.6454,5.4135,1.8890,3.5245,0.1992,12886.9494,NA,NA,NA
dwm.exe,2752,0x0,Other,-1,0,0,Hardware: Legacy Flip,12895.3200,NA,3.97520000000000,4.18180000000000,0.00000000000000,0.61460000000000,3.1945,12891.3448,3.9752,3.9752,0.0000,1.6635,2.9263,0.8336,2.0927,0.2136,12891.3448,NA,NA,NA
dwm.exe,2752,0x0,Other,-1,0,0,Hardware: Legacy Flip,12899.2602,NA,3.94020000000000,4.17910000000000,0.00000000000000,0.69450000000000,3.4334,12895.3200,3.9402,3.9402,0.0000,0.6146,4.0201,0.8536,3.1665,-0.2039,12895.3200,NA,NA,NA
dwm.exe,2752,0x0,Other,-1,0,0,Hardware: Legacy Flip,12903.5770,NA,4.31680000000000,4.16460000000000,0.00000000000000,0.64650000000000,3.2812,12899.2602,4.3168,4.3168,0.0000,0.6945,4.2688,0.8370,3.4318,-0.2244,12899.2602,NA,NA,NA
dwm.exe,2752,0x0,Other,-1,0,0,Hardware: Legacy Flip,12908.0587,NA,4.48170000000000,4.16060000000000,0.00000000000000,0.83670000000000,2.9601,12903.5770,4.4817,4.4817,0.0000,0.6465,4.6719,1.0299,3.6420,0.1562,12903.5770,NA,NA,NA
dwm.exe,2752,0x0,Other,-1,0,0,Hardware: Legacy Flip,12911.9031,NA,3.84440000000000,4.17640000000000,0.00000000000000,0.69810000000000,3.2921,12908.0587,3.8444,3.8444,0.0000,0.8367,3.7058,0.8736,2.8322,0.3053,12908.0587,NA,NA,NA
dwm.exe,2752,0x0,Other,-1,0,0,Hardware: Legacy Flip,12916.1041,NA,4.20100000000000,4.16590000000000,0.00000000000000,0.67430000000000,3.2570,12911.9031,4.2010,4.2010,0.0000,0.6981,4.1772,0.8650,3.3122,-0.3215,12911.9031,NA,NA,NA
dwm.exe,2752,0x0,Other,-1,0,0,Hardware: Legacy Flip,12920.8949,NA,4.79080000000000,4.16670000000000,0.00000000000000,0.55800000000000,2.6329,12916.1041,4.7908,4.7908,0.0000,0.6743,4.6745,0.8634,3.8111,0.0343,12916.1041,NA,NA,NA
dwm.exe,2752,0x0,Other,-1,0,0,Hardware: Legacy Flip,12925.1516,NA,4.25670000000000,4.17120000000000,0.00000000000000,0.61490000000000,2.5474,12920.8949,4.2567,4.2567,0.0000,0.5580,4.3136,0.8731,3.4405,0.6196,12920.8949,NA,NA,NA
dwm.exe,2752,0x0,Other,-1,0,0,Hardware: Legacy Flip,12929.3862,NA,4.23460000000000,4.14970000000000,0.00000000000000,0.58550000000000,2.4625,12925.1516,4.2346,4.2346,0.0000,0.6149,4.2052,0.8717,3.3335,0.1070,12925.1516,NA,NA,NA
dwm.exe,2752,0x0,Other,-1,0,0,Hardware: Legacy Flip,12933.0361,NA,3.64990000000000,4.18340000000000,0.00000000000000,1.66040000000000,2.9960,12929.3862,3.6499,3.6499,0.0000,0.5855,4.7248,1.8571,2.8677,0.0512,12929.3862,NA,NA,NA
dwm.exe,2752,0x0,Other,-1,0,0,Hardware: Legacy Flip,12937.4946,NA,4.45850000000000,4.16560000000000,0.00000000000000,0.69670000000000,2.7031,12933.0361,4.4585,4.4585,0.0000,1.6604,3.4948,0.9482,2.5466,-0.5157,12933.0361,NA,NA,NA
dwm.exe,2752,0x0,Other,-1,0,0,Hardware: Legacy Flip,12941.4629,NA,3.96830000000000,4.16140000000000,0.00000000000000,0.64150000000000,2.8962,12937.4946,3.9683,3.9683,0.0000,0.6967,3.9131,0.8784,3.0347,0.2971,12937.4946,NA,NA,NA
dwm.exe,2752,0x0,Other,-1,0,0,Hardware: Legacy Flip,12945.6728,NA,4.20990000000000,4.14170000000000,0.00000000000000,0.63790000000000,2.8280,12941.4629,4.2099,4.2099,0.0000,0.6415,4.2063,0.8939,3.3124,-0.1734,12941.4629,NA,NA,NA
dwm.exe,2752,0x0,Other,-1,0,0,Hardware: Legacy Flip,12949.4676,NA,3.79480000000000,4.16580000000000,0.00000000000000,0.66190000000000,3.1990,12945.6728,3.7948,3.7948,0.0000,0.6379,3.8188,0.8342,2.9846,0.0441,12945.6728,NA,NA,NA
dwm.exe,2752,0x0,Other,-1,0,0,Hardware: Legacy Flip,12953.5439,NA,4.07630000000000,4.18370000000000,0.00000000000000,0.67700000000000,3.3064,12949.4676,4.0763,4.0763,0.0000,0.6619,4.0914,0.8546,3.2368,-0.3889,12949.4676,NA,NA,NA
dwm.exe,2752,0x0,Other,-1,0,0,Hardware: Legacy Flip,12957.6968,NA,4.15290000000000,4.15730000000000,0.00000000000000,0.65930000000000,3.3108,12953.5439,4.1529,4.1529,0.0000,0.6770,4.1352,0.8564,3.2788,-0.0810,12953.5439,NA,NA,NA
dwm.exe,2752,0x0,Other,-1,0,0,Hardware: Legacy Flip,12961.7406,NA,4.04380000000000,4.18620000000000,0.00000000000000,0.70600000000000,3.4532,12957.6968,4.0438,4.0438,0.0000,0.6593,4.0905,0.8566,3.2339,-0.0333,12957.6968,NA,NA,NA
dwm.exe,2752,0x0,Other,-1,0,0,Hardware: Legacy Flip,12966.0252,NA,4.28460000000000,4.15530000000000,0.00000000000000,0.67800000000000,3.3239,12961.7406,4.2846,4.2846,0.0000,0.7060,4.2566,0.8475,3.4091,-0.1115,12961.7406,NA,NA,NA
dwm.exe,2752,0x0,Other,-1,0,0,Hardware: Legacy Flip,12970.4212,NA,4.39600000000000,4.14770000000000,0.00000000000000,0.65290000000000,3.0756,12966.0252,4.3960,4.3960,0.0000,0.6780,4.3709,0.8734,3.4975,0.1369,12966.0252,NA,NA,NA
dwm.exe,2752,0x0,Other,-1,0,0,Hardware: Legacy Flip,12974.5758,NA,4.15460000000000,4.16680000000000,0.00000000000000,0.65320000000000,3.0878,12970.4212,4.1546,4.1546,0.0000,0.6529,4.1549,0.8469,3.3080,0.2292,12970.4212,NA,NA,NA
dwm.exe,2752,0x0,Other,-1,0,0,Hardware: Legacy Flip,12978.6314,NA,4.05560000000000,4.18330000000000,0.00000000000000,0.66900000000000,3.2155,12974.5758,4.0556,4.0556,0.0000,0.6532,4.0714,0.8620,3.2094,-0.0287,12974.5758,NA,NA,NA
dwm.exe,2752,0x0,Other,-1,0,0,Hardware: Legacy Flip,12983.0351,NA,4.40370000000000,4.17130000000000,0.00000000000000,0.62870000000000,2.9831,12978.6314,4.4037,4.4037,0.0000,0.6690,4.3634,0.8317,3.5317,-0.1157,12978.6314,NA,NA,NA
dwm.exe,2752,0x0,Other,-1,0,0,Hardware: Legacy Flip,12987.0854,NA,4.05030000000000,4.15440000000000,0.00000000000000,0.65270000000000,3.0872,12983.0351,4.0503,4.0503,0.0000,0.6287,4.0743,0.8530,3.2213,0.2493,12983.0351,NA,NA,NA
dwm.exe,2752,0x0,Other,-1,0,0,Hardware: Legacy Flip,12990.8214,NA,3.73600000000000,4.18690000000000,0.00000000000000,0.70220000000000,3.5381,12987.0854,3.7360,3.7360,0.0000,0.6527,3.7855,0.8566,2.9289,-0.1366,12987.0854,NA,NA,NA
dwm.exe,2752,0x0,Other,-1,0,0,Hardware: Legacy Flip,12995.0691,NA,4.24770000000000,4.13940000000000,0.00000000000000,0.68810000000000,3.4298,12990.8214,4.2477,4.2477,0.0000,0.7022,4.2336,0.8470,3.3866,-0.4034,12990.8214,NA,NA,NA
dwm.exe,2752,0x0,Other,-1,0,0,Hardware: Legacy Flip,12999.5630,NA,4.49390000000000,4.16610000000000,0.00000000000000,0.65340000000000,3.1020,12995.0691,4.4939,4.4939,0.0000,0.6881,4.4592,0.8612,3.5980,0.0816,12995.0691,NA,NA,NA
dwm.exe,2752,0x0,Other,-1,0,0,Hardware: Legacy Flip,13003.6239,NA,4.06090000000000,4.17590000000000,0.00000000000000,0.68250000000000,3.2170,12999.5630,4.0609,4.0609,0.0000,0.6534,4.0900,0.8371,3.2529,0.3180,12999.5630,NA,NA,NA
dwm.exe,2752,0x0,Other,-1,0,0,Hardware: Legacy Flip,13007.6093,NA,3.98540000000000,4.17960000000000,0.00000000000000,0.68490000000000,3.4112,13003.6239,3.9854,3.9854,0.0000,0.6825,3.9878,0.8475,3.1403,-0.1187,13003.6239,NA,NA,NA
dwm.exe,2752,0x0,Other,-1,0,0,Hardware: Legacy Flip,13011.8663,NA,4.25700000000000,4.15800000000000,0.00000000000000,0.67640000000000,3.3122,13007.6093,4.2570,4.2570,0.0000,0.6849,4.2485,0.8417,3.4068,-0.1726,13007.6093,NA,NA,NA
dwm.exe,2752,0x0,Other,-1,0,0,Hardware: Legacy Flip,13016.0460,NA,4.17970000000000,4.16670000000000,0.00000000000000,0.65850000000000,3.2992,13011.8663,4.1797,4.1797,0.0000,0.6764,4.1618,0.8366,3.3252,0.0903,13011.8663,NA,NA,NA
dwm.exe,2752,0x0,Other,-1,0,0,Hardware: Legacy Flip,13020.1441,NA,4.09810000000000,4.14810000000000,0.00000000000000,0.65140000000000,3.3492,13016.0460,4.0981,4.0981,0.0000,0.6585,4.0910,0.8459,3.2451,0.0316,13016.0460,NA,NA,NA
dwm.exe,2752,0x0,Other,-1,0,0,Hardware: Legacy Flip,13024.2189,NA,4.07480000000000,4.20110000000000,0.00000000000000,0.68940000000000,3.4755,13020.1441,4.0748,4.0748,0.0000,0.6514,4.1128,0.8520,3.2608,-0.1030,13020.1441,NA,NA,NA
dwm.exe,2752,0x0,Other,-1,0,0,Hardware: Legacy Flip,13028.5202,NA,4.30130000000000,4.15530000000000,0.00000000000000,0.66270000000000,3.3295,13024.2189,4.3013,4.3013,0.0000,0.6894,4.2746,0.8567,3.4179,-0.0805,13024.2189,NA,NA,NA
dwm.exe,2752,0x0,Other,-1,0,0,Hardware: Legacy Flip,13032.6276,NA,4.10740000000000,4.16490000000000,0.00000000000000,0.68260000000000,3.3870,13028.5202,4.1074,4.1074,0.0000,0.6627,4.1273,0.8512,3.2761,0.1364,13028.5202,NA,NA,NA
dwm.exe,2752,0x0,Other,-1,0,0,Hardware: Legacy Flip,13036.7678,NA,4.14020000000000,4.17600000000000,0.00000000000000,0.68530000000000,3.4228,13032.6276,4.1402,4.1402,0.0000,0.6826,4.1429,0.8476,3.2953,-0.0686,13032.6276,NA,NA,NA
dwm.exe,2752,0x0,Other,-1,0,0,Hardware: Legacy Flip,13041.3832,NA,4.61540000000000,4.17160000000000,0.00000000000000,0.66900000000000,2.9790,13036.7678,4.6154,4.6154,0.0000,0.6853,4.5991,0.8450,3.7541,-0.0314,13036.7678,NA,NA,NA
dwm.exe,2752,0x0,Other,-1,0,0,Hardware: Legacy Flip,13045.4675,NA,4.08430000000000,4.15610000000000,0.00000000000000,0.73120000000000,3.0508,13041.3832,4.0843,4.0843,0.0000,0.6690,4.1465,0.9134,3.2331,0.4593,13041.3832,NA,NA,NA
dwm.exe,2752,0x0,Other,-1,0,0,Hardware: Legacy Flip,13050.0736,NA,4.60610000000000,4.16920000000000,0.00000000000000,0.65200000000000,2.6139,13045.4675,4.6061,4.6061,0.0000,0.7312,4.5269,1.0854,3.4415,-0.0849,13045.4675,NA,NA,NA
dwm.exe,2752,0x0,Other,-1,0,0,Hardware: Legacy Flip,13054.5596,NA,4.48600000000000,4.17330000000000,0.00000000000000,0.60640000000000,2.3012,13050.0736,4.4860,4.4860,0.0000,0.6520,4.4404,0.8821,3.5583,0.4328,13050.0736,NA,NA,NA
dwm.exe,2752,0x0,Other,-1,0,0,Hardware: Legacy Flip,13058.1010,NA,3.54140000000000,4.15360000000000,0.00000000000000,0.63290000000000,2.9134,13054.5596,3.5414,3.5414,0.0000,0.6064,3.5679,0.8404,2.7275,0.3324,13054.5596,NA,NA,NA
dwm.exe,2752,0x0,Other,-1,0,0,Hardware: Legacy Flip,13062.2554,NA,4.15440000000000,4.17230000000000,0.00000000000000,0.70200000000000,2.9313,13058.1010,4.1544,4.1544,0.0000,0.6329,4.2235,0.8921,3.3314,-0.6309,13058.1010,NA,NA,NA
dwm.exe,2752,0x0,Other,-1,0,0,Hardware: Legacy Flip,13066.4810,NA,4.22560000000000,4.18510000000000,0.00000000000000,0.83980000000000,2.8908,13062.2554,4.2256,4.2256,0.0000,0.7020,4.3634,1.0604,3.3030,-0.0307,13062.2554,NA,NA,NA
dwm.exe,2752,0x0,Other,-1,0,0,Hardware: Legacy Flip,13070.4155,NA,3.93450000000000,4.15020000000000,0.00000000000000,0.67420000000000,3.1065,13066.4810,3.9345,3.9345,0.0000,0.8398,3.7689,0.8613,2.9076,0.0754,13066.4810,NA,NA,NA
dwm.exe,2752,0x0,Other,-1,0,0,Hardware: Legacy Flip,13074.5048,NA,4.08930000000000,4.15350000000000,0.00000000000000,0.70440000000000,3.1707,13070.4155,4.0893,4.0893,0.0000,0.6742,4.1195,0.8596,3.2599,-0.2190,13070.4155,NA,NA,NA
dwm.exe,2752,0x0,Other,-1,0,0,Hardware: Legacy Flip,13078.9128,NA,4.40800000000000,4.17060000000000,0.00000000000000,0.59930000000000,2.9333,13074.5048,4.4080,4.4080,0.0000,0.7044,4.3029,0.8663,3.4366,-0.0813,13074.5048,NA,NA,NA
dwm.exe,2752,0x0,Other,-1,0,0,Hardware: Legacy Flip,13082.7762,NA,3.86340000000000,4.17620000000000,0.00000000000000,0.65760000000000,3.2461,13078.9128,3.8634,3.8634,0.0000,0.5993,3.9217,0.8373,3.0844,0.2318,13078.9128,NA,NA,NA
dwm.exe,2752,0x0,Other,-1,0,0,Hardware: Legacy Flip,13086.9713,NA,4.19510000000000,4.13590000000000,0.00000000000000,0.68460000000000,3.1869,13082.7762,4.1951,4.1951,0.0000,0.6576,4.2221,0.8543,3.3678,-0.2725,13082.7762,NA,NA,NA
dwm.exe,2752,0x0,Other,-1,0,0,Hardware: Legacy Flip,13091.0525,NA,4.08120000000000,4.19030000000000,0.00000000000000,0.67440000000000,3.2960,13086.9713,4.0812,4.0812,0.0000,0.6846,4.0710,0.8304,3.2406,0.0048,13086.9713,NA,NA,NA
dwm.exe,2752,0x0,Other,-1,0,0,Hardware: Legacy Flip,13095.3475,NA,4.29500000000000,4.17310000000000,0.00000000000000,0.67540000000000,3.1741,13091.0525,4.2950,4.2950,0.0000,0.6744,4.2960,0.8570,3.4390,-0.0919,13091.0525,NA,NA,NA
dwm.exe,2752,0x0,Other,-1,0,0,Hardware: Legacy Flip,13099.8420,NA,4.49450000000000,4.15900000000000,0.00000000000000,0.66450000000000,2.8386,13095.3475,4.4945,4.4945,0.0000,0.6754,4.4836,0.8466,3.6370,0.1360,13095.3475,NA,NA,NA
dwm.exe,2752,0x0,Other,-1,0,0,Hardware: Legacy Flip,13103.4961,NA,3.65410000000000,NA,0.00000000000000,0.00000000000000,NA,13099.8420,3.6541,3.6541,0.0000,0.0000,0.0000,0.0000,0.0000,NA,NA,NA,NA,NA
dwm.exe,2752,0x0,Other,-1,0,0,Hardware: Legacy Flip,13107.8710,NA,4.37490000000000,8.32680000000000,0.00000000000000,0.13780000000000,3.1364,13103.4961,4.3749,4.3749,0.0000,0.1753,4.3374,0.3397,3.9977,-0.1782,13103.4961,NA,NA,NA
dwm.exe,2752,0x0,Other,-1,0,0,Hardware: Legacy Flip,13111.9392,NA,4.06820000000000,4.16430000000000,0.00000000000000,0.20870000000000,3.2325,13107.8710,4.0682,4.0682,0.0000,0.1378,4.1391,0.3804,3.7587,0.2106,13107.8710,NA,NA,NA
dwm.exe,2752,0x0,Other,-1,0,0,Hardware: Legacy Flip,13115.8597,NA,3.92050000000000,4.17290000000000,0.00000000000000,0.17990000000000,3.4849,13111.9392,3.9205,3.9205,0.0000,0.2087,3.8917,0.3552,3.5365,-0.1047,13111.9392,NA,NA,NA
dwm.exe,2752,0x0,Other,-1,0,0,Hardware: Legacy Flip,13120.0071,NA,4.14740000000000,4.16430000000000,0.00000000000000,0.05960000000000,3.5018,13115.8597,4.1474,4.1474,0.0000,0.1799,4.0271,0.2460,3.7811,-0.2438,13115.8597,NA,NA,NA
dwm.exe,2752,0x0,Other,-1,0,0,Hardware: Legacy Flip,13124.1405,NA,4.13340000000000,4.16190000000000,0.00000000000000,0.07150000000000,3.5303,13120.0071,4.1334,4.1334,0.0000,0.0596,4.1453,0.2310,3.9143,-0.0145,13120.0071,NA,NA,NA
dwm.exe,2752,0x0,Other,-1,0,0,Hardware: Legacy Flip,13128.2525,NA,4.11200000000000,4.16090000000000,0.00000000000000,0.07600000000000,3.5792,13124.1405,4.1120,4.1120,0.0000,0.0715,4.1165,0.2310,3.8855,-0.0275,13124.1405,NA,NA,NA
dwm.exe,2752,0x0,Other,-1,0,0,Hardware: Legacy Flip,13132.4006,NA,4.14810000000000,4.17820000000000,0.00000000000000,0.05860000000000,3.6093,13128.2525,4.1481,4.1481,0.0000,0.0760,4.1307,0.2062,3.9245,-0.0662,13128.2525,NA,NA,NA
dwm.exe,2752,0x0,Other,-1,0,0,Hardware: Legacy Flip,13136.7765,NA,4.37590000000000,4.15690000000000,0.00000000000000,0.08830000000000,3.3903,13132.4006,4.3759,4.3759,0.0000,0.0586,4.4056,0.2551,4.1505,-0.0088,13132.4006,NA,NA,NA
dwm.exe,2752,0x0,Other,-1,0,0,Hardware: Legacy Flip,13140.6662,NA,3.88970000000000,4.16200000000000,0.00000000000000,0.07800000000000,3.6626,13136.7765,3.8897,3.8897,0.0000,0.0883,3.8794,0.2126,3.6668,0.2139,13136.7765,NA,NA,NA
dwm.exe,2752,0x0,Other,-1,0,0,Hardware: Legacy Flip,13144.8789,NA,4.21270000000000,4.17390000000000,0.00000000000000,0.01250000000000,3.6238,13140.6662,4.2127,4.2127,0.0000,0.0780,4.1472,0.3019,3.8453,-0.2842,13140.6662,NA,NA,NA
dwm.exe,2752,0x0,Other,-1,0,0,Hardware: Legacy Flip,13149.0919,NA,4.21300000000000,4.17780000000000,0.00000000000000,0.07110000000000,3.5886,13144.8789,4.2130,4.2130,0.0000,0.0125,4.2716,0.1896,4.0820,0.0349,13144.8789,NA,NA,NA
dwm.exe,2752,0x0,Other,-1,0,0,Hardware: Legacy Flip,13153.3782,NA,4.28630000000000,4.14340000000000,0.00000000000000,0.05650000000000,3.4457,13149.0919,4.2863,4.2863,0.0000,0.0711,4.2717,0.2631,4.0086,0.0696,13149.0919,NA,NA,NA
dwm.exe,2752,0x0,Other,-1,0,0,Hardware: Legacy Flip,13157.7020,NA,4.32380000000000,4.17590000000000,0.00000000000000,0.04280000000000,3.2978,13153.3782,4.3238,4.3238,0.0000,0.0565,4.3101,0.2162,4.0939,0.1104,13153.3782,NA,NA,NA
dwm.exe,2752,0x0,Other,-1,0,0,Hardware: Legacy Flip,13161.5988,NA,3.89680000000000,4.16770000000000,0.00000000000000,0.05530000000000,3.5687,13157.7020,3.8968,3.8968,0.0000,0.0428,3.9093,0.2219,3.6874,0.1561,13157.7020,NA,NA,NA
dwm.exe,2752,0x0,Other,-1,0,0,Hardware: Legacy Flip,13165.9511,NA,4.35230000000000,4.17090000000000,0.00000000000000,0.06990000000000,3.3873,13161.5988,4.3523,4.3523,0.0000,0.0553,4.3669,0.2291,4.1378,-0.2741,13161.5988,NA,NA,NA
dwm.exe,2752,0x0,Other,-1,0,0,Hardware: Legacy Flip,13169.9563,NA,4.00520000000000,4.16060000000000,0.00000000000000,0.05870000000000,3.5427,13165.9511,4.0052,4.0052,0.0000,0.0699,3.9940,0.2511,3.7429,0.1917,13165.9511,NA,NA,NA
dwm.exe,2752,0x0,Other,-1,0,0,Hardware: Legacy Flip,13174.0575,NA,4.10120000000000,4.15940000000000,0.00000000000000,0.07450000000000,3.6009,13169.9563,4.1012,4.1012,0.0000,0.0587,4.1170,0.2204,3.8966,-0.1542,13169.9563,NA,NA,NA
dwm.exe,2752,0x0,Other,-1,0,0,Hardware: Legacy Flip,13178.1946,NA,4.13710000000000,4.19020000000000,0.00000000000000,0.06510000000000,3.6540,13174.0575,4.1371,4.1371,0.0000,0.0745,4.1277,0.2185,3.9092,-0.0890,13174.0575,NA,NA,NA
dwm.exe,2752,0x0,Other,-1,0,0,Hardware: Legacy Flip,13182.4885,NA,4.29390000000000,4.15470000000000,0.00000000000000,0.06690000000000,3.5148,13178.1946,4.2939,4.2939,0.0000,0.0651,4.2957,0.2459,4.0498,-0.0176,13178.1946,NA,NA,NA
dwm.exe,2752,0x0,Other,-1,0,0,Hardware: Legacy Flip,13186.6826,NA,4.19410000000000,4.14720000000000,0.00000000000000,0.08030000000000,3.4679,13182.4885,4.1941,4.1941,0.0000,0.0669,4.2075,0.2361,3.9714,0.1467,13182.4885,NA,NA,NA
dwm.exe,2752,0x0,Other,-1,0,0,Hardware: Legacy Flip,13190.7821,NA,4.09950000000000,4.18630000000000,0.00000000000000,0.08160000000000,3.5547,13186.6826,4.0995,4.0995,0.0000,0.0803,4.1008,0.2496,3.8512,0.0078,13186.6826,NA,NA,NA
dwm.exe,2752,0x0,Other,-1,0,0,Hardware: Legacy Flip,13195.1924,NA,4.41030000000000,4.15800000000000,0.00000000000000,0.07390000000000,3.3024,13190.7821,4.4103,4.4103,0.0000,0.0816,4.4026,0.2318,4.1708,-0.0585,13190.7821,NA,NA,NA
dwm.exe,2752,0x0,Other,-1,0,0,Hardware: Legacy Flip,13199.3158,NA,4.12340000000000,4.17350000000000,0.00000000000000,0.03800000000000,3.3525,13195.1924,4.1234,4.1234,0.0000,0.0739,4.0875,0.2292,3.8583,0.2368,13195.1924,NA,NA,NA
dwm.exe,2752,0x0,Other,-1,0,0,Hardware: Legacy Flip,13203.4186,NA,4.10280000000000,4.17430000000000,0.00000000000000,0.04980000000000,3.4240,13199.3158,4.1028,4.1028,0.0000,0.0380,4.1146,0.2347,3.8799,-0.0509,13199.3158,NA,NA,NA
dwm.exe,2752,0x0,Other,-1,0,0,Hardware: Legacy Flip,13207.4812,NA,4.06260000000000,4.16980000000000,0.00000000000000,0.04520000000000,3.5312,13203.4186,4.0626,4.0626,0.0000,0.0498,4.0580,0.2348,3.8232,-0.0670,13203.4186,NA,NA,NA
dwm.exe,2752,0x0,Other,-1,0,0,Hardware: Legacy Flip,13211.7179,NA,4.23670000000000,4.16180000000000,0.00000000000000,0.06430000000000,3.4563,13207.4812,4.2367,4.2367,0.0000,0.0452,4.2558,0.2376,4.0182,-0.0992,13207.4812,NA,NA,NA
dwm.exe,2752,0x0,Other,-1,0,0,Hardware: Legacy Flip,13215.8958,NA,4.17790000000000,4.17550000000000,0.00000000000000,0.06090000000000,3.4539,13211.7179,4.1779,4.1779,0.0000,0.0643,4.1745,0.2378,3.9367,0.0612,13211.7179,NA,NA,NA
dwm.exe,2752,0x0,Other,-1,0,0,Hardware: Legacy Flip,13220.4178,NA,4.52200000000000,4.15180000000000,0.00000000000000,0.03030000000000,3.0837,13215.8958,4.5220,4.5220,0.0000,0.0609,4.4914,0.2552,4.2362,0.0261,13215.8958,NA,NA,NA
dwm.exe,2752,0x0,Other,-1,0,0,Hardware: Legacy Flip,13224.4530,NA,4.03520000000000,4.17230000000000,0.00000000000000,0.02820000000000,3.2208,13220.4178,4.0352,4.0352,0.0000,0.0303,4.0331,0.2186,3.8145,0.3497,13220.4178,NA,NA,NA
dwm.exe,2752,0x0,Other,-1,0,0,Hardware: Legacy Flip,13228.5981,NA,4.14510000000000,4.17930000000000,0.00000000000000,0.03190000000000,3.2550,13224.4530,4.1451,4.1451,0.0000,0.0282,4.1488,0.2284,3.9204,-0.1441,13224.4530,NA,NA,NA
dwm.exe,2752,0x0,Other,-1,0,0,Hardware: Legacy Flip,13232.7491,NA,4.15100000000000,4.15270000000000,0.00000000000000,0.03910000000000,3.2567,13228.5981,4.1510,4.1510,0.0000,0.0319,4.1582,0.2348,3.9234,-0.0076,13228.5981,NA,NA,NA
dwm.exe,2752,0x0,Other,-1,0,0,Hardware: Legacy Flip,13236.7412,NA,3.99210000000000,4.15740000000000,0.00000000000000,0.05540000000000,3.4220,13232.7491,3.9921,3.9921,0.0000,0.0391,4.0084,0.2101,3.7983,-0.0064,13232.7491,NA,NA,NA
dwm.exe,2752,0x0,Other,-1,0,0,Hardware: Legacy Flip,13240.8139,NA,4.07270000000000,4.19120000000000,0.00000000000000,0.06590000000000,3.5405,13236.7412,4.0727,4.0727,0.0000,0.0554,4.0832,0.2316,3.8516,-0.1991,13236.7412,NA,NA,NA
dwm.exe,2752,0x0,Other,-1,0,0,Hardware: Legacy Flip,13245.5492,NA,4.73530000000000,4.14710000000000,0.00000000000000,0.02410000000000,2.9523,13240.8139,4.7353,4.7353,0.0000,0.0659,4.6935,0.2301,4.4634,-0.0744,13240.8139,NA,NA,NA
dwm.exe,2752,0x0,Other,-1,0,0,Hardware: Legacy Flip,13249.4557,NA,3.90650000000000,4.16620000000000,0.00000000000000,0.02860000000000,3.2120,13245.5492,3.9065,3.9065,0.0000,0.0241,3.9110,0.2457,3.6653,0.5691,13245.5492,NA,NA,NA
dwm.exe,2752,0x0,Other,-1,0,0,Hardware: Legacy Flip,13253.4871,NA,4.03140000000000,4.16960000000000,0.00000000000000,0.04530000000000,3.3502,13249.4557,4.0314,4.0314,0.0000,0.0286,4.0481,0.2268,3.8213,-0.2631,13249.4557,NA,NA,NA
dwm.exe,2752,0x0,Other,-1,0,0,Hardware: Legacy Flip,13257.5960,NA,4.10890000000000,4.17060000000000,0.00000000000000,0.06590000000000,3.4119,13253.4871,4.1089,4.1089,0.0000,0.0453,4.1295,0.2405,3.8890,-0.1392,13253.4871,NA,NA,NA
dwm.exe,2752,0x0,Other,-1,0,0,Hardware: Legacy Flip,13261.9636,NA,4.36760000000000,4.17220000000000,0.00000000000000,0.01990000000000,3.2165,13257.5960,4.3676,4.3676,0.0000,0.0659,4.3216,0.2243,4.0973,-0.0633,13257.5960,NA,NA,NA
dwm.exe,2752,0x0,Other,-1,0,0,Hardware: Legacy Flip,13266.0756,NA,4.11200000000000,4.17640000000000,0.00000000000000,0.01620000000000,3.2809,13261.9636,4.1120,4.1120,0.0000,0.0199,4.1083,0.3441,3.7642,0.1912,13261.9636,NA,NA,NA
dwm.exe,2752,0x0,Other,-1,0,0,Hardware: Legacy Flip,13270.4326,NA,4.35700000000000,4.16140000000000,0.00000000000000,0.06780000000000,3.0853,13266.0756,4.3570,4.3570,0.0000,0.0162,4.4086,0.1882,4.2204,-0.0494,13266.0756,NA,NA,NA
dwm.exe,2752,0x0,Other,-1,0,0,Hardware: Legacy Flip,13274.6170,NA,4.18440000000000,4.16540000000000,0.00000000000000,0.02660000000000,3.0663,13270.4326,4.1844,4.1844,0.0000,0.0678,4.1432,0.2764,3.8668,0.1916,13270.4326,NA,NA,NA
dwm.exe,2752,0x0,Other,-1,0,0,Hardware: Legacy Flip,13278.6206,NA,4.00360000000000,4.16280000000000,0.00000000000000,0.02840000000000,3.2255,13274.6170,4.0036,4.0036,0.0000,0.0266,4.0054,0.2216,3.7838,0.0216,13274.6170,NA,NA,NA
dwm.exe,2752,0x0,Other,-1,0,0,Hardware: Legacy Flip,13282.5647,NA,3.94410000000000,4.15310000000000,0.00000000000000,0.05350000000000,3.4345,13278.6206,3.9441,3.9441,0.0000,0.0284,3.9692,0.2201,3.7491,-0.1495,13278.6206,NA,NA,NA
dwm.exe,2752,0x0,Other,-1,0,0,Hardware: Legacy Flip,13286.6153,NA,4.05060000000000,4.15170000000000,0.00000000000000,0.11770000000000,3.5356,13282.5647,4.0506,4.0506,0.0000,0.0535,4.1148,0.2820,3.8328,-0.2076,13282.5647,NA,NA,NA
dwm.exe,2752,0x0,Other,-1,0,0,Hardware: Legacy Flip,13290.7499,NA,4.13460000000000,4.18680000000000,0.00000000000000,0.08040000000000,3.5878,13286.6153,4.1346,4.1346,0.0000,0.1177,4.0973,0.1848,3.9125,-0.1362,13286.6153,NA,NA,NA
dwm.exe,2752,0x0,Other,-1,0,0,Hardware: Legacy Flip,13295.1717,NA,4.42180000000000,4.16130000000000,0.00000000000000,0.06220000000000,3.3273,13290.7499,4.4218,4.4218,0.0000,0.0804,4.4036,0.2361,4.1675,-0.0267,13290.7499,NA,NA,NA
dwm.exe,2752,0x0,Other,-1,0,0,Hardware: Legacy Flip,13299.6425,NA,4.47080000000000,4.16460000000000,0.00000000000000,0.05180000000000,3.0211,13295.1717,4.4708,4.4708,0.0000,0.0622,4.4604,0.2459,4.2145,0.2572,13295.1717,NA,NA,NA
dwm.exe,2752,0x0,Other,-1,0,0,Hardware: Legacy Flip,13303.6977,NA,4.05520000000000,4.18590000000000,0.00000000000000,0.02600000000000,3.1518,13299.6425,4.0552,4.0552,0.0000,0.0518,4.0294,0.2456,3.7838,0.2849,13299.6425,NA,NA,NA
dwm.exe,2752,0x0,Other,-1,0,0,Hardware: Legacy Flip,13307.6585,NA,3.96080000000000,4.14420000000000,0.00000000000000,0.03260000000000,3.3352,13303.6977,3.9608,3.9608,0.0000,0.0260,3.9674,0.2282,3.7392,-0.0890,13303.6977,NA,NA,NA
dwm.exe,2752,0x0,Other,-1,0,0,Hardware: Legacy Flip,13311.7780,NA,4.11950000000000,4.16760000000000,0.00000000000000,0.04190000000000,3.3833,13307.6585,4.1195,4.1195,0.0000,0.0326,4.1288,0.2311,3.8977,-0.2068,13307.6585,NA,NA,NA
dwm.exe,2752,0x0,Other,-1,0,0,Hardware: Legacy Flip,13315.8597,NA,4.08170000000000,4.17620000000000,0.00000000000000,0.03740000000000,3.4778,13311.7780,4.0817,4.0817,0.0000,0.0419,4.0772,0.2262,3.8510,-0.0567,13311.7780,NA,NA,NA
dwm.exe,2752,0x0,Other,-1,0,0,Hardware: Legacy Flip,13320.0753,NA,4.21560000000000,4.18780000000000,0.00000000000000,0.04700000000000,3.4500,13315.8597,4.2156,4.2156,0.0000,0.0374,4.2252,0.2275,3.9977,-0.1061,13315.8597,NA,NA,NA
dwm.exe,2752,0x0,Other,-1,0,0,Hardware: Legacy Flip,13324.1303,NA,4.05500000000000,4.15960000000000,0.00000000000000,0.04890000000000,3.5546,13320.0753,4.0550,4.0550,0.0000,0.0470,4.0569,0.2258,3.8311,0.0560,13320.0753,NA,NA,NA
dwm.exe,2752,0x0,Other,-1,0,0,Hardware: Legacy Flip,13328.3051,NA,4.17480000000000,4.15150000000000,0.00000000000000,0.01620000000000,3.5313,13324.1303,4.1748,4.1748,0.0000,0.0489,4.1421,0.2191,3.9230,-0.0965,13324.1303,NA,NA,NA
dwm.exe,2752,0x0,Other,-1,0,0,Hardware: Legacy Flip,13332.3801,NA,4.07500000000000,4.18650000000000,0.00000000000000,0.01490000000000,3.6428,13328.3051,4.0750,4.0750,0.0000,0.0162,4.0737,0.2095,3.8642,-0.0117,13328.3051,NA,NA,NA
dwm.exe,2752,0x0,Other,-1,0,0,Hardware: Legacy Flip,13336.4974,NA,4.11730000000000,4.16550000000000,0.00000000000000,0.02550000000000,3.6910,13332.3801,4.1173,4.1173,0.0000,0.0149,4.1279,0.1789,3.9490,-0.0905,13332.3801,NA,NA,NA
dwm.exe,2752,0x0,Other,-1,0,0,Hardware: Legacy Flip,13340.7062,NA,4.20880000000000,4.15460000000000,0.00000000000000,0.01550000000000,3.6368,13336.4974,4.2088,4.2088,0.0000,0.0255,4.1988,0.1939,4.0049,-0.0373,13336.4974,NA,NA,NA
dwm.exe,2752,0x0,Other,-1,0,0,Hardware: Legacy Flip,13344.8188,NA,4.11260000000000,4.15790000000000,0.00000000000000,0.01500000000000,3.6821,13340.7062,4.1126,4.1126,0.0000,0.0155,4.1121,0.1910,3.9211,0.0509,13340.7062,NA,NA,NA
dwm.exe,2752,0x0,Other,-1,0,0,Hardware: Legacy Flip,13348.9757,NA,4.15690000000000,4.17470000000000,0.00000000000000,0.02450000000000,3.6999,13344.8188,4.1569,4.1569,0.0000,0.0150,4.1664,0.1960,3.9704,-0.0621,13344.8188,NA,NA,NA
dwm.exe,2752,0x0,Other,-1,0,0,Hardware: Legacy Flip,13353.1518,NA,4.17610000000000,4.18160000000000,0.00000000000000,0.03630000000000,3.7054,13348.9757,4.1761,4.1761,0.0000,0.0245,4.1879,0.2513,3.9366,-0.0247,13348.9757,NA,NA,NA
dwm.exe,2752,0x0,Other,-1,0,0,Hardware: Legacy Flip,13357.3352,NA,4.18340000000000,4.15460000000000,0.00000000000000,0.02540000000000,3.6766,13353.1518,4.1834,4.1834,0.0000,0.0363,4.1725,0.1927,3.9798,0.0215,13353.1518,NA,NA,NA
dwm.exe,2752,0x0,Other,-1,0,0,Hardware: Legacy Flip,13361.6422,NA,4.30700000000000,4.16810000000000,0.00000000000000,0.02930000000000,3.5377,13357.3352,4.3070,4.3070,0.0000,0.0254,4.3109,0.1993,4.1116,0.0153,13357.3352,NA,NA,NA
dwm.exe,2752,0x0,Other,-1,0,0,Hardware: Legacy Flip,13365.7978,NA,4.15560000000000,4.17010000000000,0.00000000000000,0.03500000000000,3.5522,13361.6422,4.1556,4.1556,0.0000,0.0293,4.1613,0.2033,3.9580,0.1369,13361.6422,NA,NA,NA
dwm.exe,2752,0x0,Other,-1,0,0,Hardware: Legacy Flip,13370.0774,NA,4.27960000000000,4.16270000000000,0.00000000000000,0.01650000000000,3.4353,13365.7978,4.2796,4.2796,0.0000,0.0350,4.2611,0.2202,4.0409,-0.0071,13365.7978,NA,NA,NA
dwm.exe,2752,0x0,Other,-1,0,0,Hardware: Legacy Flip,13374.0633,NA,3.98590000000000,4.16110000000000,0.00000000000000,0.02790000000000,3.6105,13370.0774,3.9859,3.9859,0.0000,0.0165,3.9973,0.1580,3.8393,0.1185,13370.0774,NA,NA,NA
dwm.exe,2752,0x0,Other,-1,0,0,Hardware: Legacy Flip,13378.2512,NA,4.18790000000000,4.17330000000000,0.00000000000000,0.04080000000000,3.5959,13374.0633,4.1879,4.1879,0.0000,0.0279,4.2008,0.2006,4.0002,-0.1874,13374.0633,NA,NA,NA
dwm.exe,2752,0x0,Other,-1,0,0,Hardware: Legacy Flip,13382.3686,NA,4.11740000000000,4.16120000000000,0.00000000000000,0.04210000000000,3.6397,13378.2512,4.1174,4.1174,0.0000,0.0408,4.1187,0.1926,3.9261,0.0267,13378.2512,NA,NA,NA
dwm.exe,2752,0x0,Other,-1,0,0,Hardware: Legacy Flip,13386.5454,NA,4.17680000000000,4.15220000000000,0.00000000000000,0.05990000000000,3.6151,13382.3686,4.1768,4.1768,0.0000,0.0421,4.1946,0.1973,3.9973,-0.0348,13382.3686,NA,NA,NA
dwm.exe,2752,0x0,Other,-1,0,0,Hardware: Legacy Flip,13391.0598,NA,4.51440000000000,4.18780000000000,0.00000000000000,0.01780000000000,3.2885,13386.5454,4.5144,4.5144,0.0000,0.0599,4.4723,0.2438,4.2285,-0.0110,13386.5454,NA,NA,NA
dwm.exe,2752,0x0,Other,-1,0,0,Hardware: Legacy Flip,13395.1333,NA,4.07350000000000,4.16480000000000,0.00000000000000,0.01630000000000,3.3798,13391.0598,4.0735,4.0735,0.0000,0.0178,4.0720,0.1877,3.8843,0.3496,13391.0598,NA,NA,NA
dwm.exe,2752,0x0,Other,-1,0,0,Hardware: Legacy Flip,13399.1918,NA,4.05850000000000,4.16710000000000,0.00000000000000,0.02070000000000,3.4884,13395.1333,4.0585,4.0585,0.0000,0.0163,4.0629,0.1585,3.9044,-0.0936,13395.1333,NA,NA,NA
dwm.exe,2752,0x0,Other,-1,0,0,Hardware: Legacy Flip,13403.4061,NA,4.21430000000000,4.15310000000000,0.00000000000000,0.02350000000000,3.4272,13399.1918,4.2143,4.2143,0.0000,0.0207,4.2171,0.1884,4.0287,-0.0946,13399.1918,NA,NA,NA
dwm.exe,2752,0x0,Other,-1,0,0,Hardware: Legacy Flip,13411.5828,NA,8.17670000000000,8.34080000000000,0.00000000000000,0.03580000000000,3.5913,13403.4061,8.1767,8.1767,0.0000,0.0235,8.1890,0.1802,8.0088,-4.1265,13403.4061,NA,NA,NA
dwm.exe,2752,0x0,Other,-1,0,0,Hardware: Legacy Flip,13416.1015,NA,4.51870000000000,4.16410000000000,0.00000000000000,0.01660000000000,3.2367,13411.5828,4.5187,4.5187,0.0000,0.0358,4.4995,0.2407,4.2588,4.0126,13411.5828,NA,NA,NA
dwm.exe,2752,0x0,Other,-1,0,0,Hardware: Legacy Flip,13419.8653,NA,3.76380000000000,4.17780000000000,0.00000000000000,0.02460000000000,3.6507,13416.1015,3.7638,3.7638,0.0000,0.0166,3.7718,0.1727,3.5991,0.3409,13416.1015,NA,NA,NA
dwm.exe,2752,0x0,Other,-1,0,0,Hardware: Legacy Flip,13424.1784,NA,4.31310000000000,4.15650000000000,0.00000000000000,0.05680000000000,3.4941,13419.8653,4.3131,4.3131,0.0000,0.0246,4.3453,0.2308,4.1145,-0.3927,13419.8653,NA,NA,NA
dwm.exe,2752,0x0,Other,-1,0,0,Hardware: Legacy Flip,13428.2288,NA,4.05040000000000,4.17450000000000,0.00000000000000,0.02300000000000,3.6182,13424.1784,4.0504,4.0504,0.0000,0.0568,4.0166,0.1922,3.8244,0.1386,13424.1784,NA,NA,NA
dwm.exe,2752,0x0,Other,-1,0,0,Hardware: Legacy Flip,13432.3540,NA,4.12520000000000,4.16040000000000,0.00000000000000,0.02730000000000,3.6534,13428.2288,4.1252,4.1252,0.0000,0.0230,4.1295,0.2090,3.9205,-0.1100,13428.2288,NA,NA,NA
dwm.exe,2752,0x0,Other,-1,0,0,Hardware: Legacy Flip,13436.5113,NA,4.15730000000000,4.16950000000000,0.00000000000000,0.01490000000000,3.6656,13432.3540,4.1573,4.1573,0.0000,0.0273,4.1449,0.1929,3.9520,-0.0443,13432.3540,NA,NA,NA
dwm.exe,2752,0x0,Other,-1,0,0,Hardware: Legacy Flip,13440.6643,NA,4.15300000000000,4.16850000000000,0.00000000000000,0.03190000000000,3.6811,13436.5113,4.1530,4.1530,0.0000,0.0149,4.1700,0.2049,3.9651,-0.0112,13436.5113,NA,NA,NA
dwm.exe,2752,0x0,Other,-1,0,0,Hardware: Legacy Flip,13444.8477,NA,4.18340000000000,4.17180000000000,0.00000000000000,0.02250000000000,3.6695,13440.6643,4.1834,4.1834,0.0000,0.0319,4.1740,0.1908,3.9832,-0.0188,13440.6643,NA,NA,NA
dwm.exe,2752,0x0,Other,-1,0,0,Hardware: Legacy Flip,13449.5499,NA,4.70220000000000,4.15940000000000,0.00000000000000,0.02980000000000,3.1267,13444.8477,4.7022,4.7022,0.0000,0.0225,4.7095,0.2074,4.5021,0.0240,13444.8477,NA,NA,NA
dwm.exe,2752,0x0,Other,-1,0,0,Hardware: Legacy Flip,13453.1500,NA,3.60010000000000,4.16740000000000,0.00000000000000,0.03370000000000,3.6940,13449.5499,3.6001,3.6001,0.0000,0.0298,3.6040,0.1978,3.4062,0.5348,13449.5499,NA,NA,NA
dwm.exe,2752,0x0,Other,-1,0,0,Hardware: Legacy Flip,13457.3218,NA,4.17180000000000,4.17100000000000,0.00000000000000,0.01480000000000,3.6932,13453.1500,4.1718,4.1718,0.0000,0.0337,4.1529,0.2608,3.8921,-0.5709,13453.1500,NA,NA,NA
dwm.exe,2752,0x0,Other,-1,0,0,Hardware: Legacy Flip,13461.5709,NA,4.24910000000000,4.16610000000000,0.00000000000000,0.02230000000000,3.6102,13457.3218,4.2491,4.2491,0.0000,0.0148,4.2566,0.1987,4.0579,0.0057,13457.3218,NA,NA,NA
dwm.exe,2752,0x0,Other,-1,0,0,Hardware: Legacy Flip,13465.7900,NA,4.21910000000000,4.16810000000000,0.00000000000000,0.04240000000000,3.5592,13461.5709,4.2191,4.2191,0.0000,0.0223,4.2392,0.2043,4.0349,0.0810,13461.5709,NA,NA,NA
dwm.exe,2752,0x0,Other,-1,0,0,Hardware: Legacy Flip,13474.2135,NA,8.42350000000000,8.34320000000000,0.00000000000000,0.01690000000000,3.4789,13465.7900,8.4235,8.4235,0.0000,0.0424,8.3980,0.2319,8.1661,-4.1241,13465.7900,NA,NA,NA
dwm.exe,2752,0x0,Other,-1,0,0,Hardware: Legacy Flip,13478.3417,NA,4.12820000000000,4.14560000000000,0.00000000000000,0.01620000000000,3.4963,13474.2135,4.1282,4.1282,0.0000,0.0169,4.1275,0.1768,3.9507,4.2779,13474.2135,NA,NA,NA
dwm.exe,2752,0x0,Other,-1,0,0,Hardware: Legacy Flip,13482.5387,NA,4.19700000000000,4.17600000000000,0.00000000000000,0.01940000000000,3.4753,13478.3417,4.1970,4.1970,0.0000,0.0162,4.2002,0.1874,4.0128,-0.0478,13478.3417,NA,NA,NA
dwm.exe,2752,0x0,Other,-1,0,0,Hardware: Legacy Flip,13490.7964,NA,8.25770000000000,8.32970000000000,0.00000000000000,0.01660000000000,3.5473,13482.5387,8.2577,8.2577,0.0000,0.0194,8.2549,0.2126,8.0423,-4.1327,13482.5387,NA,NA,NA
dwm.exe,2752,0x0,Other,-1,0,0,Hardware: Legacy Flip,13503.6000,NA,12.80360000000000,12.48590000000000,0.00000000000000,0.04210000000000,3.2296,13490.7964,12.8036,12.8036,0.0000,0.0166,12.8291,0.1967,12.6324,-4.2282,13490.7964,NA,NA,NA
dwm.exe,2752,0x0,Other,-1,0,0,Hardware: Legacy Flip,13507.5270,NA,3.92700000000000,4.19020000000000,0.00000000000000,0.01760000000000,3.4928,13503.6000,3.9270,3.9270,0.0000,0.0421,3.9025,0.2624,3.6401,8.6134,13503.6000,NA,NA,NA
dwm.exe,2752,0x0,Other,-1,0,0,Hardware: Legacy Flip,13511.6224,NA,4.09540000000000,4.16440000000000,0.00000000000000,0.02580000000000,3.5618,13507.5270,4.0954,4.0954,0.0000,0.0176,4.1036,0.1853,3.9183,-0.2374,13507.5270,NA,NA,NA
dwm.exe,2752,0x0,Other,-1,0,0,Hardware: Legacy Flip,13515.7036,NA,4.08120000000000,4.16620000000000,0.00000000000000,0.02170000000000,3.6468,13511.6224,4.0812,4.0812,0.0000,0.0258,4.0771,0.2290,3.8481,-0.0708,13511.6224,NA,NA,NA
dwm.exe,2752,0x0,Other,-1,0,0,Hardware: Legacy Flip,13520.1741,NA,4.47050000000000,4.16360000000000,0.00000000000000,0.01490000000000,3.3399,13515.7036,4.4705,4.4705,0.0000,0.0217,4.4637,0.2255,4.2382,-0.0824,13515.7036,NA,NA,NA
dwm.exe,2752,0x0,Other,-1,0,0,Hardware: Legacy Flip,13526.3488,NA,6.17470000000000,4.16540000000000,0.00000000000000,0.04510000000000,1.3306,13520.1741,6.1747,6.1747,0.0000,0.0149,6.2049,0.2036,6.0013,0.3051,13520.1741,NA,NA,NA
dwm.exe,2752,0x0,Other,-1,0,0,Hardware: Legacy Flip,13528.2636,NA,1.91480000000000,4.16180000000000,0.00000000000000,0.03380000000000,3.5776,13526.3488,1.9148,1.9148,0.0000,0.0451,1.9035,0.1914,1.7121,2.0129,13526.3488,NA,NA,NA
dwm.exe,2752,0x0,Other,-1,0,0,Hardware: Legacy Flip,13532.2303,NA,3.96670000000000,4.15870000000000,0.00000000000000,0.02530000000000,3.7696,13528.2636,3.9667,3.9667,0.0000,0.0338,3.9582,0.2349,3.7233,-2.2439,13528.2636,NA,NA,NA
FlyingBird.exe,46456,0x1E2504FE000,DXGI,0,0,0,Composed: Copy with GPU GDI,12515.4081,NA,907.82349999999997,904.16079999999999,0.11030000000000,0.49260000000000,8.1034,11607.6839,907.8345,907.7242,0.1103,0.3087,907.9081,0.3774,907.5307,-832.3836,11607.6839,NA,NA,NA
dwm.exe,2752,0x0,Other,-1,0,0,Hardware: Legacy Flip,13536.2695,NA,4.03920000000000,4.18320000000000,0.00000000000000,0.05060000000000,3.9136,13532.2303,4.0392,4.0392,0.0000,0.0253,4.0645,0.1905,3.8740,-0.2165,13532.2303,NA,NA,NA
dwm.exe,2752,0x0,Other,-1,0,0,Hardware: Legacy Flip,13591.0384,NA,54.76890000000000,54.15250000000000,0.00000000000000,0.11680000000000,3.2972,13536.2695,54.7689,54.7689,0.0000,0.0506,54.8351,0.3867,54.4484,-50.1133,13536.2695,NA,NA,NA
dwm.exe,2752,0x0,Other,-1,0,0,Hardware: Legacy Flip,13607.6142,NA,16.57580000000000,16.67500000000000,0.00000000000000,0.01670000000000,3.3964,13591.0384,16.5758,16.5758,0.0000,0.1168,16.4757,0.1744,16.3013,38.0939,13591.0384,NA,NA,NA
FlyingBird.exe,46456,0x1E2504FE000,DXGI,0,0,0,Composed: Copy with GPU GDI,13544.7282,NA,1029.32009999999991,1070.82410000000004,0.07260000000000,0.34550000000000,49.6074,12515.5184,1029.2824,1029.2098,0.0726,0.3792,1029.1761,0.3896,1028.7865,-162.9896,12515.5184,NA,NA,NA
dwm.exe,2752,0x0,Other,-1,0,0,Hardware: Legacy Flip,13620.0544,NA,12.44020000000000,12.49780000000000,0.00000000000000,0.12860000000000,3.4540,13607.6142,12.4402,12.4402,0.0000,0.0167,12.5521,0.3087,12.2434,4.0780,13607.6142,NA,NA,NA
dwm.exe,2752,0x0,Other,-1,0,0,Hardware: Legacy Flip,13635.4368,NA,15.38240000000000,12.51020000000000,0.00000000000000,0.11340000000000,0.5818,13620.0544,15.3824,15.3824,0.0000,0.1286,15.3672,0.4675,14.8997,-0.0700,13620.0544,NA,NA,NA
dwm.exe,2752,0x0,Other,-1,0,0,Hardware: Legacy Flip,13636.8803,NA,1.44350000000000,4.16900000000000,0.00000000000000,0.08380000000000,3.3073,13635.4368,1.4435,1.4435,0.0000,0.1134,1.4139,0.2675,1.1464,11.2134,13635.4368,NA,NA,NA
dwm.exe,2752,0x0,Other,-1,0,0,Hardware: Legacy Flip,13649.3856,NA,12.50530000000000,12.50130000000000,0.00000000000000,0.01670000000000,3.3033,13636.8803,12.5053,12.5053,0.0000,0.0838,12.4382,0.1985,12.2397,-11.0578,13636.8803,NA,NA,NA
dwm.exe,2752,0x0,Other,-1,0,0,Hardware: Legacy Flip,13660.5169,NA,11.13130000000000,8.33290000000000,0.00000000000000,0.17860000000000,0.5049,13649.3856,11.1313,11.1313,0.0000,0.0167,11.2932,0.4121,10.8811,4.1724,13649.3856,NA,NA,NA
dwm.exe,2752,0x0,Other,-1,0,0,Hardware: Legacy Flip,13661.6136,NA,1.09670000000000,4.16690000000000,0.00000000000000,0.03250000000000,3.5751,13660.5169,1.0967,1.0967,0.0000,0.1786,0.9506,0.1331,0.8175,6.9644,13660.5169,NA,NA,NA
dwm.exe,2752,0x0,Other,-1,0,0,Hardware: Legacy Flip,13682.9497,NA,21.33610000000000,20.82680000000000,0.00000000000000,0.11850000000000,3.0658,13661.6136,21.3361,21.3361,0.0000,0.0325,21.4221,0.4133,21.0088,-19.7301,13661.6136,NA,NA,NA
dwm.exe,2752,0x0,Other,-1,0,0,Hardware: Legacy Flip,13703.4814,NA,20.53170000000000,20.81100000000000,0.00000000000000,0.01750000000000,3.3451,13682.9497,20.5317,20.5317,0.0000,0.1185,20.4307,0.1856,20.2451,0.5251,13682.9497,NA,NA,NA
dwm.exe,2752,0x0,Other,-1,0,0,Hardware: Legacy Flip,13707.4829,NA,4.00150000000000,4.17600000000000,0.00000000000000,0.01570000000000,3.5196,13703.4814,4.0015,4.0015,0.0000,0.0175,3.9997,0.1619,3.8378,16.3557,13703.4814,NA,NA,NA
dwm.exe,2752,0x0,Other,-1,0,0,Hardware: Legacy Flip,13728.5400,NA,21.05710000000000,20.84220000000000,0.00000000000000,0.01820000000000,3.3047,13707.4829,21.0571,21.0571,0.0000,0.0157,21.0596,0.2320,20.8276,-16.8407,13707.4829,NA,NA,NA
dwm.exe,2752,0x0,Other,-1,0,0,Hardware: Legacy Flip,13732.5085,NA,3.96850000000000,4.14880000000000,0.00000000000000,0.01630000000000,3.4850,13728.5400,3.9685,3.9685,0.0000,0.0182,3.9666,0.1544,3.8122,16.9083,13728.5400,NA,NA,NA
dwm.exe,2752,0x0,Other,-1,0,0,Hardware: Legacy Flip,13745.1339,NA,12.62540000000000,12.51750000000000,0.00000000000000,0.01790000000000,3.3771,13732.5085,12.6254,12.6254,0.0000,0.0163,12.6270,0.2355,12.3915,-8.5490,13732.5085,NA,NA,NA
dwm.exe,2752,0x0,Other,-1,0,0,Hardware: Legacy Flip,13748.9940,NA,3.86010000000000,4.17370000000000,0.00000000000000,0.02660000000000,3.6907,13745.1339,3.8601,3.8601,0.0000,0.0179,3.8688,0.2012,3.6676,8.4517,13745.1339,NA,NA,NA
dwm.exe,2752,0x0,Other,-1,0,0,Hardware: Legacy Flip,13761.7583,NA,12.76430000000000,12.49680000000000,0.00000000000000,0.01340000000000,3.4232,13748.9940,12.7643,12.7643,0.0000,0.0266,12.7511,0.2214,12.5297,-8.6367,13748.9940,NA,NA,NA
dwm.exe,2752,0x0,Other,-1,0,0,Hardware: Legacy Flip,13778.5129,NA,16.75460000000000,16.65990000000000,0.00000000000000,0.11340000000000,3.3285,13761.7583,16.7546,16.7546,0.0000,0.0134,16.8546,0.4250,16.4296,-3.8956,13761.7583,NA,NA,NA
dwm.exe,2752,0x0,Other,-1,0,0,Hardware: Legacy Flip,13790.9793,NA,12.46640000000000,12.52310000000000,0.00000000000000,0.01780000000000,3.3852,13778.5129,12.4664,12.4664,0.0000,0.1134,12.3708,0.1935,12.1773,4.2315,13778.5129,NA,NA,NA
dwm.exe,2752,0x0,Other,-1,0,0,Hardware: Legacy Flip,13807.6510,NA,16.67170000000000,16.64590000000000,0.00000000000000,0.01780000000000,3.3594,13790.9793,16.6717,16.6717,0.0000,0.0178,16.6717,0.1973,16.4744,-4.1795,13790.9793,NA,NA,NA
dwm.exe,2752,0x0,Other,-1,0,0,Hardware: Legacy Flip,13828.4742,NA,20.82320000000000,20.83640000000000,0.00000000000000,0.01810000000000,3.3726,13807.6510,20.8232,20.8232,0.0000,0.0178,20.8235,0.1960,20.6275,-4.1647,13807.6510,NA,NA,NA
dwm.exe,2752,0x0,Other,-1,0,0,Hardware: Legacy Flip,13841.1439,NA,12.66970000000000,12.50310000000000,0.00000000000000,0.11660000000000,3.2060,13828.4742,12.6697,12.6697,0.0000,0.0181,12.7682,0.3104,12.4578,8.3201,13828.4742,NA,NA,NA
dwm.exe,2752,0x0,Other,-1,0,0,Hardware: Legacy Flip,13844.9493,NA,3.80540000000000,4.15990000000000,0.00000000000000,0.03440000000000,3.5605,13841.1439,3.8054,3.8054,0.0000,0.1166,3.7232,0.1459,3.5773,8.5098,13841.1439,NA,NA,NA
dwm.exe,2752,0x0,Other,-1,0,0,Hardware: Legacy Flip,13853.4079,NA,8.45860000000000,8.33680000000000,0.00000000000000,0.01800000000000,3.4387,13844.9493,8.4586,8.4586,0.0000,0.0344,8.4422,0.2302,8.2120,-4.5314,13844.9493,NA,NA,NA
dwm.exe,2752,0x0,Other,-1,0,0,Hardware: Legacy Flip,13857.3081,NA,3.90020000000000,4.17200000000000,0.00000000000000,0.04050000000000,3.7105,13853.4079,3.9002,3.9002,0.0000,0.0180,3.9227,0.1940,3.7287,4.2866,13853.4079,NA,NA,NA
dwm.exe,2752,0x0,Other,-1,0,0,Hardware: Legacy Flip,13861.3428,NA,4.03470000000000,4.16150000000000,0.00000000000000,0.04680000000000,3.8373,13857.3081,4.0347,4.0347,0.0000,0.0405,4.0410,0.2042,3.8368,-0.2613,13857.3081,NA,NA,NA
dwm.exe,2752,0x0,Other,-1,0,0,Hardware: Legacy Flip,13870.0083,NA,8.66550000000000,8.34670000000000,0.00000000000000,0.01620000000000,3.5185,13861.3428,8.6655,8.6655,0.0000,0.0468,8.6349,0.2389,8.3960,-4.3120,13861.3428,NA,NA,NA
dwm.exe,2752,0x0,Other,-1,0,0,Hardware: Legacy Flip,13928.5682,NA,58.55990000000000,58.32340000000000,0.00000000000000,0.11600000000000,3.2820,13870.0083,58.5599,58.5599,0.0000,0.0162,58.6597,0.3469,58.3128,-49.6579,13870.0083,NA,NA,NA
dwm.exe,2752,0x0,Other,-1,0,0,Hardware: Legacy Flip,13949.1474,NA,20.57920000000000,20.83610000000000,0.00000000000000,0.01320000000000,3.5389,13928.5682,20.5792,20.5792,0.0000,0.1160,20.4764,0.1449,20.3315,37.7238,13928.5682,NA,NA,NA
dwm.exe,2752,0x0,Other,-1,0,0,Hardware: Legacy Flip,13963.1355,NA,13.98810000000000,12.49500000000000,0.00000000000000,0.01840000000000,2.0458,13949.1474,13.9881,13.9881,0.0000,0.0132,13.9933,0.2343,13.7590,8.0842,13949.1474,NA,NA,NA
dwm.exe,2752,0x0,Other,-1,0,0,Hardware: Legacy Flip,13965.8825,NA,2.74700000000000,4.17570000000000,0.00000000000000,0.01430000000000,3.4745,13963.1355,2.7470,2.7470,0.0000,0.0184,2.7429,0.1943,2.5486,9.8124,13963.1355,NA,NA,NA
dwm.exe,2752,0x0,Other,-1,0,0,Hardware: Legacy Flip,13994.9965,NA,29.11400000000000,29.13430000000000,0.00000000000000,0.01300000000000,3.4948,13965.8825,29.1140,29.1140,0.0000,0.0143,29.1127,0.2007,28.9120,-26.3873,13965.8825,NA,NA,NA
dwm.exe,2752,0x0,Other,-1,0,0,Hardware: Legacy Flip,14012.2616,NA,17.26510000000000,16.69120000000000,0.00000000000000,0.17780000000000,2.9209,13994.9965,17.2651,17.2651,0.0000,0.0130,17.4299,0.4263,17.0036,12.4228,13994.9965,NA,NA,NA
dwm.exe,2752,0x0,Other,-1,0,0,Hardware: Legacy Flip,14016.6609,NA,4.39930000000000,4.17450000000000,0.00000000000000,0.13120000000000,2.6961,14012.2616,4.3993,4.3993,0.0000,0.1778,4.3527,0.4010,3.9517,13.0906,14012.2616,NA,NA,NA
dwm.exe,2752,0x0,Other,-1,0,0,Hardware: Legacy Flip,14019.9705,NA,3.30960000000000,4.15340000000000,0.00000000000000,1.59540000000000,3.5399,14016.6609,3.3096,3.3096,0.0000,0.1312,4.7738,1.7224,3.0514,0.2459,14016.6609,NA,NA,NA
dwm.exe,2752,0x0,Other,-1,0,0,Hardware: Legacy Flip,14024.1197,NA,4.14920000000000,4.18020000000000,0.00000000000000,0.02740000000000,3.5709,14019.9705,4.1492,4.1492,0.0000,1.5954,2.5812,0.2194,2.3618,-0.8706,14019.9705,NA,NA,NA
dwm.exe,2752,0x0,Other,-1,0,0,Hardware: Legacy Flip,14057.5568,NA,33.43710000000000,33.33090000000000,0.00000000000000,0.01150000000000,3.4647,14024.1197,33.4371,33.4371,0.0000,0.0274,33.4212,0.1979,33.2233,-29.1817,14024.1197,NA,NA,NA
dwm.exe,2752,0x0,Other,-1,0,0,Hardware: Legacy Flip,14072.3876,NA,14.83080000000000,12.48780000000000,0.00000000000000,0.01730000000000,1.1217,14057.5568,14.8308,14.8308,0.0000,0.0115,14.8366,0.2295,14.6071,20.9493,14057.5568,NA,NA,NA
dwm.exe,2752,0x0,Other,-1,0,0,Hardware: Legacy Flip,14074.0840,NA,1.69640000000000,4.15370000000000,0.00000000000000,0.02390000000000,3.5790,14072.3876,1.6964,1.6964,0.0000,0.0173,1.7030,0.1737,1.5293,10.6771,14072.3876,NA,NA,NA
dwm.exe,2752,0x0,Other,-1,0,0,Hardware: Legacy Flip,14095.4287,NA,21.34470000000000,20.85640000000000,0.00000000000000,0.01760000000000,3.0907,14074.0840,21.3447,21.3447,0.0000,0.0239,21.3384,0.2478,21.0906,-19.1600,14074.0840,NA,NA,NA
dwm.exe,2752,0x0,Other,-1,0,0,Hardware: Legacy Flip,14119.7491,NA,24.32040000000000,25.00050000000000,0.00000000000000,0.02310000000000,3.7708,14095.4287,24.3204,24.3204,0.0000,0.0176,24.3259,0.1967,24.1292,-3.6558,14095.4287,NA,NA,NA
dwm.exe,2752,0x0,Other,-1,0,0,Hardware: Legacy Flip,14124.1170,NA,4.36790000000000,4.15570000000000,0.00000000000000,0.01760000000000,3.5586,14119.7491,4.3679,4.3679,0.0000,0.0231,4.3624,0.3206,4.0418,20.1647,14119.7491,NA,NA,NA
dwm.exe,2752,0x0,Other,-1,0,0,Hardware: Legacy Flip,14157.7170,NA,33.60000000000000,33.33490000000000,0.00000000000000,0.02120000000000,3.2935,14124.1170,33.6000,33.6000,0.0000,0.0176,33.6036,0.2255,33.3781,-28.9670,14124.1170,NA,NA,NA
dwm.exe,2752,0x0,Other,-1,0,0,Hardware: Legacy Flip,14162.2303,NA,4.51330000000000,4.17600000000000,0.00000000000000,0.12510000000000,2.9562,14157.7170,4.5133,4.5133,0.0000,0.0212,4.6172,0.3812,4.2360,29.4240,14157.7170,NA,NA,NA
dwm.exe,2752,0x0,Other,-1,0,0,Hardware: Legacy Flip,14165.9721,NA,3.74180000000000,4.21400000000000,0.00000000000000,0.03110000000000,3.4284,14162.2303,3.7418,3.7418,0.0000,0.1251,3.6478,0.1638,3.4840,0.2993,14162.2303,NA,NA,NA
dwm.exe,2752,0x0,Other,-1,0,0,Hardware: Legacy Flip,14171.0879,NA,5.11580000000000,4.11810000000000,0.00000000000000,0.02880000000000,2.4307,14165.9721,5.1158,5.1158,0.0000,0.0311,5.1135,0.1849,4.9286,-0.3763,14165.9721,NA,NA,NA
dwm.exe,2752,0x0,Other,-1,0,0,Hardware: Legacy Flip,14182.8625,NA,11.77460000000000,12.49220000000000,0.00000000000000,0.01570000000000,3.1483,14171.0879,11.7746,11.7746,0.0000,0.0288,11.7615,0.2428,11.5187,-7.3764,14171.0879,NA,NA,NA
dwm.exe,2752,0x0,Other,-1,0,0,Hardware: Legacy Flip,14186.4995,NA,3.63700000000000,4.17250000000000,0.00000000000000,0.03310000000000,3.6838,14182.8625,3.6370,3.6370,0.0000,0.0157,3.6544,0.1820,3.4724,7.6021,14182.8625,NA,NA,NA
dwm.exe,2752,0x0,Other,-1,0,0,Hardware: Legacy Flip,14236.9877,NA,50.48820000000000,49.98950000000000,0.00000000000000,0.12180000000000,3.1851,14186.4995,50.4882,50.4882,0.0000,0.0331,50.5769,0.3893,50.1876,-46.3525,14186.4995,NA,NA,NA
dwm.exe,2752,0x0,Other,-1,0,0,Hardware: Legacy Flip,14245.1005,NA,8.11280000000000,8.34640000000000,0.00000000000000,0.02100000000000,3.4187,14236.9877,8.1128,8.1128,0.0000,0.1218,8.0120,0.2234,7.7886,42.1418,14236.9877,NA,NA,NA
dwm.exe,2752,0x0,Other,-1,0,0,Hardware: Legacy Flip,14249.3272,NA,4.22670000000000,4.16860000000000,0.00000000000000,0.01770000000000,3.3606,14245.1005,4.2267,4.2267,0.0000,0.0210,4.2234,0.1777,4.0457,3.9442,14245.1005,NA,NA,NA
dwm.exe,2752,0x0,Other,-1,0,0,Hardware: Legacy Flip,14253.4141,NA,4.08690000000000,4.16100000000000,0.00000000000000,0.01660000000000,3.4347,14249.3272,4.0869,4.0869,0.0000,0.0177,4.0858,0.1760,3.9098,0.0657,14249.3272,NA,NA,NA
dwm.exe,2752,0x0,Other,-1,0,0,Hardware: Legacy Flip,14257.5620,NA,4.14790000000000,4.17920000000000,0.00000000000000,0.01770000000000,3.4660,14253.4141,4.1479,4.1479,0.0000,0.0166,4.1490,0.2202,3.9288,-0.0923,14253.4141,NA,NA,NA
dwm.exe,2752,0x0,Other,-1,0,0,Hardware: Legacy Flip,14261.6838,NA,4.12180000000000,4.14890000000000,0.00000000000000,0.01780000000000,3.4931,14257.5620,4.1218,4.1218,0.0000,0.0177,4.1219,0.1775,3.9444,-0.0010,14257.5620,NA,NA,NA
dwm.exe,2752,0x0,Other,-1,0,0,Hardware: Legacy Flip,14265.7716,NA,4.08780000000000,4.18660000000000,0.00000000000000,0.01730000000000,3.5919,14261.6838,4.0878,4.0878,0.0000,0.0178,4.0873,0.2054,3.8819,-0.0648,14261.6838,NA,NA,NA
dwm.exe,2752,0x0,Other,-1,0,0,Hardware: Legacy Flip,14269.9863,NA,4.21470000000000,4.16290000000000,0.00000000000000,0.01460000000000,3.5401,14265.7716,4.2147,4.2147,0.0000,0.0173,4.2120,0.2116,4.0004,-0.0751,14265.7716,NA,NA,NA
dwm.exe,2752,0x0,Other,-1,0,0,Hardware: Legacy Flip,14274.3794,NA,4.39310000000000,4.15930000000000,0.00000000000000,0.01310000000000,3.3063,14269.9863,4.3931,4.3931,0.0000,0.0146,4.3916,0.2276,4.1640,0.0554,14269.9863,NA,NA,NA
dwm.exe,2752,0x0,Other,-1,0,0,Hardware: Legacy Flip,14278.1687,NA,3.78930000000000,4.15370000000000,0.00000000000000,0.03460000000000,3.6707,14274.3794,3.7893,3.7893,0.0000,0.0131,3.8108,0.2174,3.5934,0.2394,14274.3794,NA,NA,NA
dwm.exe,2752,0x0,Other,-1,0,0,Hardware: Legacy Flip,14282.7508,NA,4.58210000000000,4.18210000000000,0.00000000000000,0.01780000000000,3.2707,14278.1687,4.5821,4.5821,0.0000,0.0346,4.5653,0.2678,4.2975,-0.3928,14278.1687,NA,NA,NA
dwm.exe,2752,0x0,Other,-1,0,0,Hardware: Legacy Flip,14286.8668,NA,4.11600000000000,4.17880000000000,0.00000000000000,0.01760000000000,3.3335,14282.7508,4.1160,4.1160,0.0000,0.0178,4.1158,0.1647,3.9511,0.4033,14282.7508,NA,NA,NA
dwm.exe,2752,0x0,Other,-1,0,0,Hardware: Legacy Flip,14291.3929,NA,4.52610000000000,4.14940000000000,0.00000000000000,0.02060000000000,2.9568,14286.8668,4.5261,4.5261,0.0000,0.0176,4.5291,0.2553,4.2738,-0.0334,14286.8668,NA,NA,NA
dwm.exe,2752,0x0,Other,-1,0,0,Hardware: Legacy Flip,14295.4493,NA,4.05640000000000,4.16960000000000,0.00000000000000,0.14370000000000,3.0700,14291.3929,4.0564,4.0564,0.0000,0.0206,4.1795,0.3395,3.8400,0.3565,14291.3929,NA,NA,NA
dwm.exe,2752,0x0,Other,-1,0,0,Hardware: Legacy Flip,14299.0715,NA,3.62220000000000,4.17580000000000,0.00000000000000,0.02490000000000,3.6236,14295.4493,3.6222,3.6222,0.0000,0.1437,3.5034,0.1285,3.3749,-0.1194,14295.4493,NA,NA,NA
dwm.exe,2752,0x0,Other,-1,0,0,Hardware: Legacy Flip,14303.5964,NA,4.52490000000000,4.16890000000000,0.00000000000000,0.01800000000000,3.2676,14299.0715,4.5249,4.5249,0.0000,0.0249,4.5180,0.2516,4.2664,-0.5467,14299.0715,NA,NA,NA
dwm.exe,2752,0x0,Other,-1,0,0,Hardware: Legacy Flip,14307.5248,NA,3.92840000000000,4.14330000000000,0.00000000000000,0.01520000000000,3.4825,14303.5964,3.9284,3.9284,0.0000,0.0180,3.9256,0.1724,3.7532,0.3816,14303.5964,NA,NA,NA
dwm.exe,2752,0x0,Other,-1,0,0,Hardware: Legacy Flip,14311.6887,NA,4.16390000000000,4.17680000000000,0.00000000000000,0.02990000000000,3.4954,14307.5248,4.1639,4.1639,0.0000,0.0152,4.1786,0.2846,3.8940,-0.2484,14307.5248,NA,NA,NA
dwm.exe,2752,0x0,Other,-1,0,0,Hardware: Legacy Flip,14315.8432,NA,4.15450000000000,4.17480000000000,0.00000000000000,0.02050000000000,3.5157,14311.6887,4.1545,4.1545,0.0000,0.0299,4.1451,0.1866,3.9585,-0.0109,14311.6887,NA,NA,NA
dwm.exe,2752,0x0,Other,-1,0,0,Hardware: Legacy Flip,14320.1013,NA,4.25810000000000,4.15640000000000,0.00000000000000,0.74970000000000,3.4140,14315.8432,4.2581,4.2581,0.0000,0.0205,4.9873,0.9125,4.0748,-0.0019,14315.8432,NA,NA,NA
dwm.exe,2752,0x0,Other,-1,0,0,Hardware: Legacy Flip,14325.3767,NA,5.27540000000000,NA,0.00000000000000,0.00000000000000,NA,14320.1013,5.2754,5.2754,0.0000,0.0000,0.0000,0.0000,0.0000,NA,NA,NA,NA,NA
dwm.exe,2752,0x1,Other,-1,0,0,Hardware: Legacy Flip,14325.3788,NA,1221.88169999999991,1220.81210000000010,0.00000000000000,0.01430000000000,2.3215,13103.4971,1221.8817,1221.8817,0.0000,1217.3539,4.5421,0.1795,4.3626,NA,13103.4971,NA,NA,NA
wallpaper64.exe,9472,0x2154BDE2570,DXGI,0,512,0,Composed: Flip,14318.9488,NA,2.19420000000000,NA,0.39580000000000,9.20020000000000,NA,14317.4574,1.8872,1.4914,0.3958,5.6101,5.0815,5.0779,0.0036,NA,NA,NA,NA,NA
dwm.exe,2752,0x0,Other,-1,0,0,Hardware: Legacy Flip,14328.2938,NA,2.91710000000000,8.33000000000000,0.00000000000000,0.19500000000000,3.5515,14325.3767,2.9171,2.9171,0.0000,0.0164,3.0957,0.5556,2.5401,1.2035,14325.3767,NA,NA,NA
dwm.exe,2752,0x0,Other,-1,0,0,Hardware: Legacy Flip,14332.7183,NA,4.42450000000000,NA,0.00000000000000,0.00000000000000,NA,14328.2938,4.4245,4.4245,0.0000,0.0000,0.0000,0.0000,0.0000,NA,NA,NA,NA,NA
dwm.exe,2752,0x0,Other,-1,0,0,Hardware: Legacy Flip,14336.6525,NA,3.93420000000000,8.34900000000000,0.00000000000000,0.06730000000000,3.5418,14332.7183,3.9342,3.9342,0.0000,0.0152,3.9863,0.3927,3.5936,-1.0074,14332.7183,NA,NA,NA
dwm.exe,2752,0x1,Other,-1,0,0,Hardware: Legacy Flip,14332.7202,NA,7.34140000000000,8.34070000000000,0.00000000000000,0.01330000000000,3.3208,14325.3788,7.3414,7.3414,0.0000,3.1100,4.2447,0.1987,4.0460,1213.5410,14325.3788,NA,NA,NA
wallpaper64.exe,9472,0x2154BDE2570,DXGI,0,512,0,Composed: Flip,14336.4379,NA,17.48910000000000,NA,0.05910000000000,3.86580000000000,NA,14319.3446,17.1524,17.0933,0.0591,16.9754,3.9837,3.7575,0.2262,NA,NA,NA,NA,NA
dwm.exe,2752,0x0,Other,-1,0,0,Hardware: Legacy Flip,14340.7748,NA,4.12230000000000,4.16830000000000,0.00000000000000,0.03580000000000,3.5878,14336.6525,4.1223,4.1223,0.0000,0.0673,4.0908,0.2208,3.8700,-0.2341,14336.6525,NA,NA,NA
dwm.exe,2752,0x0,Other,-1,0,0,Hardware: Legacy Flip,14344.9728,NA,4.19800000000000,NA,0.00000000000000,0.00000000000000,NA,14340.7748,4.1980,4.1980,0.0000,0.0000,0.0000,0.0000,0.0000,NA,NA,NA,NA,NA
dwm.exe,2752,0x0,Other,-1,0,0,Hardware: Legacy Flip,14349.0371,NA,4.06430000000000,8.32600000000000,0.00000000000000,0.04910000000000,3.6515,14344.9728,4.0643,4.0643,0.0000,0.0163,4.0971,0.2363,3.8608,-0.0057,14344.9728,NA,NA,NA
dwm.exe,2752,0x0,Other,-1,0,0,Hardware: Legacy Flip,14353.2838,NA,4.24670000000000,4.17250000000000,0.00000000000000,0.27850000000000,3.5773,14349.0371,4.2467,4.2467,0.0000,0.0491,4.4761,0.4721,4.0040,-0.1082,14349.0371,NA,NA,NA
dwm.exe,2752,0x0,Other,-1,0,0,Hardware: Legacy Flip,14357.4711,NA,4.18730000000000,4.18040000000000,0.00000000000000,0.03350000000000,3.5704,14353.2838,4.1873,4.1873,0.0000,0.2785,3.9423,0.2007,3.7416,0.0663,14353.2838,NA,NA,NA
dwm.exe,2752,0x0,Other,-1,0,0,Hardware: Legacy Flip,14361.9576,NA,4.48650000000000,4.14300000000000,0.00000000000000,0.16250000000000,3.2269,14357.4711,4.4865,4.4865,0.0000,0.0335,4.6155,0.3256,4.2899,0.0443,14357.4711,NA,NA,NA
dwm.exe,2752,0x0,Other,-1,0,0,Hardware: Legacy Flip,14365.7117,NA,3.75410000000000,4.18160000000000,0.00000000000000,0.16210000000000,3.6544,14361.9576,3.7541,3.7541,0.0000,0.1625,3.7537,0.3267,3.4270,0.3049,14361.9576,NA,NA,NA
wallpaper64.exe,9472,0x2154BDE2570,DXGI,0,512,1,Hardware Composed: Independent Flip,14352.8748,NA,16.43690000000000,NA,0.18120000000000,4.48720000000000,8.1674,14336.4970,16.5590,16.3778,0.1812,16.4292,4.4358,3.8854,0.5504,NA,14336.4970,NA,NA,NA
dwm.exe,2752,0x0,Other,-1,0,0,Hardware: Legacy Flip,14370.0170,NA,4.30530000000000,4.14830000000000,0.00000000000000,0.26980000000000,3.4974,14365.7117,4.3053,4.3053,0.0000,0.1621,4.4130,0.4700,3.9430,-0.3942,14365.7117,NA,NA,NA
dwm.exe,2752,0x0,Other,-1,0,0,Hardware: Legacy Flip,14374.1348,NA,4.11780000000000,4.19430000000000,0.00000000000000,0.02920000000000,3.5739,14370.0170,4.1178,4.1178,0.0000,0.2698,3.8772,0.2091,3.6681,0.1110,14370.0170,NA,NA,NA
dwm.exe,2752,0x0,Other,-1,0,0,Hardware: Legacy Flip,14378.4797,NA,4.34490000000000,4.14960000000000,0.00000000000000,0.02110000000000,3.3786,14374.1348,4.3449,4.3449,0.0000,0.0292,4.3368,0.2109,4.1259,-0.0318,14374.1348,NA,NA,NA
dwm.exe,2752,0x0,Other,-1,0,0,Hardware: Legacy Flip,14382.4616,NA,3.98190000000000,4.17930000000000,0.00000000000000,0.02530000000000,3.5760,14378.4797,3.9819,3.9819,0.0000,0.0211,3.9861,0.1936,3.7925,0.1656,14378.4797,NA,NA,NA
wallpaper64.exe,9472,0x2154BDE2570,DXGI,0,512,1,Hardware Composed: Independent Flip,14369.8259,NA,16.95110000000000,12.88600000000000,0.18790000000000,4.09640000000000,4.1023,14353.0560,16.9578,16.7699,0.1879,4.3060,16.5603,3.9365,12.6238,3.6730,14353.0560,NA,NA,NA
dwm.exe,2752,0x0,Other,-1,0,0,Hardware: Legacy Flip,14386.6698,NA,4.20820000000000,4.16130000000000,0.00000000000000,0.01930000000000,3.5291,14382.4616,4.2082,4.2082,0.0000,0.0253,4.2022,0.1839,4.0183,-0.1794,14382.4616,NA,NA,NA
dwm.exe,2752,0x0,Other,-1,0,0,Hardware: Legacy Flip,14390.8052,NA,4.13540000000000,4.16180000000000,0.00000000000000,0.03260000000000,3.5555,14386.6698,4.1354,4.1354,0.0000,0.0193,4.1487,0.1901,3.9586,0.0464,14386.6698,NA,NA,NA
dwm.exe,2752,0x0,Other,-1,0,0,Hardware: Legacy Flip,14395.1612,NA,4.35600000000000,4.18320000000000,0.00000000000000,0.06230000000000,3.3827,14390.8052,4.3560,4.3560,0.0000,0.0326,4.3857,0.3090,4.0767,-0.0478,14390.8052,NA,NA,NA
dwm.exe,2752,0x0,Other,-1,0,0,Hardware: Legacy Flip,14399.2291,NA,4.06790000000000,4.16470000000000,0.00000000000000,0.02580000000000,3.4795,14395.1612,4.0679,4.0679,0.0000,0.0623,4.0314,0.2179,3.8135,0.1913,14395.1612,NA,NA,NA
wallpaper64.exe,9472,0x2154BDE2570,DXGI,0,512,1,Hardware Composed: Independent Flip,14386.3204,NA,16.49450000000000,16.52890000000000,0.18370000000000,4.12900000000000,4.1367,14370.0138,16.4903,16.3066,0.1837,3.9085,16.5271,3.8921,12.6350,0.4289,14370.0138,NA,NA,NA
dwm.exe,2752,0x0,Other,-1,0,0,Hardware: Legacy Flip,14403.4846,NA,4.25550000000000,4.16860000000000,0.00000000000000,0.01970000000000,3.3926,14399.2291,4.2555,4.2555,0.0000,0.0258,4.2494,0.2686,3.9808,-0.1007,14399.2291,NA,NA,NA
dwm.exe,2752,0x0,Other,-1,0,0,Hardware: Legacy Flip,14407.6721,NA,4.18750000000000,4.14960000000000,0.00000000000000,0.01420000000000,3.3547,14403.4846,4.1875,4.1875,0.0000,0.0197,4.1820,0.3514,3.8306,0.1059,14403.4846,NA,NA,NA
dwm.exe,2752,0x0,Other,-1,0,0,Hardware: Legacy Flip,14411.8725,NA,4.20040000000000,4.18140000000000,0.00000000000000,0.02960000000000,3.3357,14407.6721,4.2004,4.2004,0.0000,0.0142,4.2158,0.2823,3.9335,0.0061,14407.6721,NA,NA,NA
dwm.exe,2752,0x0,Other,-1,0,0,Hardware: Legacy Flip,14415.8848,NA,4.01230000000000,4.16090000000000,0.00000000000000,0.04350000000000,3.4843,14411.8725,4.0123,4.0123,0.0000,0.0296,4.0262,0.2015,3.8247,0.0395,14411.8725,NA,NA,NA
wallpaper64.exe,9472,0x2154BDE2570,DXGI,0,512,1,Hardware Composed: Independent Flip,14402.7591,NA,16.43870000000000,17.20300000000000,0.19100000000000,4.89030000000000,4.9010,14386.5041,16.4460,16.2550,0.1910,3.9453,17.2000,3.9142,13.2858,-0.7127,14386.5041,NA,NA,NA
dwm.exe,2752,0x0,Other,-1,0,0,Hardware: Legacy Flip,14419.9921,NA,4.10730000000000,4.15860000000000,0.00000000000000,0.08950000000000,3.5356,14415.8848,4.1073,4.1073,0.0000,0.0435,4.1533,0.2409,3.9124,-0.1463,14415.8848,NA,NA,NA
dwm.exe,2752,0x0,Other,-1,0,0,Hardware: Legacy Flip,14424.1577,NA,4.16560000000000,4.17360000000000,0.00000000000000,0.03640000000000,3.5436,14419.9921,4.1656,4.1656,0.0000,0.0895,4.1125,0.2097,3.9028,-0.0663,14419.9921,NA,NA,NA
dwm.exe,2752,0x0,Other,-1,0,0,Hardware: Legacy Flip,14428.5566,NA,4.39890000000000,4.17100000000000,0.00000000000000,0.07050000000000,3.3157,14424.1577,4.3989,4.3989,0.0000,0.0364,4.4330,0.2216,4.2114,-0.0054,14424.1577,NA,NA,NA
dwm.exe,2752,0x0,Other,-1,0,0,Hardware: Legacy Flip,14432.8365,NA,4.27990000000000,4.17400000000000,0.00000000000000,0.01750000000000,3.2098,14428.5566,4.2799,4.2799,0.0000,0.0705,4.2269,0.2500,3.9769,0.2249,14428.5566,NA,NA,NA
wallpaper64.exe,9472,0x2154BDE2570,DXGI,0,512,1,Hardware Composed: Independent Flip,14419.8969,NA,17.13780000000000,16.41190000000000,0.35760000000000,4.08060000000000,4.1751,14402.9501,17.3044,16.9468,0.3576,4.6993,16.3281,4.0594,12.2687,0.0341,14402.9501,NA,NA,NA
dwm.exe,2752,0x0,Other,-1,0,0,Hardware: Legacy Flip,14436.7381,NA,3.90160000000000,4.14890000000000,0.00000000000000,0.02750000000000,3.4571,14432.8365,3.9016,3.9016,0.0000,0.0175,3.9116,0.2431,3.6685,0.1310,14432.8365,NA,NA,NA
dwm.exe,2752,0x0,Other,-1,0,0,Hardware: Legacy Flip,14440.8907,NA,4.15260000000000,4.18570000000000,0.00000000000000,0.02830000000000,3.4902,14436.7381,4.1526,4.1526,0.0000,0.0275,4.1534,0.2100,3.9434,-0.2841,14436.7381,NA,NA,NA
dwm.exe,2752,0x0,Other,-1,0,0,Hardware: Legacy Flip,14445.1944,NA,4.30370000000000,4.15820000000000,0.00000000000000,0.03130000000000,3.3447,14440.8907,4.3037,4.3037,0.0000,0.0283,4.3067,0.2242,4.0825,-0.0056,14440.8907,NA,NA,NA
dwm.exe,2752,0x0,Other,-1,0,0,Hardware: Legacy Flip,14449.1973,NA,4.00290000000000,4.14160000000000,0.00000000000000,0.02850000000000,3.4834,14445.1944,4.0029,4.0029,0.0000,0.0313,4.0001,0.1984,3.8017,0.1621,14445.1944,NA,NA,NA
wallpaper64.exe,9472,0x2154BDE2570,DXGI,0,512,1,Hardware Composed: Independent Flip,14436.9630,NA,17.06610000000000,16.73430000000000,0.20290000000000,3.83030000000000,3.8433,14420.2545,16.9114,16.7085,0.2029,3.7230,16.8158,3.8121,13.0037,0.5701,14420.2545,NA,NA,NA
dwm.exe,2752,0x0,Other,-1,0,0,Hardware: Legacy Flip,14453.2348,NA,4.03750000000000,4.17360000000000,0.00000000000000,0.02900000000000,3.6195,14449.1973,4.0375,4.0375,0.0000,0.0285,4.0380,0.2032,3.8348,-0.1707,14449.1973,NA,NA,NA
dwm.exe,2752,0x0,Other,-1,0,0,Hardware: Legacy Flip,14457.5672,NA,4.33240000000000,4.16790000000000,0.00000000000000,0.01520000000000,3.4550,14453.2348,4.3324,4.3324,0.0000,0.0290,4.3186,0.2280,4.0906,-0.1304,14453.2348,NA,NA,NA
dwm.exe,2752,0x0,Other,-1,0,0,Hardware: Legacy Flip,14461.9747,NA,4.40750000000000,4.17990000000000,0.00000000000000,0.03490000000000,3.2274,14457.5672,4.4075,4.4075,0.0000,0.0152,4.4272,0.2191,4.2081,0.1525,14457.5672,NA,NA,NA
dwm.exe,2752,0x0,Other,-1,0,0,Hardware: Legacy Flip,14465.7726,NA,3.79790000000000,4.17250000000000,0.00000000000000,0.04300000000000,3.6020,14461.9747,3.7979,3.7979,0.0000,0.0349,3.8060,0.1946,3.6114,0.2350,14461.9747,NA,NA,NA
wallpaper64.exe,9472,0x2154BDE2570,DXGI,0,512,1,Hardware Composed: Independent Flip,14453.4903,NA,16.52730000000000,16.49850000000000,0.18380000000000,3.80860000000000,3.8145,14437.1659,16.5082,16.3244,0.1838,3.6274,16.5056,3.7502,12.7554,0.4129,14437.1659,NA,NA,NA
dwm.exe,2752,0x0,Other,-1,0,0,Hardware: Legacy Flip,14469.9273,NA,4.15470000000000,4.14620000000000,0.00000000000000,0.02810000000000,3.5935,14465.7726,4.1547,4.1547,0.0000,0.0430,4.1398,0.1920,3.9478,-0.3483,14465.7726,NA,NA,NA
dwm.exe,2752,0x0,Other,-1,0,0,Hardware: Legacy Flip,14474.0919,NA,4.16460000000000,4.18610000000000,0.00000000000000,0.10010000000000,3.6150,14469.9273,4.1646,4.1646,0.0000,0.0281,4.2366,0.2738,3.9628,-0.0314,14469.9273,NA,NA,NA
dwm.exe,2752,0x0,Other,-1,0,0,Hardware: Legacy Flip,14478.3949,NA,4.30300000000000,4.16370000000000,0.00000000000000,0.06170000000000,3.4757,14474.0919,4.3030,4.3030,0.0000,0.1001,4.2646,0.2143,4.0503,0.0009,14474.0919,NA,NA,NA
dwm.exe,2752,0x0,Other,-1,0,0,Hardware: Legacy Flip,14482.3598,NA,3.96490000000000,4.17110000000000,0.00000000000000,0.04820000000000,3.6819,14478.3949,3.9649,3.9649,0.0000,0.0617,3.9514,0.1925,3.7589,0.1319,14478.3949,NA,NA,NA
wallpaper64.exe,9472,0x2154BDE2570,DXGI,0,512,1,Hardware Composed: Independent Flip,14470.3914,NA,16.90110000000000,17.28040000000000,0.18280000000000,4.18590000000000,4.1938,14453.6741,16.9001,16.7173,0.1828,3.6248,17.2784,3.9724,13.3060,-0.7722,14453.6741,NA,NA,NA
dwm.exe,2752,0x0,Other,-1,0,0,Hardware: Legacy Flip,14486.5218,NA,4.16200000000000,4.15410000000000,0.00000000000000,0.06170000000000,3.6740,14482.3598,4.1620,4.1620,0.0000,0.0482,4.1755,0.2182,3.9573,-0.1892,14482.3598,NA,NA,NA
dwm.exe,2752,0x0,Other,-1,0,0,Hardware: Legacy Flip,14490.6561,NA,4.13430000000000,4.18920000000000,0.00000000000000,0.11780000000000,3.7289,14486.5218,4.1343,4.1343,0.0000,0.0617,4.1904,0.2788,3.9116,-0.0272,14486.5218,NA,NA,NA
dwm.exe,2752,0x0,Other,-1,0,0,Hardware: Legacy Flip,14495.1086,NA,4.45250000000000,4.15520000000000,0.00000000000000,0.07530000000000,3.4316,14490.6561,4.4525,4.4525,0.0000,0.1178,4.4100,0.2561,4.1539,-0.0209,14490.6561,NA,NA,NA
dwm.exe,2752,0x0,Other,-1,0,0,Hardware: Legacy Flip,14499.0827,NA,3.97410000000000,4.16250000000000,0.00000000000000,0.04680000000000,3.6200,14495.1086,3.9741,3.9741,0.0000,0.0753,3.9456,0.2039,3.7417,0.2900,14495.1086,NA,NA,NA
wallpaper64.exe,9472,0x2154BDE2570,DXGI,0,512,1,Hardware Composed: Independent Flip,14486.9798,NA,16.58840000000000,16.48330000000000,0.17040000000000,4.07970000000000,4.0887,14470.5742,16.5760,16.4056,0.1704,4.0031,16.4822,4.0291,12.4531,0.4168,14470.5742,NA,NA,NA
dwm.exe,2752,0x0,Other,-1,0,0,Hardware: Legacy Flip,14503.1639,NA,4.08120000000000,4.16540000000000,0.00000000000000,0.03840000000000,3.7042,14499.0827,4.0812,4.0812,0.0000,0.0468,4.0728,0.1916,3.8812,-0.1913,14499.0827,NA,NA,NA
dwm.exe,2752,0x0,Other,-1,0,0,Hardware: Legacy Flip,14507.8508,NA,4.68690000000000,4.16330000000000,0.00000000000000,0.02090000000000,3.1806,14503.1639,4.6869,4.6869,0.0000,0.0384,4.6694,0.2627,4.4067,-0.0821,14503.1639,NA,NA,NA
dwm.exe,2752,0x0,Other,-1,0,0,Hardware: Legacy Flip,14511.9338,NA,4.08300000000000,4.19320000000000,0.00000000000000,0.02600000000000,3.2908,14507.8508,4.0830,4.0830,0.0000,0.0209,4.0881,0.1719,3.9162,0.4937,14507.8508,NA,NA,NA
dwm.exe,2752,0x0,Other,-1,0,0,Hardware: Legacy Flip,14515.9571,NA,4.02330000000000,4.14830000000000,0.00000000000000,0.03820000000000,3.4158,14511.9338,4.0233,4.0233,0.0000,0.0260,4.0355,0.2247,3.8108,-0.0653,14511.9338,NA,NA,NA
wallpaper64.exe,9472,0x2154BDE2570,DXGI,0,512,1,Hardware Composed: Independent Flip,14503.4899,NA,16.51010000000000,16.28540000000000,0.17640000000000,3.78420000000000,3.8640,14487.1502,16.5161,16.3397,0.1764,3.9093,16.2146,3.7362,12.4784,0.2906,14487.1502,NA,NA,NA
dwm.exe,2752,0x0,Other,-1,0,0,Hardware: Legacy Flip,14520.1509,NA,4.19380000000000,4.17300000000000,0.00000000000000,0.03790000000000,3.3950,14515.9571,4.1938,4.1938,0.0000,0.0382,4.1935,0.2067,3.9868,-0.1497,14515.9571,NA,NA,NA
dwm.exe,2752,0x0,Other,-1,0,0,Hardware: Legacy Flip,14524.3146,NA,4.16370000000000,4.16360000000000,0.00000000000000,0.07160000000000,3.3949,14520.1509,4.1637,4.1637,0.0000,0.0379,4.1974,0.2509,3.9465,0.0302,14520.1509,NA,NA,NA
dwm.exe,2752,0x0,Other,-1,0,0,Hardware: Legacy Flip,14528.7450,NA,4.43040000000000,4.17810000000000,0.00000000000000,0.06930000000000,3.1426,14524.3146,4.4304,4.4304,0.0000,0.0716,4.4281,0.2456,4.1825,-0.0144,14524.3146,NA,NA,NA
dwm.exe,2752,0x0,Other,-1,0,0,Hardware: Legacy Flip,14532.4805,NA,3.73550000000000,4.16280000000000,0.00000000000000,0.05130000000000,3.5699,14528.7450,3.7355,3.7355,0.0000,0.0693,3.7175,0.2007,3.5168,0.2676,14528.7450,NA,NA,NA
wallpaper64.exe,9472,0x2154BDE2570,DXGI,0,512,1,Hardware Composed: Independent Flip,14520.0117,NA,16.52180000000000,16.69440000000000,0.35580000000000,4.02520000000000,4.0366,14503.6663,16.7012,16.3454,0.3558,3.6078,16.7628,3.9656,12.7972,-0.1783,14503.6663,NA,NA,NA
dwm.exe,2752,0x0,Other,-1,0,0,Hardware: Legacy Flip,14536.5241,NA,4.04360000000000,4.15800000000000,0.00000000000000,0.06360000000000,3.6843,14532.4805,4.0436,4.0436,0.0000,0.0513,4.0559,0.2222,3.8337,-0.4225,14532.4805,NA,NA,NA
FlyingBird.exe,46456,0x1E2504FE000,DXGI,0,0,0,Composed: Copy with GPU GDI,13619.8371,NA,75.10890000000001,41.68300000000000,0.07460000000000,0.52300000000000,16.1815,13544.8008,75.1109,75.0363,0.0746,0.2779,75.2814,0.5766,74.7048,987.5994,13544.8008,NA,NA,NA
dwm.exe,2752,0x0,Other,-1,0,0,Hardware: Legacy Flip,14540.8052,NA,4.28110000000000,4.14490000000000,0.00000000000000,0.04610000000000,3.5481,14536.5241,4.2811,4.2811,0.0000,0.0636,4.2636,0.1914,4.0722,-0.1013,14536.5241,NA,NA,NA
dwm.exe,2752,0x0,Other,-1,0,0,Hardware: Legacy Flip,14545.4583,NA,4.65310000000000,4.16580000000000,0.00000000000000,0.01650000000000,3.0608,14540.8052,4.6531,4.6531,0.0000,0.0461,4.6235,0.2407,4.3828,0.1153,14540.8052,NA,NA,NA
dwm.exe,2752,0x0,Other,-1,0,0,Hardware: Legacy Flip,14549.2308,NA,3.77250000000000,4.17170000000000,0.00000000000000,0.01870000000000,3.4600,14545.4583,3.7725,3.7725,0.0000,0.0165,3.7747,0.1793,3.5954,0.4814,14545.4583,NA,NA,NA
wallpaper64.exe,9472,0x2154BDE2570,DXGI,0,512,1,Hardware Composed: Independent Flip,14536.6268,NA,16.61510000000000,16.68530000000000,0.24140000000000,4.08980000000000,4.1068,14520.3675,16.5007,16.2593,0.2414,3.6694,16.6797,3.7349,12.9448,0.0159,14520.3675,NA,NA,NA
dwm.exe,2752,0x0,Other,-1,0,0,Hardware: Legacy Flip,14553.3089,NA,4.07810000000000,4.16610000000000,0.00000000000000,0.02660000000000,3.5480,14549.2308,4.0781,4.0781,0.0000,0.0187,4.0860,0.1884,3.8976,-0.3936,14549.2308,NA,NA,NA
dwm.exe,2752,0x0,Other,-1,0,0,Hardware: Legacy Flip,14557.5031,NA,4.19420000000000,4.16090000000000,0.00000000000000,0.24070000000000,3.5147,14553.3089,4.1942,4.1942,0.0000,0.0266,4.4083,0.4080,4.0003,-0.0828,14553.3089,NA,NA,NA
dwm.exe,2752,0x0,Other,-1,0,0,Hardware: Legacy Flip,14562.0017,NA,4.49860000000000,4.18120000000000,0.00000000000000,0.15890000000000,3.1973,14557.5031,4.4986,4.4986,0.0000,0.2407,4.4168,0.3031,4.1137,0.0130,14557.5031,NA,NA,NA
dwm.exe,2752,0x0,Other,-1,0,0,Hardware: Legacy Flip,14565.7327,NA,3.73100000000000,4.17790000000000,0.00000000000000,0.16090000000000,3.6442,14562.0017,3.7310,3.7310,0.0000,0.1589,3.7330,0.3261,3.4069,0.3207,14562.0017,NA,NA,NA
wallpaper64.exe,9472,0x2154BDE2570,DXGI,0,512,1,Hardware Composed: Independent Flip,14553.5648,NA,16.93800000000000,16.99650000000000,0.18670000000000,4.15780000000000,4.1653,14536.8682,16.8833,16.6966,0.1867,3.8484,17.0060,3.9539,13.0521,-0.4958,14536.8682,NA,NA,NA
dwm.exe,2752,0x0,Other,-1,0,0,Hardware: Legacy Flip,14570.0057,NA,4.27300000000000,4.15330000000000,0.00000000000000,0.16470000000000,3.5245,14565.7327,4.2730,4.2730,0.0000,0.1609,4.2768,0.3590,3.9178,-0.4223,14565.7327,NA,NA,NA
dwm.exe,2752,0x0,Other,-1,0,0,Hardware: Legacy Flip,14574.1044,NA,4.09870000000000,4.15770000000000,0.00000000000000,0.11430000000000,3.5835,14570.0057,4.0987,4.0987,0.0000,0.1647,4.0483,0.2828,3.7655,0.1153,14570.0057,NA,NA,NA
wallpaper64.exe,9472,0x2154BDE2570,DXGI,0,512,1,Hardware Composed: Independent Flip,14570.5792,NA,17.01440000000000,16.81600000000000,0.11570000000000,3.90010000000000,3.9669,14553.7515,16.9434,16.8277,0.1157,3.9711,16.7567,3.9044,12.8523,0.0673,14553.7515,NA,NA,NA
dwm.exe,2752,0x0,Other,-1,0,0,Hardware: Legacy Flip,14578.3200,NA,4.21560000000000,4.17080000000000,0.00000000000000,0.05480000000000,3.5387,14574.1044,4.2156,4.2156,0.0000,0.1143,4.1561,0.2019,3.9542,-0.0721,14574.1044,NA,NA,NA
dwm.exe,2752,0x0,Other,-1,0,0,Hardware: Legacy Flip,14591.4679,NA,13.14790000000000,12.51140000000000,0.00000000000000,0.07900000000000,2.9022,14578.3200,13.1479,13.1479,0.0000,0.0548,13.1721,0.2305,12.9416,-8.2958,14578.3200,NA,NA,NA
wallpaper64.exe,9472,0x2154BDE2570,DXGI,0,512,1,Hardware Composed: Independent Flip,14586.9881,NA,16.40890000000000,16.32990000000000,0.19960000000000,3.87660000000000,3.8879,14570.6949,16.4928,16.2932,0.1996,3.7844,16.3854,3.8639,12.5215,0.6135,14570.6949,NA,NA,NA
dwm.exe,2752,0x0,Other,-1,0,0,Hardware: Legacy Flip,14603.2208,NA,11.75290000000000,12.50010000000000,0.00000000000000,0.05180000000000,3.6494,14591.4679,11.7529,11.7529,0.0000,0.0790,11.7257,0.2042,11.5215,0.6478,14591.4679,NA,NA,NA
dwm.exe,2752,0x0,Other,-1,0,0,Hardware: Legacy Flip,14608.1489,NA,4.92810000000000,4.15470000000000,0.00000000000000,0.01650000000000,2.8760,14603.2208,4.9281,4.9281,0.0000,0.0518,4.8928,0.2170,4.6758,7.5982,14603.2208,NA,NA,NA
dwm.exe,2752,0x0,Other,-1,0,0,Hardware: Legacy Flip,14616.0517,NA,7.90280000000000,8.35210000000000,0.00000000000000,0.01690000000000,3.3253,14608.1489,7.9028,7.9028,0.0000,0.0165,7.9032,0.2526,7.6506,-3.4240,14608.1489,NA,NA,NA
wallpaper64.exe,9472,0x2154BDE2570,DXGI,0,512,1,Hardware Composed: Independent Flip,14603.5083,NA,16.52020000000000,16.42970000000000,0.20300000000000,3.72210000000000,3.7974,14587.1877,16.5236,16.3206,0.2030,3.6770,16.3657,3.6512,12.7145,0.0631,14587.1877,NA,NA,NA
dwm.exe,2752,0x0,Other,-1,0,0,Hardware: Legacy Flip,14620.2000,NA,4.14830000000000,4.16480000000000,0.00000000000000,0.03680000000000,3.3418,14616.0517,4.1483,4.1483,0.0000,0.0169,4.1682,0.1983,3.9699,3.7380,14616.0517,NA,NA,NA
dwm.exe,2752,0x0,Other,-1,0,0,Hardware: Legacy Flip,14624.7961,NA,4.59610000000000,4.15760000000000,0.00000000000000,0.06240000000000,2.9033,14620.2000,4.5961,4.5961,0.0000,0.0368,4.6217,0.3157,4.3060,-0.0093,14620.2000,NA,NA,NA
wallpaper64.exe,9472,0x2154BDE2570,DXGI,0,512,1,Hardware Composed: Independent Flip,14620.0140,NA,16.50570000000000,16.73740000000000,0.37290000000000,4.01970000000000,4.0291,14603.7113,16.6756,16.3027,0.3729,3.5191,16.8033,3.9383,12.8650,-0.2138,14603.7113,NA,NA,NA
dwm.exe,2752,0x0,Other,-1,0,0,Hardware: Legacy Flip,14632.5236,NA,7.72750000000000,8.35180000000000,0.00000000000000,0.04010000000000,3.5276,14624.7961,7.7275,7.7275,0.0000,0.0624,7.7052,0.2297,7.4755,-3.7557,14624.7961,NA,NA,NA
dwm.exe,2752,0x0,Other,-1,0,0,Hardware: Legacy Flip,14641.6600,NA,9.13640000000000,8.31860000000000,0.00000000000000,0.02540000000000,2.7098,14632.5236,9.1364,9.1364,0.0000,0.0401,9.1217,0.2217,8.9000,-0.5911,14632.5236,NA,NA,NA
wallpaper64.exe,9472,0x2154BDE2570,DXGI,0,512,1,Hardware Composed: Independent Flip,14637.0671,NA,17.05310000000000,16.89720000000000,0.18550000000000,3.86300000000000,3.8732,14620.3869,16.8657,16.6802,0.1855,3.6468,16.8964,3.8004,13.0960,-0.2216,14620.3869,NA,NA,NA
dwm.exe,2752,0x0,Other,-1,0,0,Hardware: Legacy Flip,14649.0809,NA,7.42090000000000,8.33550000000000,0.00000000000000,0.03830000000000,3.6244,14641.6600,7.4209,7.4209,0.0000,0.0254,7.4338,0.1861,7.2477,0.8009,14641.6600,NA,NA,NA
wallpaper64.exe,9472,0x2154BDE2570,DXGI,0,512,1,Hardware Composed: Independent Flip,14653.5857,NA,16.51860000000000,16.46880000000000,0.16700000000000,3.81470000000000,3.8234,14637.2526,16.5001,16.3331,0.1670,3.6775,16.4703,3.7696,12.7007,0.3969,14637.2526,NA,NA,NA
dwm.exe,2752,0x0,Other,-1,0,0,Hardware: Legacy Flip,14658.3812,NA,9.30030000000000,8.33150000000000,0.00000000000000,0.02770000000000,2.6556,14649.0809,9.3003,9.3003,0.0000,0.0383,9.2897,0.2385,9.0512,-0.9106,14649.0809,NA,NA,NA
dwm.exe,2752,0x0,Other,-1,0,0,Hardware: Legacy Flip,14674.4389,NA,16.05770000000000,16.67820000000000,0.00000000000000,0.02830000000000,3.2761,14658.3812,16.0577,16.0577,0.0000,0.0277,16.0583,0.2052,15.8531,-7.3779,14658.3812,NA,NA,NA
wallpaper64.exe,9472,0x2154BDE2570,DXGI,0,512,1,Hardware Composed: Independent Flip,14670.1021,NA,16.51640000000000,16.50520000000000,0.20750000000000,3.80000000000000,3.8122,14653.7527,16.5569,16.3494,0.2075,3.6477,16.5017,3.7264,12.7753,-0.0051,14653.7527,NA,NA,NA
dwm.exe,2752,0x0,Other,-1,0,0,Hardware: Legacy Flip,14678.6705,NA,4.23160000000000,4.15810000000000,0.00000000000000,0.02020000000000,3.2026,14674.4389,4.2316,4.2316,0.0000,0.0283,4.2235,0.2591,3.9644,11.8996,14674.4389,NA,NA,NA
wallpaper64.exe,9472,0x2154BDE2570,DXGI,0,512,1,Hardware Composed: Independent Flip,14686.5770,NA,16.47490000000000,16.51150000000000,0.20990000000000,3.83730000000000,3.8488,14670.3096,16.4773,16.2674,0.2099,3.5925,16.5122,3.7553,12.7569,0.0454,14670.3096,NA,NA,NA
dwm.exe,2752,0x0,Other,-1,0,0,Hardware: Legacy Flip,14691.3881,NA,12.71760000000000,12.49220000000000,0.00000000000000,0.01700000000000,2.9772,14678.6705,12.7176,12.7176,0.0000,0.0202,12.7144,0.1904,12.5240,-8.2606,14678.6705,NA,NA,NA
dwm.exe,2752,0x0,Other,-1,0,0,Hardware: Legacy Flip,14707.9709,NA,16.58280000000000,16.68040000000000,0.00000000000000,0.01650000000000,3.0748,14691.3881,16.5828,16.5828,0.0000,0.0170,16.5823,0.2693,16.3130,-3.9628,14691.3881,NA,NA,NA
wallpaper64.exe,9472,0x2154BDE2570,DXGI,0,512,1,Hardware Composed: Independent Flip,14703.1227,NA,16.54570000000000,16.65040000000000,0.19690000000000,3.94310000000000,3.9535,14686.7869,16.5327,16.3358,0.1969,3.6274,16.6515,3.6957,12.9558,-0.1731,14686.7869,NA,NA,NA
dwm.exe,2752,0x0,Other,-1,0,0,Hardware: Legacy Flip,14711.7290,NA,3.75810000000000,4.15650000000000,0.00000000000000,0.01560000000000,3.4732,14707.9709,3.7581,3.7581,0.0000,0.0165,3.7572,0.1923,3.5649,12.4263,14707.9709,NA,NA,NA
dwm.exe,2752,0x0,Other,-1,0,0,Hardware: Legacy Flip,14724.4684,NA,12.73940000000000,12.51520000000000,0.00000000000000,0.05860000000000,3.2490,14711.7290,12.7394,12.7394,0.0000,0.0156,12.7824,0.2150,12.5674,-8.7571,14711.7290,NA,NA,NA
wallpaper64.exe,9472,0x2154BDE2570,DXGI,0,512,1,Hardware Composed: Independent Flip,14719.5828,NA,16.46010000000000,16.33910000000000,0.16140000000000,3.82370000000000,3.8325,14703.3196,16.4246,16.2632,0.1614,3.7462,16.3407,3.7851,12.5556,0.1936,14703.3196,NA,NA,NA
dwm.exe,2752,0x0,Other,-1,0,0,Hardware: Legacy Flip,14728.3652,NA,3.89680000000000,4.14590000000000,0.00000000000000,0.03600000000000,3.4981,14724.4684,3.8968,3.8968,0.0000,0.0586,3.8742,0.1915,3.6827,8.5935,14724.4684,NA,NA,NA
dwm.exe,2752,0x0,Other,-1,0,0,Hardware: Legacy Flip,14740.2992,NA,11.93400000000000,12.51420000000000,0.00000000000000,0.03490000000000,4.0783,14728.3652,11.9340,11.9340,0.0000,0.0360,11.9329,0.2176,11.7153,-8.6174,14728.3652,NA,NA,NA
wallpaper64.exe,9472,0x2154BDE2570,DXGI,0,512,1,Hardware Composed: Independent Flip,14736.0325,NA,16.44970000000000,16.41850000000000,0.18800000000000,3.79300000000000,3.8013,14719.7442,16.4763,16.2883,0.1880,3.6623,16.4190,3.7346,12.6844,0.0061,14719.7442,NA,NA,NA
dwm.exe,2752,0x0,Other,-1,0,0,Hardware: Legacy Flip,14744.9232,NA,4.62400000000000,4.15120000000000,0.00000000000000,0.04200000000000,3.6055,14740.2992,4.6240,4.6240,0.0000,0.0349,4.6311,0.2288,4.4023,7.7828,14740.2992,NA,NA,NA
wallpaper64.exe,9472,0x2154BDE2570,DXGI,0,512,1,Hardware Composed: Independent Flip,14752.5809,NA,16.54840000000000,16.64240000000000,0.17680000000000,3.88170000000000,3.8953,14736.2205,16.5372,16.3604,0.1768,3.6050,16.6371,3.8383,12.7988,-0.1661,14736.2205,NA,NA,NA
dwm.exe,2752,0x0,Other,-1,0,0,Hardware: Legacy Flip,14757.0948,NA,12.17160000000000,12.51590000000000,0.00000000000000,0.07910000000000,3.9498,14744.9232,12.1716,12.1716,0.0000,0.0420,12.2087,0.2365,11.9722,-7.8919,14744.9232,NA,NA,NA
wallpaper64.exe,9472,0x2154BDE2570,DXGI,0,512,1,Hardware Composed: Independent Flip,14769.1266,NA,16.54570000000000,16.49530000000000,0.19730000000000,3.75560000000000,3.8449,14752.7577,16.5662,16.3689,0.1973,3.7049,16.4196,3.6865,12.7331,0.0419,14752.7577,NA,NA,NA
dwm.exe,2752,0x0,Other,-1,0,0,Hardware: Legacy Flip,14773.4093,NA,16.31450000000000,16.66140000000000,0.00000000000000,0.14530000000000,4.2967,14757.0948,16.3145,16.3145,0.0000,0.0791,16.3807,0.3044,16.0763,-4.4898,14757.0948,NA,NA,NA
wallpaper64.exe,9472,0x2154BDE2570,DXGI,0,512,1,Hardware Composed: Independent Flip,14785.5851,NA,16.45850000000000,16.57340000000000,0.17810000000000,3.87100000000000,3.9598,14769.3239,16.4393,16.2612,0.1781,3.5583,16.5739,3.8167,12.7572,-0.0072,14769.3239,NA,NA,NA
dwm.exe,2752,0x0,Other,-1,0,0,Hardware: Legacy Flip,14790.0833,NA,16.67400000000000,16.67720000000000,0.00000000000000,0.15740000000000,4.2999,14773.4093,16.6740,16.6740,0.0000,0.1453,16.6861,0.2541,16.4320,-0.3627,14773.4093,NA,NA,NA
dwm.exe,2752,0x0,Other,-1,0,0,Hardware: Legacy Flip,14803.6941,NA,13.61080000000000,12.49300000000000,0.00000000000000,0.74570000000000,3.1821,14790.0833,13.6108,13.6108,0.0000,0.1574,14.1991,0.9553,13.2438,4.1810,14790.0833,NA,NA,NA
wallpaper64.exe,9472,0x2154BDE2570,DXGI,0,512,1,Hardware Composed: Independent Flip,14802.1869,NA,16.60180000000000,16.94510000000000,0.16840000000000,4.29000000000000,4.3031,14785.7632,16.5921,16.4237,0.1684,3.6929,17.0208,4.3188,12.7020,-0.5058,14785.7632,NA,NA,NA
dwm.exe,2752,0x0,Other,-1,0,0,Hardware: Legacy Flip,14807.2569,NA,3.56280000000000,4.15940000000000,0.00000000000000,0.05630000000000,3.7787,14803.6941,3.5628,3.5628,0.0000,0.7457,2.8734,0.2004,2.6730,9.4514,14803.6941,NA,NA,NA
dwm.exe,2752,0x0,Other,-1,0,0,Hardware: Legacy Flip,14821.1743,NA,13.91740000000000,12.49430000000000,0.00000000000000,0.11900000000000,2.3556,14807.2569,13.9174,13.9174,0.0000,0.0563,13.9801,0.2742,13.7059,-8.9315,14807.2569,NA,NA,NA
wallpaper64.exe,9472,0x2154BDE2570,DXGI,0,512,1,Hardware Composed: Independent Flip,14818.7432,NA,16.55630000000000,16.53270000000000,0.18860000000000,4.27030000000000,4.2795,14802.3553,16.5765,16.3879,0.1886,4.1216,16.5366,4.2090,12.3276,0.0594,14802.3553,NA,NA,NA
dwm.exe,2752,0x0,Other,-1,0,0,Hardware: Legacy Flip,14824.1801,NA,3.00580000000000,4.17410000000000,0.00000000000000,0.04160000000000,3.5239,14821.1743,3.0058,3.0058,0.0000,0.1190,2.9284,0.2272,2.7012,9.7433,14821.1743,NA,NA,NA
dwm.exe,2752,0x0,Other,-1,0,0,Hardware: Legacy Flip,14838.5990,NA,14.41890000000000,12.48230000000000,0.00000000000000,0.73110000000000,1.5873,14824.1801,14.4189,14.4189,0.0000,0.0416,15.1084,1.0015,14.1069,-9.4765,14824.1801,NA,NA,NA
dwm.exe,2752,0x0,Other,-1,0,0,Hardware: Legacy Flip,14840.6160,NA,2.01700000000000,4.18290000000000,0.00000000000000,0.05140000000000,3.7532,14838.5990,2.0170,2.0170,0.0000,0.7311,1.3373,0.1842,1.1531,10.2360,14838.5990,NA,NA,NA
wallpaper64.exe,9472,0x2154BDE2570,DXGI,0,512,1,Hardware Composed: Independent Flip,14835.2680,NA,16.52480000000000,16.29340000000000,0.20270000000000,4.04010000000000,4.0481,14818.9318,16.5389,16.3362,0.2027,4.0817,16.2946,3.9711,12.3235,0.2831,14818.9318,NA,NA,NA
dwm.exe,2752,0x0,Other,-1,0,0,Hardware: Legacy Flip,14849.8787,NA,9.26270000000000,8.33320000000000,0.00000000000000,0.08010000000000,2.8237,14840.6160,9.2627,9.2627,0.0000,0.0514,9.2914,0.2549,9.0365,-6.3162,14840.6160,NA,NA,NA
dwm.exe,2752,0x0,Other,-1,0,0,Hardware: Legacy Flip,14856.2801,NA,6.40140000000000,4.15110000000000,0.00000000000000,0.07160000000000,0.5734,14849.8787,6.4014,6.4014,0.0000,0.0801,6.3929,0.2355,6.1574,5.1116,14849.8787,NA,NA,NA
wallpaper64.exe,9472,0x2154BDE2570,DXGI,0,512,1,Hardware Composed: Independent Flip,14851.7425,NA,16.47450000000000,16.41960000000000,0.20900000000000,3.92450000000000,3.9932,14835.4707,16.4808,16.2718,0.2090,3.8374,16.3589,3.7143,12.6446,0.1193,14835.4707,NA,NA,NA
dwm.exe,2752,0x0,Other,-1,0,0,Hardware: Legacy Flip,14865.7753,NA,9.49520000000000,12.52010000000000,0.00000000000000,0.03910000000000,3.5983,14856.2801,9.4952,9.4952,0.0000,0.0716,9.4627,0.2076,9.2551,-6.1187,14856.2801,NA,NA,NA
wallpaper64.exe,9472,0x2154BDE2570,DXGI,0,512,1,Hardware Composed: Independent Flip,14868.2415,NA,16.49900000000000,16.43700000000000,0.20100000000000,3.86230000000000,3.9312,14851.9515,16.4910,16.2900,0.2010,3.7155,16.4368,3.7690,12.6678,0.0438,14851.9515,NA,NA,NA
dwm.exe,2752,0x0,Other,-1,0,0,Hardware: Legacy Flip,14872.9613,NA,7.18600000000000,4.14840000000000,0.00000000000000,0.01580000000000,0.5607,14865.7753,7.1860,7.1860,0.0000,0.0391,7.1627,0.2200,6.9427,5.3468,14865.7753,NA,NA,NA
wallpaper64.exe,9472,0x2154BDE2570,DXGI,0,512,1,Hardware Composed: Independent Flip,14884.7472,NA,16.50570000000000,18.03310000000000,0.26810000000000,5.45000000000000,5.4586,14868.4425,16.5728,16.3047,0.2681,3.6613,18.0934,4.0897,14.0037,-1.5421,14868.4425,NA,NA,NA
dwm.exe,2752,0x0,Other,-1,0,0,Hardware: Legacy Flip,14891.1614,NA,18.20010000000000,20.84790000000000,0.00000000000000,0.01790000000000,3.2085,14872.9613,18.2001,18.2001,0.0000,0.0158,18.2022,0.2127,17.9895,-13.6619,14872.9613,NA,NA,NA
wallpaper64.exe,9472,0x2154BDE2570,DXGI,0,512,1,Hardware Composed: Independent Flip,14901.8096,NA,17.06240000000000,15.39840000000000,0.17050000000000,3.78600000000000,3.7946,14885.0153,16.9648,16.7943,0.1705,5.1819,15.3984,3.7330,11.6654,1.1744,14885.0153,NA,NA,NA
dwm.exe,2752,0x0,Other,-1,0,0,Hardware: Legacy Flip,14906.6084,NA,15.44700000000000,12.48760000000000,0.00000000000000,0.17720000000000,0.2491,14891.1614,15.4470,15.4470,0.0000,0.0179,15.6063,0.4329,15.1734,5.7125,14891.1614,NA,NA,NA
dwm.exe,2752,0x0,Other,-1,0,0,Hardware: Legacy Flip,14923.0711,NA,16.46270000000000,16.66390000000000,0.00000000000000,0.01650000000000,0.4503,14906.6084,16.4627,16.4627,0.0000,0.1772,16.3020,0.1758,16.1262,-1.2169,14906.6084,NA,NA,NA
wallpaper64.exe,9472,0x2154BDE2570,DXGI,0,512,1,Hardware Composed: Independent Flip,14918.2548,NA,16.44520000000000,16.49140000000000,0.20530000000000,3.83240000000000,3.8408,14901.9801,16.4800,16.2747,0.2053,3.6155,16.4916,3.7561,12.7355,0.4734,14901.9801,NA,NA,NA
dwm.exe,2752,0x0,Other,-1,0,0,Hardware: Legacy Flip,14928.6621,NA,5.59100000000000,8.35810000000000,0.00000000000000,0.01590000000000,3.2174,14923.0711,5.5910,5.5910,0.0000,0.0165,5.5904,0.2306,5.3598,8.1046,14923.0711,NA,NA,NA
dwm.exe,2752,0x0,Other,-1,0,0,Hardware: Legacy Flip,14940.9893,NA,12.32720000000000,12.50880000000000,0.00000000000000,0.01570000000000,3.3990,14928.6621,12.3272,12.3272,0.0000,0.0159,12.3270,0.1768,12.1502,-6.9178,14928.6621,NA,NA,NA
wallpaper64.exe,9472,0x2154BDE2570,DXGI,0,512,1,Hardware Composed: Independent Flip,14936.1873,NA,17.93250000000000,18.11520000000000,0.20860000000000,4.01440000000000,4.0235,14918.4601,17.9358,17.7272,0.2086,3.6271,18.1145,3.8096,14.3049,-1.6352,14918.4601,NA,NA,NA
dwm.exe,2752,0x0,Other,-1,0,0,Hardware: Legacy Flip,14945.2426,NA,4.25330000000000,4.15410000000000,0.00000000000000,0.01530000000000,3.2998,14940.9893,4.2533,4.2533,0.0000,0.0157,4.2529,0.2912,3.9617,8.1731,14940.9893,NA,NA,NA
dwm.exe,2752,0x0,Other,-1,0,0,Hardware: Legacy Flip,14958.1152,NA,12.87260000000000,12.51320000000000,0.00000000000000,0.01800000000000,2.9404,14945.2426,12.8726,12.8726,0.0000,0.0153,12.8753,0.2536,12.6217,-8.2599,14945.2426,NA,NA,NA
wallpaper64.exe,9472,0x2154BDE2570,DXGI,0,512,1,Hardware Composed: Independent Flip,14953.2235,NA,17.03620000000000,16.86640000000000,0.15400000000000,3.84060000000000,3.8537,14936.3959,16.9816,16.8276,0.1540,3.8058,16.8624,3.8107,13.0517,1.0694,14936.3959,NA,NA,NA
dwm.exe,2752,0x0,Other,-1,0,0,Hardware: Legacy Flip,14961.6875,NA,3.57230000000000,4.15630000000000,0.00000000000000,0.03740000000000,3.5244,14958.1152,3.5723,3.5723,0.0000,0.0180,3.5917,0.2264,3.3653,8.7163,14958.1152,NA,NA,NA
wallpaper64.exe,9472,0x2154BDE2570,DXGI,0,512,1,Hardware Composed: Independent Flip,14970.7650,NA,17.54150000000000,17.54330000000000,0.16790000000000,3.84210000000000,3.8555,14953.3775,17.5554,17.3875,0.1679,3.6866,17.5430,3.7975,13.7455,-0.5617,14953.3775,NA,NA,NA
dwm.exe,2752,0x0,Other,-1,0,0,Hardware: Legacy Flip,14975.4539,NA,13.76640000000000,12.49520000000000,0.00000000000000,0.01700000000000,2.2532,14961.6875,13.7664,13.7664,0.0000,0.0374,13.7460,0.2448,13.5012,-8.9229,14961.6875,NA,NA,NA
dwm.exe,2752,0x0,Other,-1,0,0,Hardware: Legacy Flip,14990.9466,NA,15.49270000000000,16.67300000000000,0.00000000000000,1.34790000000000,3.4335,14975.4539,15.4927,15.4927,0.0000,0.0170,16.8236,1.4952,15.3284,-2.9066,14975.4539,NA,NA,NA
wallpaper64.exe,9472,0x2154BDE2570,DXGI,0,512,1,Hardware Composed: Independent Flip,14988.2587,NA,17.49370000000000,17.65610000000000,0.20050000000000,4.00070000000000,4.0179,14970.9329,17.5263,17.3258,0.2005,3.6742,17.6523,3.9261,13.7262,-0.1007,14970.9329,NA,NA,NA
dwm.exe,2752,0x0,Other,-1,0,0,Hardware: Legacy Flip,14995.1421,NA,4.19550000000000,4.15850000000000,0.00000000000000,0.02380000000000,3.3965,14990.9466,4.1955,4.1955,0.0000,1.3479,2.8714,0.2065,2.6649,11.3342,14990.9466,NA,NA,NA
wallpaper64.exe,9472,0x2154BDE2570,DXGI,0,512,1,Hardware Composed: Independent Flip,15004.7505,NA,16.49180000000000,16.43950000000000,0.20420000000000,3.95650000000000,3.9656,14988.4592,16.4955,16.2913,0.2042,3.8002,16.4476,3.7345,12.7131,1.0868,14988.4592,NA,NA,NA
dwm.exe,2752,0x0,Other,-1,0,0,Hardware: Legacy Flip,15009.5217,NA,14.37960000000000,12.50850000000000,0.00000000000000,0.01610000000000,1.5254,14995.1421,14.3796,14.3796,0.0000,0.0238,14.3719,0.2159,14.1560,-8.3130,14995.1421,NA,NA,NA
dwm.exe,2752,0x0,Other,-1,0,0,Hardware: Legacy Flip,15027.1363,NA,17.61460000000000,16.66120000000000,0.00000000000000,0.01650000000000,0.5720,15009.5217,17.6146,17.6146,0.0000,0.0161,17.6150,0.2093,17.4057,-2.2816,15009.5217,NA,NA,NA
wallpaper64.exe,9472,0x2154BDE2570,DXGI,0,512,1,Hardware Composed: Independent Flip,15022.2109,NA,17.46040000000000,17.48730000000000,0.19980000000000,3.92520000000000,3.9925,15004.9547,17.4560,17.2562,0.1998,3.7523,17.4291,3.7282,13.7009,-0.9918,15004.9547,NA,NA,NA
dwm.exe,2752,0x0,Other,-1,0,0,Hardware: Legacy Flip,15036.8541,NA,9.71780000000000,12.49990000000000,0.00000000000000,0.01650000000000,3.3541,15027.1363,9.7178,9.7178,0.0000,0.0165,9.7178,0.2650,9.4528,5.1147,15027.1363,NA,NA,NA
dwm.exe,2752,0x0,Other,-1,0,0,Hardware: Legacy Flip,15044.1640,NA,7.30990000000000,4.16390000000000,0.00000000000000,0.02440000000000,0.2081,15036.8541,7.3099,7.3099,0.0000,0.0165,7.3178,0.1749,7.1429,5.5539,15036.8541,NA,NA,NA
dwm.exe,2752,0x0,Other,-1,0,0,Hardware: Legacy Flip,15053.7140,NA,9.55000000000000,12.50240000000000,0.00000000000000,0.01610000000000,3.1605,15044.1640,9.5500,9.5500,0.0000,0.0244,9.5417,0.2457,9.2960,-5.1925,15044.1640,NA,NA,NA
dwm.exe,2752,0x0,Other,-1,0,0,Hardware: Legacy Flip,15067.4754,NA,13.76140000000000,12.49830000000000,0.00000000000000,0.02040000000000,1.8974,15053.7140,13.7614,13.7614,0.0000,0.0161,13.7657,0.2207,13.5450,-2.9483,15053.7140,NA,NA,NA
dwm.exe,2752,0x0,Other,-1,0,0,Hardware: Legacy Flip,15116.1181,NA,48.64270000000000,49.99140000000000,0.00000000000000,0.01850000000000,3.2461,15067.4754,48.6427,48.6427,0.0000,0.0204,48.6408,0.2538,48.3870,-36.2300,15067.4754,NA,NA,NA
dwm.exe,2752,0x0,Other,-1,0,0,Hardware: Legacy Flip,15145.2560,NA,29.13790000000000,29.17330000000000,0.00000000000000,0.01780000000000,3.2815,15116.1181,29.1379,29.1379,0.0000,0.0185,29.1372,0.2170,28.9202,19.4694,15116.1181,NA,NA,NA
dwm.exe,2752,0x0,Other,-1,0,0,Hardware: Legacy Flip,15162.1098,NA,16.85380000000000,16.67390000000000,0.00000000000000,0.01740000000000,3.1016,15145.2560,16.8538,16.8538,0.0000,0.0178,16.8534,0.1962,16.6572,12.4640,15145.2560,NA,NA,NA
dwm.exe,2752,0x0,Other,-1,0,0,Hardware: Legacy Flip,15177.2089,NA,15.09910000000000,12.49350000000000,0.00000000000000,0.01790000000000,0.4960,15162.1098,15.0991,15.0991,0.0000,0.0174,15.0996,0.2204,14.8792,4.3603,15162.1098,NA,NA,NA
dwm.exe,2752,0x0,Other,-1,0,0,Hardware: Legacy Flip,15178.5653,NA,1.35640000000000,4.16790000000000,0.00000000000000,0.01410000000000,3.3075,15177.2089,1.3564,1.3564,0.0000,0.0179,1.3526,0.2864,1.0662,10.9312,15177.2089,NA,NA,NA
dwm.exe,2752,0x0,Other,-1,0,0,Hardware: Legacy Flip,15257.7331,NA,79.16780000000000,79.16889999999999,0.00000000000000,0.01670000000000,3.3086,15178.5653,79.1678,79.1678,0.0000,0.0141,79.1704,0.2282,78.9422,-77.8125,15178.5653,NA,NA,NA
dwm.exe,2752,0x0,Other,-1,0,0,Hardware: Legacy Flip,15270.2923,NA,12.55920000000000,12.50360000000000,0.00000000000000,0.01650000000000,3.2530,15257.7331,12.5592,12.5592,0.0000,0.0167,12.5590,0.1790,12.3800,66.6642,15257.7331,NA,NA,NA
dwm.exe,2752,0x0,Other,-1,0,0,Hardware: Legacy Flip,15285.3315,NA,15.03920000000000,12.51050000000000,0.00000000000000,0.02800000000000,0.7243,15270.2923,15.0392,15.0392,0.0000,0.0165,15.0507,0.2124,14.8383,0.0487,15270.2923,NA,NA,NA
dwm.exe,2752,0x0,Other,-1,0,0,Hardware: Legacy Flip,15362.1496,NA,76.81810000000000,79.15800000000000,0.00000000000000,0.01740000000000,3.0642,15285.3315,76.8181,76.8181,0.0000,0.0280,76.8075,0.2447,76.5628,-64.1188,15285.3315,NA,NA,NA
dwm.exe,2752,0x0,Other,-1,0,0,Hardware: Legacy Flip,15369.8917,NA,7.74210000000000,8.33270000000000,0.00000000000000,0.01580000000000,3.6548,15362.1496,7.7421,7.7421,0.0000,0.0174,7.7405,0.1620,7.5785,68.4854,15362.1496,NA,NA,NA
dwm.exe,2752,0x0,Other,-1,0,0,Hardware: Legacy Flip,15378.4813,NA,8.58960000000000,8.31420000000000,0.00000000000000,0.01530000000000,3.3794,15369.8917,8.5896,8.5896,0.0000,0.0158,8.5891,0.1878,8.4013,-0.5721,15369.8917,NA,NA,NA
dwm.exe,2752,0x0,Other,-1,0,0,Hardware: Legacy Flip,15474.4200,NA,95.93870000000000,95.85560000000000,0.00000000000000,0.11640000000000,3.2963,15378.4813,95.9387,95.9387,0.0000,0.0153,96.0398,0.3464,95.6934,-87.2660,15378.4813,NA,NA,NA
